amount,method,bank,hour,day_of_week,prior_retries,is_new_customer,error_code,reason,bucket,retry_success
639,Netbanking,Yes Bank,2,4,0,0,GATEWAY_ERROR,issuer_unavailable,timeout,1
4356,Wallet,Axis Bank,18,4,1,0,BAD_REQUEST_ERROR,insufficient_funds,funds,1
1719,Netbanking,Yes Bank,16,2,3,0,BAD_REQUEST_ERROR,insufficient_funds,funds,0
2731,Card,HDFC Bank,22,5,3,1,BAD_REQUEST_ERROR,invalid_cvv,invalid,1
780,UPI,HDFC Bank,13,4,0,0,BAD_REQUEST_ERROR,invalid_cvv,invalid,0
2031,UPI,Yes Bank,5,4,0,1,BAD_REQUEST_ERROR,user_cancelled,funds,0
1313,Card,Axis Bank,13,0,0,0,BAD_REQUEST_ERROR,insufficient_funds,funds,0
2127,Card,HDFC Bank,13,5,0,0,GATEWAY_ERROR,internal_error,timeout,0
582,UPI,Yes Bank,6,6,1,0,BAD_REQUEST_ERROR,otp_timeout,dropoff,1
2854,UPI,SBI,0,0,1,0,BAD_REQUEST_ERROR,otp_timeout,dropoff,1
2825,Card,ICICI Bank,9,1,1,0,GATEWAY_ERROR,issuer_unavailable,timeout,0
2696,Card,Axis Bank,6,5,1,0,BAD_REQUEST_ERROR,otp_timeout,dropoff,1
1288,Card,Kotak Mahindra,4,5,1,1,GATEWAY_ERROR,issuer_risk_block,risk,0
2281,Card,HDFC Bank,14,0,0,0,BAD_REQUEST_ERROR,otp_timeout,decline,1
7811,Card,ICICI Bank,19,1,2,0,BAD_REQUEST_ERROR,invalid_expiry,invalid,1
654,Netbanking,IDFC First,1,0,0,0,GATEWAY_ERROR,internal_error,timeout,1
801,Card,ICICI Bank,20,3,0,0,BAD_REQUEST_ERROR,insufficient_funds,funds,0
1111,UPI,HDFC Bank,5,4,1,0,BAD_REQUEST_ERROR,otp_timeout,dropoff,1
875,UPI,HDFC Bank,7,5,1,1,BAD_REQUEST_ERROR,otp_timeout,dropoff,1
939,UPI,ICICI Bank,12,0,0,0,GATEWAY_ERROR,issuer_risk_block,risk,0
2406,UPI,IDFC First,0,5,1,0,BAD_REQUEST_ERROR,otp_timeout,dropoff,1
460,UPI,IDFC First,1,5,0,1,GATEWAY_ERROR,issuer_unavailable,timeout,1
1218,Card,Yes Bank,10,1,0,1,GATEWAY_ERROR,issuer_risk_block,risk,0
778,Card,Axis Bank,10,1,1,0,BAD_REQUEST_ERROR,otp_timeout,dropoff,1
1114,UPI,IDFC First,3,3,1,0,BAD_REQUEST_ERROR,invalid_expiry,invalid,1
2157,UPI,Axis Bank,17,0,0,0,BAD_REQUEST_ERROR,invalid_expiry,invalid,0
1001,UPI,Axis Bank,15,0,1,0,BAD_REQUEST_ERROR,user_cancelled,dropoff,1
16498,UPI,IDFC First,2,2,0,0,GATEWAY_ERROR,issuer_risk_block,risk,0
603,Netbanking,ICICI Bank,23,0,0,0,BAD_REQUEST_ERROR,otp_timeout,dropoff,1
3933,UPI,ICICI Bank,3,1,0,1,GATEWAY_ERROR,issuer_risk_block,funds,1
2897,Card,Yes Bank,9,5,0,0,GATEWAY_ERROR,issuer_unavailable,timeout,1
30154,UPI,Kotak Mahindra,13,6,0,0,BAD_REQUEST_ERROR,otp_timeout,dropoff,0
2351,Wallet,Kotak Mahindra,2,5,2,0,BAD_REQUEST_ERROR,user_cancelled,dropoff,0
1349,UPI,Yes Bank,12,2,2,0,BAD_REQUEST_ERROR,insufficient_funds,funds,0
1246,Card,ICICI Bank,10,4,0,0,BAD_REQUEST_ERROR,invalid_cvv,invalid,0
1294,Wallet,Kotak Mahindra,21,5,0,0,BAD_REQUEST_ERROR,otp_timeout,dropoff,0
1344,Card,HDFC Bank,6,1,0,0,BAD_REQUEST_ERROR,invalid_cvv,invalid,0
3830,Card,Kotak Mahindra,2,3,0,0,BAD_REQUEST_ERROR,issuer_general_decline,decline,0
898,Wallet,HDFC Bank,6,5,0,0,GATEWAY_ERROR,issuer_risk_block,risk,0
182,Card,Yes Bank,18,6,0,0,BAD_REQUEST_ERROR,invalid_expiry,invalid,1
7910,Card,Yes Bank,10,6,1,1,BAD_REQUEST_ERROR,insufficient_funds,funds,0
762,UPI,SBI,3,6,2,0,BAD_REQUEST_ERROR,issuer_general_decline,decline,0
794,Netbanking,Kotak Mahindra,11,0,3,0,GATEWAY_ERROR,internal_error,timeout,0
1472,UPI,Axis Bank,14,0,0,0,BAD_REQUEST_ERROR,user_cancelled,dropoff,1
817,UPI,Axis Bank,22,5,0,0,BAD_REQUEST_ERROR,issuer_general_decline,decline,0
3648,Wallet,HDFC Bank,15,0,0,0,BAD_REQUEST_ERROR,insufficient_funds,decline,1
4107,Wallet,Yes Bank,6,4,0,1,BAD_REQUEST_ERROR,insufficient_funds,funds,0
175,UPI,Kotak Mahindra,19,6,1,0,BAD_REQUEST_ERROR,invalid_expiry,invalid,1
1639,Card,Axis Bank,15,0,0,0,GATEWAY_ERROR,issuer_risk_block,risk,0
10104,Card,Axis Bank,1,0,0,0,BAD_REQUEST_ERROR,insufficient_funds,funds,1
1060,Wallet,Kotak Mahindra,11,3,1,0,BAD_REQUEST_ERROR,invalid_expiry,invalid,1
412,Card,ICICI Bank,15,3,0,0,BAD_REQUEST_ERROR,insufficient_funds,funds,1
1937,UPI,HDFC Bank,7,4,1,0,GATEWAY_ERROR,issuer_risk_block,risk,0
227,UPI,IDFC First,0,2,0,1,BAD_REQUEST_ERROR,user_cancelled,dropoff,0
1360,Card,Kotak Mahindra,7,1,0,0,BAD_REQUEST_ERROR,user_cancelled,dropoff,1
7579,Netbanking,HDFC Bank,22,5,0,0,BAD_REQUEST_ERROR,insufficient_funds,funds,0
3335,UPI,IDFC First,20,5,0,1,BAD_REQUEST_ERROR,invalid_cvv,invalid,0
1292,Netbanking,Kotak Mahindra,20,2,0,0,GATEWAY_ERROR,issuer_unavailable,timeout,0
20341,Netbanking,SBI,7,5,1,0,BAD_REQUEST_ERROR,user_cancelled,dropoff,1
2552,UPI,Kotak Mahindra,3,2,3,0,BAD_REQUEST_ERROR,issuer_general_decline,decline,1
7360,UPI,SBI,1,5,0,0,BAD_REQUEST_ERROR,insufficient_funds,funds,0
2842,UPI,ICICI Bank,7,1,1,0,BAD_REQUEST_ERROR,issuer_general_decline,decline,0
2316,Card,SBI,16,5,0,0,BAD_REQUEST_ERROR,invalid_cvv,invalid,0
3154,Netbanking,Kotak Mahindra,20,2,2,0,BAD_REQUEST_ERROR,issuer_general_decline,decline,0
1081,UPI,HDFC Bank,9,6,1,1,BAD_REQUEST_ERROR,invalid_cvv,invalid,1
941,Card,SBI,7,0,0,1,GATEWAY_ERROR,issuer_risk_block,risk,0
6878,Card,IDFC First,18,4,1,0,BAD_REQUEST_ERROR,invalid_expiry,invalid,1
13323,Card,Kotak Mahindra,13,6,3,0,GATEWAY_ERROR,issuer_risk_block,risk,0
1183,UPI,SBI,0,3,0,0,BAD_REQUEST_ERROR,invalid_expiry,invalid,1
1014,UPI,ICICI Bank,13,3,2,0,BAD_REQUEST_ERROR,issuer_general_decline,funds,1
2287,Card,HDFC Bank,15,5,2,0,BAD_REQUEST_ERROR,user_cancelled,dropoff,1
1163,UPI,Kotak Mahindra,22,3,1,1,GATEWAY_ERROR,issuer_unavailable,timeout,1
161,UPI,ICICI Bank,18,5,0,0,BAD_REQUEST_ERROR,otp_timeout,dropoff,0
3227,UPI,ICICI Bank,10,5,1,0,BAD_REQUEST_ERROR,insufficient_funds,funds,1
320,UPI,Kotak Mahindra,11,6,0,1,GATEWAY_ERROR,internal_error,timeout,1
758,Card,HDFC Bank,21,2,0,0,BAD_REQUEST_ERROR,invalid_cvv,invalid,1
328,UPI,IDFC First,21,6,0,0,BAD_REQUEST_ERROR,user_cancelled,dropoff,1
4170,UPI,ICICI Bank,8,6,0,0,BAD_REQUEST_ERROR,insufficient_funds,funds,0
6321,Card,Axis Bank,6,5,2,0,BAD_REQUEST_ERROR,insufficient_funds,funds,1
1182,Card,Kotak Mahindra,22,3,0,0,BAD_REQUEST_ERROR,user_cancelled,dropoff,1
724,Card,HDFC Bank,18,2,0,1,BAD_REQUEST_ERROR,invalid_expiry,invalid,0
3160,UPI,ICICI Bank,5,2,0,1,BAD_REQUEST_ERROR,invalid_cvv,invalid,1
378,Card,Axis Bank,13,5,2,1,BAD_REQUEST_ERROR,otp_timeout,dropoff,0
7794,UPI,Kotak Mahindra,5,6,0,0,BAD_REQUEST_ERROR,insufficient_funds,funds,1
2387,UPI,HDFC Bank,22,1,0,1,BAD_REQUEST_ERROR,otp_timeout,dropoff,1
281,UPI,Kotak Mahindra,6,5,1,1,BAD_REQUEST_ERROR,otp_timeout,dropoff,1
655,Card,IDFC First,21,6,0,0,BAD_REQUEST_ERROR,otp_timeout,dropoff,1
3413,UPI,ICICI Bank,19,0,0,1,BAD_REQUEST_ERROR,otp_timeout,funds,0
10188,UPI,HDFC Bank,21,1,0,1,GATEWAY_ERROR,internal_error,timeout,1
491,UPI,IDFC First,0,3,1,1,BAD_REQUEST_ERROR,invalid_expiry,invalid,0
612,UPI,Yes Bank,1,3,0,0,GATEWAY_ERROR,issuer_risk_block,risk,0
5214,Netbanking,Yes Bank,6,4,1,0,BAD_REQUEST_ERROR,invalid_expiry,invalid,0
1584,Wallet,ICICI Bank,10,6,0,0,BAD_REQUEST_ERROR,invalid_expiry,invalid,1
2468,UPI,ICICI Bank,16,3,3,1,BAD_REQUEST_ERROR,invalid_cvv,invalid,0
280,Netbanking,Kotak Mahindra,9,2,1,0,GATEWAY_ERROR,internal_error,timeout,1
1236,Netbanking,IDFC First,19,3,0,0,BAD_REQUEST_ERROR,invalid_cvv,timeout,1
1646,UPI,Yes Bank,15,2,1,0,BAD_REQUEST_ERROR,insufficient_funds,funds,0
4485,UPI,Axis Bank,8,2,0,1,BAD_REQUEST_ERROR,invalid_cvv,invalid,0
427,Netbanking,ICICI Bank,14,6,0,1,BAD_REQUEST_ERROR,issuer_general_decline,decline,0
2389,Card,ICICI Bank,2,6,1,0,BAD_REQUEST_ERROR,invalid_cvv,invalid,1
1758,Wallet,Yes Bank,2,6,3,0,BAD_REQUEST_ERROR,otp_timeout,invalid,0
148,Netbanking,Yes Bank,14,2,0,1,GATEWAY_ERROR,internal_error,timeout,1
763,UPI,Yes Bank,8,5,1,0,BAD_REQUEST_ERROR,invalid_cvv,invalid,1
1443,UPI,SBI,6,1,0,0,BAD_REQUEST_ERROR,user_cancelled,dropoff,0
5753,Netbanking,Yes Bank,8,3,0,1,BAD_REQUEST_ERROR,insufficient_funds,funds,0
1021,Card,ICICI Bank,11,3,0,0,BAD_REQUEST_ERROR,invalid_cvv,invalid,0
5798,Wallet,ICICI Bank,3,2,0,1,BAD_REQUEST_ERROR,invalid_cvv,decline,0
2953,Card,SBI,23,2,0,1,GATEWAY_ERROR,issuer_unavailable,timeout,1
2840,Wallet,Axis Bank,16,2,0,1,BAD_REQUEST_ERROR,user_cancelled,dropoff,1
9107,Wallet,Yes Bank,12,3,1,1,BAD_REQUEST_ERROR,invalid_expiry,invalid,1
1871,UPI,Axis Bank,18,4,0,0,BAD_REQUEST_ERROR,user_cancelled,dropoff,1
438,Card,Kotak Mahindra,14,6,0,1,BAD_REQUEST_ERROR,otp_timeout,dropoff,1
2517,Card,Axis Bank,6,6,0,0,GATEWAY_ERROR,issuer_risk_block,risk,0
1620,Card,Yes Bank,3,5,0,0,BAD_REQUEST_ERROR,issuer_general_decline,decline,0
3408,UPI,SBI,19,0,1,0,BAD_REQUEST_ERROR,issuer_general_decline,decline,1
1095,Netbanking,ICICI Bank,18,1,1,1,BAD_REQUEST_ERROR,insufficient_funds,funds,0
2480,UPI,Kotak Mahindra,23,3,1,0,BAD_REQUEST_ERROR,otp_timeout,dropoff,1
5929,UPI,SBI,10,4,0,0,GATEWAY_ERROR,issuer_unavailable,timeout,1
3559,UPI,IDFC First,20,3,0,0,GATEWAY_ERROR,internal_error,timeout,0
695,Wallet,IDFC First,0,5,1,0,GATEWAY_ERROR,issuer_risk_block,risk,0
2727,UPI,Kotak Mahindra,11,4,0,1,BAD_REQUEST_ERROR,invalid_expiry,invalid,1
618,Netbanking,HDFC Bank,3,5,0,0,BAD_REQUEST_ERROR,user_cancelled,dropoff,0
2268,Card,ICICI Bank,9,4,2,0,BAD_REQUEST_ERROR,otp_timeout,risk,0
2019,Card,Axis Bank,2,4,0,0,GATEWAY_ERROR,internal_error,timeout,1
2165,Wallet,HDFC Bank,23,0,0,0,BAD_REQUEST_ERROR,insufficient_funds,funds,0
3341,UPI,SBI,16,5,1,0,BAD_REQUEST_ERROR,invalid_cvv,invalid,1
8001,Netbanking,ICICI Bank,11,1,0,0,BAD_REQUEST_ERROR,user_cancelled,dropoff,1
672,UPI,ICICI Bank,0,0,1,1,GATEWAY_ERROR,issuer_risk_block,risk,0
1416,Netbanking,ICICI Bank,19,3,1,1,BAD_REQUEST_ERROR,user_cancelled,dropoff,1
1876,Card,Axis Bank,18,5,0,1,BAD_REQUEST_ERROR,invalid_cvv,invalid,1
2901,UPI,ICICI Bank,4,0,0,0,BAD_REQUEST_ERROR,invalid_cvv,invalid,1
2019,Netbanking,IDFC First,23,6,0,1,BAD_REQUEST_ERROR,insufficient_funds,funds,0
675,Card,SBI,19,2,0,1,BAD_REQUEST_ERROR,insufficient_funds,funds,0
666,Netbanking,HDFC Bank,19,2,0,1,BAD_REQUEST_ERROR,issuer_general_decline,decline,0
812,UPI,SBI,0,0,2,0,BAD_REQUEST_ERROR,invalid_expiry,invalid,0
4951,Wallet,Axis Bank,1,2,1,1,GATEWAY_ERROR,internal_error,timeout,1
481,Card,Axis Bank,4,0,2,1,GATEWAY_ERROR,internal_error,timeout,1
2434,Card,SBI,4,5,2,1,GATEWAY_ERROR,internal_error,timeout,0
547,Netbanking,IDFC First,18,0,0,0,BAD_REQUEST_ERROR,insufficient_funds,funds,0
3163,Netbanking,IDFC First,22,1,3,0,BAD_REQUEST_ERROR,invalid_cvv,invalid,0
818,UPI,SBI,15,2,0,1,BAD_REQUEST_ERROR,insufficient_funds,funds,0
5140,Card,SBI,9,6,2,0,BAD_REQUEST_ERROR,issuer_general_decline,decline,0
2445,Card,Axis Bank,8,2,0,0,BAD_REQUEST_ERROR,user_cancelled,dropoff,0
4006,Card,SBI,18,5,0,0,GATEWAY_ERROR,issuer_risk_block,risk,0
7702,UPI,HDFC Bank,2,6,1,1,GATEWAY_ERROR,issuer_risk_block,risk,0
5964,Netbanking,ICICI Bank,11,1,0,0,BAD_REQUEST_ERROR,issuer_general_decline,decline,0
4122,UPI,Kotak Mahindra,3,3,0,0,BAD_REQUEST_ERROR,invalid_cvv,invalid,0
568,Card,IDFC First,21,4,0,0,BAD_REQUEST_ERROR,issuer_general_decline,decline,0
667,Card,IDFC First,8,0,0,0,BAD_REQUEST_ERROR,user_cancelled,dropoff,1
11341,UPI,IDFC First,12,3,1,1,BAD_REQUEST_ERROR,user_cancelled,dropoff,1
2272,Card,IDFC First,12,6,0,1,BAD_REQUEST_ERROR,invalid_cvv,invalid,0
2368,Netbanking,SBI,23,1,1,0,GATEWAY_ERROR,internal_error,timeout,1
2804,Card,SBI,23,3,0,0,GATEWAY_ERROR,issuer_unavailable,timeout,1
3172,Netbanking,IDFC First,2,1,2,1,GATEWAY_ERROR,issuer_risk_block,risk,0
1402,Card,IDFC First,1,1,0,1,GATEWAY_ERROR,issuer_unavailable,timeout,1
6283,Card,Axis Bank,19,0,2,0,GATEWAY_ERROR,issuer_risk_block,risk,0
2158,Netbanking,ICICI Bank,23,3,0,0,GATEWAY_ERROR,issuer_risk_block,risk,0
6302,UPI,Axis Bank,18,5,2,0,BAD_REQUEST_ERROR,issuer_general_decline,invalid,1
3303,Card,IDFC First,15,6,3,1,BAD_REQUEST_ERROR,otp_timeout,invalid,1
3621,Wallet,ICICI Bank,12,4,0,0,GATEWAY_ERROR,internal_error,timeout,0
7100,UPI,Axis Bank,5,2,2,0,BAD_REQUEST_ERROR,invalid_expiry,invalid,1
7340,Card,ICICI Bank,16,1,0,0,BAD_REQUEST_ERROR,user_cancelled,dropoff,1
758,Card,Axis Bank,12,0,0,0,BAD_REQUEST_ERROR,user_cancelled,dropoff,1
2593,Card,ICICI Bank,5,5,0,0,BAD_REQUEST_ERROR,invalid_cvv,invalid,0
1305,Netbanking,Yes Bank,15,5,0,0,BAD_REQUEST_ERROR,invalid_expiry,invalid,1
2584,Card,IDFC First,23,4,0,0,BAD_REQUEST_ERROR,insufficient_funds,funds,0
433,Card,SBI,3,2,1,0,BAD_REQUEST_ERROR,user_cancelled,dropoff,1
421,UPI,ICICI Bank,4,2,0,0,GATEWAY_ERROR,internal_error,timeout,1
4350,Card,Yes Bank,3,2,0,1,BAD_REQUEST_ERROR,otp_timeout,dropoff,1
599,Netbanking,Kotak Mahindra,17,0,0,0,BAD_REQUEST_ERROR,otp_timeout,dropoff,1
1463,UPI,Yes Bank,5,6,0,1,BAD_REQUEST_ERROR,insufficient_funds,funds,0
245,UPI,Axis Bank,18,0,0,0,BAD_REQUEST_ERROR,issuer_general_decline,decline,0
1430,Wallet,Axis Bank,18,2,0,1,GATEWAY_ERROR,issuer_risk_block,risk,0
2463,Card,Kotak Mahindra,20,6,0,0,BAD_REQUEST_ERROR,invalid_cvv,invalid,0
1392,UPI,HDFC Bank,9,5,1,0,GATEWAY_ERROR,issuer_unavailable,timeout,1
2685,UPI,Yes Bank,1,4,0,0,BAD_REQUEST_ERROR,otp_timeout,dropoff,1
4060,UPI,IDFC First,21,5,1,0,GATEWAY_ERROR,issuer_risk_block,risk,0
2126,Card,IDFC First,10,4,1,0,GATEWAY_ERROR,internal_error,timeout,1
1862,Card,SBI,23,6,0,0,BAD_REQUEST_ERROR,otp_timeout,dropoff,1
357,UPI,ICICI Bank,4,1,0,0,GATEWAY_ERROR,issuer_unavailable,timeout,1
2638,UPI,Kotak Mahindra,9,1,0,0,GATEWAY_ERROR,internal_error,timeout,1
436,UPI,SBI,11,1,1,0,GATEWAY_ERROR,issuer_risk_block,risk,0
1732,UPI,HDFC Bank,22,3,0,0,BAD_REQUEST_ERROR,otp_timeout,dropoff,1
1894,Netbanking,ICICI Bank,5,2,2,0,BAD_REQUEST_ERROR,user_cancelled,dropoff,0
533,Card,Axis Bank,18,4,1,0,GATEWAY_ERROR,issuer_risk_block,risk,0
1474,Card,HDFC Bank,19,1,0,1,GATEWAY_ERROR,internal_error,timeout,1
5822,UPI,Yes Bank,18,6,0,0,BAD_REQUEST_ERROR,issuer_general_decline,decline,1
2666,Wallet,HDFC Bank,17,5,3,0,GATEWAY_ERROR,issuer_risk_block,risk,0
901,UPI,Kotak Mahindra,21,0,1,0,GATEWAY_ERROR,issuer_risk_block,risk,0
1440,UPI,ICICI Bank,14,2,1,1,BAD_REQUEST_ERROR,otp_timeout,dropoff,1
6175,UPI,Axis Bank,8,5,0,0,BAD_REQUEST_ERROR,invalid_expiry,invalid,0
1548,Netbanking,ICICI Bank,17,5,0,0,BAD_REQUEST_ERROR,insufficient_funds,funds,1
2216,Wallet,Axis Bank,17,0,1,0,BAD_REQUEST_ERROR,insufficient_funds,funds,0
5038,Netbanking,Yes Bank,19,0,1,1,BAD_REQUEST_ERROR,invalid_expiry,invalid,0
1065,UPI,SBI,5,0,0,1,BAD_REQUEST_ERROR,user_cancelled,dropoff,1
705,Card,HDFC Bank,18,0,2,0,GATEWAY_ERROR,issuer_unavailable,timeout,1
4512,Card,HDFC Bank,4,2,0,1,BAD_REQUEST_ERROR,invalid_expiry,invalid,1
3537,Netbanking,IDFC First,1,6,0,1,BAD_REQUEST_ERROR,insufficient_funds,funds,0
1026,UPI,SBI,13,1,1,0,BAD_REQUEST_ERROR,issuer_general_decline,decline,0
962,UPI,Yes Bank,10,0,0,1,BAD_REQUEST_ERROR,invalid_expiry,invalid,1
1324,Card,HDFC Bank,18,6,0,0,BAD_REQUEST_ERROR,user_cancelled,dropoff,1
589,Card,HDFC Bank,1,2,0,0,BAD_REQUEST_ERROR,invalid_cvv,invalid,0
367,UPI,SBI,5,1,0,0,BAD_REQUEST_ERROR,invalid_cvv,invalid,1
1303,UPI,HDFC Bank,22,6,1,1,GATEWAY_ERROR,issuer_unavailable,timeout,1
264,Wallet,IDFC First,12,1,2,0,GATEWAY_ERROR,internal_error,timeout,1
2143,Card,Yes Bank,23,0,0,0,BAD_REQUEST_ERROR,issuer_general_decline,decline,1
3444,Netbanking,ICICI Bank,7,6,3,0,GATEWAY_ERROR,issuer_risk_block,risk,0
591,Card,HDFC Bank,13,1,1,0,BAD_REQUEST_ERROR,user_cancelled,dropoff,1
1828,UPI,Axis Bank,20,6,0,0,BAD_REQUEST_ERROR,invalid_cvv,invalid,1
951,Card,IDFC First,6,4,0,0,BAD_REQUEST_ERROR,invalid_cvv,timeout,1
3482,Card,Kotak Mahindra,9,0,1,0,BAD_REQUEST_ERROR,invalid_cvv,decline,0
2288,UPI,Yes Bank,15,0,1,0,GATEWAY_ERROR,internal_error,timeout,1
7520,UPI,Yes Bank,1,0,1,1,BAD_REQUEST_ERROR,issuer_general_decline,decline,0
2207,Netbanking,ICICI Bank,17,0,0,0,BAD_REQUEST_ERROR,user_cancelled,dropoff,1
383,UPI,HDFC Bank,4,0,2,1,GATEWAY_ERROR,issuer_unavailable,timeout,0
566,UPI,IDFC First,18,5,2,0,BAD_REQUEST_ERROR,insufficient_funds,funds,0
5944,Card,Axis Bank,10,4,0,0,GATEWAY_ERROR,issuer_risk_block,decline,0
1711,UPI,Axis Bank,22,6,1,0,BAD_REQUEST_ERROR,invalid_cvv,invalid,0
6591,UPI,IDFC First,22,6,0,0,BAD_REQUEST_ERROR,invalid_expiry,invalid,0
529,Wallet,ICICI Bank,13,1,0,0,GATEWAY_ERROR,internal_error,timeout,1
2310,UPI,Yes Bank,0,5,0,0,BAD_REQUEST_ERROR,issuer_general_decline,decline,0
2130,Card,HDFC Bank,6,0,0,0,GATEWAY_ERROR,internal_error,decline,0
4009,Card,ICICI Bank,6,2,1,0,BAD_REQUEST_ERROR,otp_timeout,dropoff,1
8734,Card,SBI,9,5,0,0,GATEWAY_ERROR,issuer_unavailable,timeout,1
839,Card,Yes Bank,2,0,2,1,BAD_REQUEST_ERROR,insufficient_funds,funds,0
2449,Card,ICICI Bank,22,6,0,0,BAD_REQUEST_ERROR,insufficient_funds,funds,0
5556,UPI,HDFC Bank,10,0,0,0,GATEWAY_ERROR,issuer_risk_block,risk,0
2120,Card,HDFC Bank,2,3,2,0,BAD_REQUEST_ERROR,insufficient_funds,funds,0
476,Card,HDFC Bank,6,2,0,0,BAD_REQUEST_ERROR,user_cancelled,dropoff,1
1215,UPI,Axis Bank,4,5,0,0,BAD_REQUEST_ERROR,insufficient_funds,funds,0
12288,Card,Kotak Mahindra,8,0,1,1,BAD_REQUEST_ERROR,issuer_general_decline,decline,1
531,UPI,IDFC First,5,4,0,0,BAD_REQUEST_ERROR,insufficient_funds,funds,0
606,Wallet,Axis Bank,8,3,0,0,BAD_REQUEST_ERROR,issuer_general_decline,decline,1
3073,UPI,ICICI Bank,0,6,0,1,GATEWAY_ERROR,internal_error,timeout,1
1907,UPI,SBI,8,2,0,1,GATEWAY_ERROR,issuer_risk_block,risk,0
1643,Card,IDFC First,22,2,1,0,BAD_REQUEST_ERROR,user_cancelled,dropoff,1
3962,UPI,Yes Bank,1,6,0,0,GATEWAY_ERROR,internal_error,timeout,1
1366,Netbanking,HDFC Bank,19,4,2,1,GATEWAY_ERROR,internal_error,timeout,1
2205,UPI,Axis Bank,20,2,2,1,BAD_REQUEST_ERROR,invalid_expiry,invalid,1
805,UPI,Axis Bank,8,3,0,0,BAD_REQUEST_ERROR,issuer_general_decline,decline,0
18729,Netbanking,ICICI Bank,11,6,2,1,GATEWAY_ERROR,issuer_risk_block,risk,0
1644,Wallet,Kotak Mahindra,22,0,1,0,BAD_REQUEST_ERROR,otp_timeout,invalid,1
2053,UPI,HDFC Bank,15,2,2,0,BAD_REQUEST_ERROR,invalid_expiry,invalid,0
3559,Card,Axis Bank,3,4,3,0,GATEWAY_ERROR,internal_error,timeout,0
6293,UPI,Kotak Mahindra,22,4,0,0,GATEWAY_ERROR,issuer_unavailable,timeout,1
2527,UPI,Axis Bank,16,4,0,0,GATEWAY_ERROR,issuer_risk_block,risk,1
663,Card,SBI,21,3,0,0,GATEWAY_ERROR,issuer_unavailable,timeout,1
665,UPI,Kotak Mahindra,9,1,0,0,GATEWAY_ERROR,internal_error,timeout,1
1514,UPI,SBI,14,1,0,0,GATEWAY_ERROR,internal_error,timeout,1
3985,Wallet,Yes Bank,11,0,1,1,GATEWAY_ERROR,issuer_risk_block,risk,0
409,Card,IDFC First,14,3,2,0,GATEWAY_ERROR,issuer_unavailable,funds,0
2385,Card,IDFC First,0,1,0,0,GATEWAY_ERROR,internal_error,timeout,0
733,UPI,Yes Bank,4,6,1,0,BAD_REQUEST_ERROR,issuer_general_decline,decline,1
858,UPI,Yes Bank,22,5,2,0,GATEWAY_ERROR,issuer_unavailable,timeout,1
2519,Card,SBI,7,4,2,0,GATEWAY_ERROR,issuer_unavailable,invalid,1
3981,UPI,HDFC Bank,18,5,2,1,BAD_REQUEST_ERROR,user_cancelled,invalid,1
100,UPI,ICICI Bank,2,1,1,0,BAD_REQUEST_ERROR,otp_timeout,dropoff,0
2859,Card,HDFC Bank,5,6,0,0,BAD_REQUEST_ERROR,otp_timeout,dropoff,0
1180,Card,HDFC Bank,1,6,2,1,GATEWAY_ERROR,internal_error,risk,0
1170,Card,ICICI Bank,6,5,0,0,BAD_REQUEST_ERROR,issuer_general_decline,decline,0
7106,Netbanking,HDFC Bank,2,4,1,1,GATEWAY_ERROR,issuer_risk_block,risk,0
6359,UPI,Axis Bank,18,1,0,1,BAD_REQUEST_ERROR,otp_timeout,dropoff,1
733,UPI,Kotak Mahindra,10,1,0,1,BAD_REQUEST_ERROR,invalid_cvv,invalid,1
4204,Card,Yes Bank,8,5,0,1,BAD_REQUEST_ERROR,user_cancelled,dropoff,1
8119,Card,ICICI Bank,14,4,1,0,BAD_REQUEST_ERROR,user_cancelled,dropoff,1
2499,UPI,Axis Bank,12,6,1,0,BAD_REQUEST_ERROR,invalid_cvv,invalid,1
5538,Card,HDFC Bank,3,0,2,1,BAD_REQUEST_ERROR,user_cancelled,dropoff,1
157,UPI,IDFC First,1,4,1,0,GATEWAY_ERROR,internal_error,timeout,1
3583,Wallet,SBI,1,4,1,0,BAD_REQUEST_ERROR,invalid_cvv,invalid,1
2462,Card,ICICI Bank,20,4,0,0,GATEWAY_ERROR,issuer_unavailable,timeout,1
2395,Netbanking,Yes Bank,19,4,0,0,BAD_REQUEST_ERROR,invalid_expiry,invalid,1
1058,UPI,IDFC First,9,4,0,0,GATEWAY_ERROR,issuer_risk_block,risk,0
3348,Netbanking,SBI,0,5,0,0,BAD_REQUEST_ERROR,otp_timeout,funds,0
1015,Card,IDFC First,5,6,0,0,GATEWAY_ERROR,internal_error,timeout,0
676,UPI,ICICI Bank,1,6,2,0,GATEWAY_ERROR,issuer_unavailable,timeout,0
24431,UPI,Kotak Mahindra,16,5,1,1,GATEWAY_ERROR,issuer_risk_block,risk,0
1977,Card,Axis Bank,16,2,0,1,GATEWAY_ERROR,issuer_unavailable,timeout,1
895,UPI,ICICI Bank,8,1,1,0,GATEWAY_ERROR,issuer_unavailable,timeout,1
3242,Netbanking,IDFC First,6,4,1,0,GATEWAY_ERROR,issuer_risk_block,risk,0
2247,UPI,Kotak Mahindra,7,0,0,0,GATEWAY_ERROR,issuer_risk_block,risk,0
1803,Wallet,Axis Bank,10,1,0,1,GATEWAY_ERROR,internal_error,timeout,1
1045,Card,IDFC First,23,0,0,0,BAD_REQUEST_ERROR,issuer_general_decline,funds,0
2588,Card,SBI,9,3,0,0,BAD_REQUEST_ERROR,invalid_expiry,invalid,0
1828,Netbanking,SBI,13,1,1,0,GATEWAY_ERROR,issuer_unavailable,timeout,1
298,UPI,Yes Bank,4,2,0,1,BAD_REQUEST_ERROR,invalid_expiry,invalid,1
2309,Netbanking,Yes Bank,15,6,0,0,GATEWAY_ERROR,issuer_unavailable,timeout,0
2922,UPI,Yes Bank,16,3,1,1,GATEWAY_ERROR,internal_error,timeout,1
2980,UPI,SBI,21,6,0,0,BAD_REQUEST_ERROR,invalid_cvv,invalid,1
7593,Netbanking,IDFC First,21,2,3,1,BAD_REQUEST_ERROR,insufficient_funds,funds,0
2806,UPI,HDFC Bank,6,4,0,0,BAD_REQUEST_ERROR,insufficient_funds,funds,0
799,Card,Kotak Mahindra,5,1,0,0,BAD_REQUEST_ERROR,otp_timeout,dropoff,0
4887,Netbanking,SBI,17,6,1,0,BAD_REQUEST_ERROR,insufficient_funds,funds,0
362,Card,IDFC First,22,1,1,1,BAD_REQUEST_ERROR,insufficient_funds,funds,0
2218,UPI,ICICI Bank,11,3,2,1,BAD_REQUEST_ERROR,user_cancelled,dropoff,0
989,UPI,Axis Bank,11,2,0,0,BAD_REQUEST_ERROR,insufficient_funds,funds,1
913,Netbanking,ICICI Bank,3,0,0,0,BAD_REQUEST_ERROR,invalid_expiry,invalid,1
1978,Wallet,SBI,9,0,3,0,BAD_REQUEST_ERROR,invalid_expiry,invalid,1
1459,Netbanking,Yes Bank,16,4,0,0,BAD_REQUEST_ERROR,insufficient_funds,funds,0
9324,UPI,Axis Bank,15,5,0,1,BAD_REQUEST_ERROR,invalid_cvv,invalid,1
1770,Wallet,SBI,0,2,0,0,GATEWAY_ERROR,issuer_risk_block,risk,0
433,Netbanking,SBI,3,1,2,1,BAD_REQUEST_ERROR,invalid_expiry,invalid,1
1136,Card,Yes Bank,4,0,1,0,BAD_REQUEST_ERROR,user_cancelled,dropoff,1
1448,UPI,Axis Bank,18,1,0,0,BAD_REQUEST_ERROR,invalid_cvv,dropoff,1
644,Netbanking,Yes Bank,9,5,2,0,BAD_REQUEST_ERROR,invalid_cvv,invalid,0
4260,UPI,IDFC First,0,0,2,0,BAD_REQUEST_ERROR,issuer_general_decline,decline,0
1614,Netbanking,ICICI Bank,3,0,1,0,BAD_REQUEST_ERROR,otp_timeout,dropoff,1
5112,UPI,HDFC Bank,2,4,0,1,BAD_REQUEST_ERROR,invalid_cvv,invalid,0
1526,Netbanking,IDFC First,17,0,1,0,BAD_REQUEST_ERROR,invalid_expiry,invalid,0
703,Netbanking,SBI,8,6,0,1,BAD_REQUEST_ERROR,insufficient_funds,funds,0
5768,UPI,SBI,21,1,0,0,BAD_REQUEST_ERROR,invalid_expiry,invalid,1
2026,Card,Axis Bank,6,3,2,1,BAD_REQUEST_ERROR,invalid_cvv,invalid,0
1060,Card,IDFC First,5,1,1,0,GATEWAY_ERROR,issuer_risk_block,risk,0
3218,Card,Yes Bank,22,4,0,0,GATEWAY_ERROR,internal_error,dropoff,1
8139,UPI,SBI,14,6,0,0,BAD_REQUEST_ERROR,insufficient_funds,funds,0
1153,UPI,Axis Bank,18,1,1,0,BAD_REQUEST_ERROR,otp_timeout,dropoff,1
1397,UPI,Axis Bank,2,2,0,0,GATEWAY_ERROR,issuer_risk_block,risk,0
10159,Card,HDFC Bank,0,3,0,1,BAD_REQUEST_ERROR,user_cancelled,dropoff,1
1821,UPI,ICICI Bank,2,2,0,0,BAD_REQUEST_ERROR,otp_timeout,dropoff,0
644,UPI,ICICI Bank,3,6,1,0,BAD_REQUEST_ERROR,invalid_cvv,invalid,0
4771,Card,Axis Bank,10,0,2,1,GATEWAY_ERROR,issuer_risk_block,risk,0
5410,UPI,SBI,22,2,1,1,BAD_REQUEST_ERROR,user_cancelled,dropoff,1
1548,UPI,ICICI Bank,20,6,1,0,BAD_REQUEST_ERROR,invalid_expiry,timeout,1
416,Card,HDFC Bank,9,4,0,0,BAD_REQUEST_ERROR,invalid_expiry,invalid,0
3204,Card,IDFC First,17,2,0,1,BAD_REQUEST_ERROR,issuer_general_decline,timeout,0
787,UPI,Yes Bank,10,0,1,0,GATEWAY_ERROR,issuer_risk_block,risk,0
2083,Wallet,Yes Bank,12,1,0,1,BAD_REQUEST_ERROR,otp_timeout,dropoff,0
932,UPI,Yes Bank,14,0,0,1,BAD_REQUEST_ERROR,user_cancelled,dropoff,1
1056,Card,ICICI Bank,3,1,0,0,BAD_REQUEST_ERROR,otp_timeout,dropoff,0
1806,Card,Yes Bank,6,5,1,1,GATEWAY_ERROR,issuer_risk_block,risk,0
2262,Card,Kotak Mahindra,18,6,0,0,GATEWAY_ERROR,issuer_unavailable,timeout,1
857,Wallet,Yes Bank,2,4,1,1,BAD_REQUEST_ERROR,insufficient_funds,funds,0
853,UPI,SBI,1,5,0,0,BAD_REQUEST_ERROR,insufficient_funds,funds,1
3736,Wallet,ICICI Bank,2,4,0,0,BAD_REQUEST_ERROR,issuer_general_decline,decline,0
3075,UPI,SBI,6,5,1,0,BAD_REQUEST_ERROR,otp_timeout,dropoff,1
365,Wallet,HDFC Bank,16,5,0,1,BAD_REQUEST_ERROR,insufficient_funds,funds,0
2036,Card,SBI,17,1,0,0,BAD_REQUEST_ERROR,invalid_expiry,invalid,0
8478,Card,HDFC Bank,18,4,0,0,GATEWAY_ERROR,issuer_risk_block,risk,0
7213,Card,HDFC Bank,5,1,0,0,BAD_REQUEST_ERROR,invalid_expiry,invalid,0
4102,UPI,Axis Bank,23,0,1,0,BAD_REQUEST_ERROR,insufficient_funds,funds,0
5220,UPI,ICICI Bank,5,1,1,0,BAD_REQUEST_ERROR,insufficient_funds,funds,1
962,Card,Yes Bank,22,2,2,0,GATEWAY_ERROR,internal_error,timeout,1
843,UPI,Kotak Mahindra,6,1,3,1,BAD_REQUEST_ERROR,insufficient_funds,funds,0
3203,UPI,Kotak Mahindra,15,3,2,1,GATEWAY_ERROR,internal_error,timeout,1
6372,Card,ICICI Bank,3,5,0,1,GATEWAY_ERROR,internal_error,timeout,1
7506,UPI,Kotak Mahindra,4,1,0,0,BAD_REQUEST_ERROR,issuer_general_decline,decline,0
923,UPI,ICICI Bank,17,3,2,1,BAD_REQUEST_ERROR,invalid_cvv,invalid,1
2794,Wallet,HDFC Bank,1,1,1,0,BAD_REQUEST_ERROR,issuer_general_decline,decline,1
1791,Card,SBI,8,5,0,1,BAD_REQUEST_ERROR,insufficient_funds,timeout,0
565,Wallet,SBI,22,0,1,0,BAD_REQUEST_ERROR,invalid_cvv,invalid,1
581,Wallet,HDFC Bank,15,4,1,0,BAD_REQUEST_ERROR,invalid_cvv,invalid,0
1684,Card,SBI,14,6,0,0,BAD_REQUEST_ERROR,issuer_general_decline,decline,1
3942,UPI,Yes Bank,13,2,0,1,GATEWAY_ERROR,issuer_risk_block,risk,0
3596,UPI,SBI,13,1,2,0,BAD_REQUEST_ERROR,issuer_general_decline,decline,0
925,UPI,IDFC First,5,0,0,1,BAD_REQUEST_ERROR,invalid_cvv,invalid,0
1496,Card,Kotak Mahindra,6,2,0,1,GATEWAY_ERROR,issuer_risk_block,risk,0
10686,UPI,Yes Bank,18,5,1,1,GATEWAY_ERROR,issuer_unavailable,timeout,1
1389,UPI,HDFC Bank,12,1,0,0,BAD_REQUEST_ERROR,otp_timeout,dropoff,1
752,Wallet,IDFC First,18,2,0,0,BAD_REQUEST_ERROR,invalid_expiry,invalid,0
310,Card,Axis Bank,9,1,0,1,BAD_REQUEST_ERROR,otp_timeout,dropoff,1
3605,UPI,Axis Bank,3,4,0,0,BAD_REQUEST_ERROR,otp_timeout,dropoff,1
555,UPI,Yes Bank,22,6,1,0,GATEWAY_ERROR,issuer_risk_block,risk,0
1331,UPI,Axis Bank,22,0,1,1,GATEWAY_ERROR,internal_error,timeout,1
1700,Card,Kotak Mahindra,0,0,0,0,BAD_REQUEST_ERROR,insufficient_funds,funds,0
7532,Netbanking,Axis Bank,22,3,0,1,BAD_REQUEST_ERROR,otp_timeout,dropoff,1
493,UPI,IDFC First,22,0,0,0,BAD_REQUEST_ERROR,insufficient_funds,timeout,1
5417,UPI,Axis Bank,1,1,0,1,GATEWAY_ERROR,issuer_risk_block,risk,0
2532,Netbanking,Axis Bank,14,1,0,0,BAD_REQUEST_ERROR,issuer_general_decline,decline,0
1248,UPI,HDFC Bank,5,3,0,0,BAD_REQUEST_ERROR,insufficient_funds,funds,0
9062,Netbanking,SBI,3,1,0,0,BAD_REQUEST_ERROR,user_cancelled,dropoff,0
1514,UPI,Axis Bank,2,6,0,0,GATEWAY_ERROR,issuer_unavailable,timeout,1
3899,Card,IDFC First,7,1,1,0,GATEWAY_ERROR,issuer_unavailable,timeout,1
1455,UPI,SBI,10,0,0,0,BAD_REQUEST_ERROR,user_cancelled,dropoff,1
2103,Wallet,Axis Bank,10,2,0,0,GATEWAY_ERROR,issuer_risk_block,risk,0
659,Card,IDFC First,22,3,0,1,GATEWAY_ERROR,issuer_risk_block,risk,1
925,Wallet,Yes Bank,1,5,1,0,BAD_REQUEST_ERROR,user_cancelled,timeout,1
1927,Netbanking,IDFC First,9,3,0,0,BAD_REQUEST_ERROR,invalid_cvv,invalid,1
1412,UPI,Axis Bank,14,1,1,0,BAD_REQUEST_ERROR,invalid_cvv,timeout,1
1433,UPI,SBI,3,2,0,0,BAD_REQUEST_ERROR,insufficient_funds,funds,0
1280,Wallet,Axis Bank,5,5,1,1,BAD_REQUEST_ERROR,invalid_cvv,invalid,0
2242,UPI,HDFC Bank,0,6,2,1,GATEWAY_ERROR,issuer_unavailable,timeout,1
389,Card,Yes Bank,13,4,0,0,BAD_REQUEST_ERROR,user_cancelled,dropoff,0
2266,Netbanking,ICICI Bank,10,3,0,1,GATEWAY_ERROR,issuer_unavailable,timeout,1
1084,UPI,Yes Bank,23,5,0,0,BAD_REQUEST_ERROR,insufficient_funds,funds,0
281,Wallet,ICICI Bank,22,2,0,0,BAD_REQUEST_ERROR,user_cancelled,dropoff,0
9615,UPI,Kotak Mahindra,11,2,0,0,BAD_REQUEST_ERROR,invalid_expiry,invalid,0
598,Netbanking,SBI,9,2,0,0,BAD_REQUEST_ERROR,invalid_expiry,risk,0
30165,Netbanking,Axis Bank,14,4,0,0,GATEWAY_ERROR,issuer_unavailable,timeout,0
2012,Card,IDFC First,20,1,0,0,BAD_REQUEST_ERROR,invalid_cvv,invalid,1
1927,Card,SBI,16,0,0,0,BAD_REQUEST_ERROR,invalid_expiry,invalid,1
3656,Card,Axis Bank,7,5,0,0,GATEWAY_ERROR,issuer_unavailable,timeout,0
2001,UPI,Axis Bank,3,2,0,0,BAD_REQUEST_ERROR,issuer_general_decline,decline,0
4611,UPI,IDFC First,3,3,0,0,BAD_REQUEST_ERROR,invalid_cvv,invalid,0
5641,Card,Axis Bank,1,6,0,0,BAD_REQUEST_ERROR,user_cancelled,dropoff,1
2357,Netbanking,Yes Bank,23,0,0,0,BAD_REQUEST_ERROR,invalid_expiry,invalid,0
4931,UPI,ICICI Bank,1,5,1,0,BAD_REQUEST_ERROR,user_cancelled,dropoff,0
9396,Netbanking,SBI,9,2,1,1,GATEWAY_ERROR,issuer_risk_block,risk,0
2583,Card,IDFC First,16,2,0,0,BAD_REQUEST_ERROR,invalid_cvv,invalid,1
370,UPI,ICICI Bank,6,1,1,1,BAD_REQUEST_ERROR,invalid_cvv,invalid,0
6680,UPI,Kotak Mahindra,20,2,3,0,BAD_REQUEST_ERROR,invalid_expiry,invalid,0
2570,Netbanking,Kotak Mahindra,4,4,1,1,BAD_REQUEST_ERROR,user_cancelled,dropoff,1
860,UPI,SBI,13,5,0,0,BAD_REQUEST_ERROR,issuer_general_decline,decline,1
791,UPI,Yes Bank,16,5,0,0,GATEWAY_ERROR,internal_error,timeout,1
2953,UPI,ICICI Bank,18,2,0,1,GATEWAY_ERROR,issuer_risk_block,risk,1
2539,Netbanking,ICICI Bank,5,4,0,0,GATEWAY_ERROR,internal_error,timeout,1
13798,Card,Kotak Mahindra,17,2,0,0,GATEWAY_ERROR,issuer_unavailable,timeout,1
1240,Card,ICICI Bank,0,1,0,0,BAD_REQUEST_ERROR,otp_timeout,dropoff,1
7771,UPI,IDFC First,16,0,1,1,BAD_REQUEST_ERROR,user_cancelled,dropoff,1
1012,UPI,SBI,0,3,2,1,BAD_REQUEST_ERROR,otp_timeout,dropoff,1
1386,Card,ICICI Bank,19,3,1,0,GATEWAY_ERROR,issuer_unavailable,timeout,1
6166,Card,Yes Bank,9,5,2,0,BAD_REQUEST_ERROR,insufficient_funds,funds,0
6880,Netbanking,Axis Bank,20,6,0,0,GATEWAY_ERROR,internal_error,timeout,0
7503,UPI,Kotak Mahindra,17,6,0,0,BAD_REQUEST_ERROR,invalid_cvv,invalid,1
2560,Card,ICICI Bank,0,0,1,1,BAD_REQUEST_ERROR,invalid_cvv,invalid,1
1527,Card,HDFC Bank,3,5,0,1,BAD_REQUEST_ERROR,insufficient_funds,funds,0
261,UPI,ICICI Bank,9,0,0,1,BAD_REQUEST_ERROR,otp_timeout,dropoff,1
2073,Wallet,Kotak Mahindra,8,6,1,0,BAD_REQUEST_ERROR,otp_timeout,dropoff,1
1659,Wallet,HDFC Bank,15,0,2,0,BAD_REQUEST_ERROR,invalid_expiry,invalid,0
1719,UPI,IDFC First,14,4,0,1,GATEWAY_ERROR,internal_error,funds,0
1368,Netbanking,Kotak Mahindra,9,0,0,1,GATEWAY_ERROR,internal_error,timeout,1
2850,Card,Yes Bank,15,4,1,0,BAD_REQUEST_ERROR,otp_timeout,dropoff,1
3402,UPI,IDFC First,10,0,1,0,GATEWAY_ERROR,issuer_risk_block,risk,0
1109,Card,SBI,13,2,0,0,BAD_REQUEST_ERROR,otp_timeout,dropoff,1
1253,Card,ICICI Bank,6,0,1,1,BAD_REQUEST_ERROR,otp_timeout,dropoff,0
1440,Card,HDFC Bank,14,0,0,0,BAD_REQUEST_ERROR,user_cancelled,dropoff,1
3863,UPI,IDFC First,8,5,1,1,GATEWAY_ERROR,issuer_risk_block,risk,0
1165,Card,Yes Bank,0,6,0,0,BAD_REQUEST_ERROR,user_cancelled,dropoff,1
274,Card,HDFC Bank,8,5,0,1,BAD_REQUEST_ERROR,issuer_general_decline,decline,1
10734,UPI,Yes Bank,10,2,2,0,GATEWAY_ERROR,internal_error,timeout,0
629,Wallet,SBI,6,3,1,0,BAD_REQUEST_ERROR,issuer_general_decline,decline,0
787,UPI,IDFC First,3,3,0,0,GATEWAY_ERROR,internal_error,timeout,1
1183,Netbanking,Axis Bank,21,3,1,0,GATEWAY_ERROR,internal_error,timeout,1
1464,UPI,SBI,12,6,1,0,BAD_REQUEST_ERROR,invalid_cvv,invalid,1
1513,UPI,SBI,13,1,1,1,BAD_REQUEST_ERROR,invalid_cvv,invalid,0
1655,UPI,Kotak Mahindra,11,0,0,0,BAD_REQUEST_ERROR,invalid_cvv,invalid,1
3265,UPI,SBI,14,5,2,1,BAD_REQUEST_ERROR,otp_timeout,dropoff,1
2683,Wallet,Kotak Mahindra,22,5,0,0,GATEWAY_ERROR,internal_error,timeout,1
2477,UPI,Axis Bank,3,0,0,1,BAD_REQUEST_ERROR,issuer_general_decline,decline,0
2488,Wallet,Kotak Mahindra,3,6,0,1,BAD_REQUEST_ERROR,issuer_general_decline,decline,1
677,Card,SBI,2,4,1,1,BAD_REQUEST_ERROR,invalid_cvv,invalid,1
365,Wallet,Axis Bank,23,6,0,1,BAD_REQUEST_ERROR,user_cancelled,dropoff,1
358,Card,Yes Bank,8,0,1,0,GATEWAY_ERROR,issuer_risk_block,risk,0
482,Card,Yes Bank,3,2,1,1,GATEWAY_ERROR,internal_error,timeout,1
600,Card,Kotak Mahindra,6,5,0,0,GATEWAY_ERROR,internal_error,timeout,1
3847,Netbanking,ICICI Bank,22,3,1,0,BAD_REQUEST_ERROR,invalid_cvv,invalid,1
2028,Card,Yes Bank,2,0,0,0,BAD_REQUEST_ERROR,invalid_expiry,invalid,1
1710,UPI,Kotak Mahindra,22,5,0,1,BAD_REQUEST_ERROR,user_cancelled,dropoff,1
845,Card,ICICI Bank,13,3,1,0,BAD_REQUEST_ERROR,invalid_cvv,invalid,1
809,Wallet,Yes Bank,16,5,1,1,BAD_REQUEST_ERROR,invalid_cvv,invalid,0
926,UPI,Yes Bank,9,2,0,1,GATEWAY_ERROR,internal_error,decline,0
807,Card,Kotak Mahindra,4,2,0,0,BAD_REQUEST_ERROR,user_cancelled,dropoff,0
906,UPI,Axis Bank,16,1,0,0,BAD_REQUEST_ERROR,otp_timeout,dropoff,1
2376,Card,SBI,8,4,2,1,GATEWAY_ERROR,internal_error,timeout,1
2336,Card,IDFC First,1,5,2,0,BAD_REQUEST_ERROR,otp_timeout,dropoff,0
2198,UPI,Axis Bank,20,4,2,1,BAD_REQUEST_ERROR,invalid_expiry,invalid,0
2200,Wallet,IDFC First,14,1,0,0,BAD_REQUEST_ERROR,invalid_expiry,invalid,0
903,Card,Kotak Mahindra,3,3,0,0,BAD_REQUEST_ERROR,insufficient_funds,funds,0
1026,UPI,SBI,1,2,0,1,BAD_REQUEST_ERROR,invalid_expiry,timeout,1
4297,Card,Yes Bank,13,0,2,1,BAD_REQUEST_ERROR,issuer_general_decline,decline,0
2738,Netbanking,SBI,9,1,0,1,GATEWAY_ERROR,issuer_unavailable,timeout,1
536,Card,SBI,23,1,1,0,BAD_REQUEST_ERROR,invalid_expiry,invalid,0
1248,Card,Yes Bank,3,6,0,0,BAD_REQUEST_ERROR,otp_timeout,dropoff,1
841,Card,ICICI Bank,1,2,1,0,BAD_REQUEST_ERROR,issuer_general_decline,decline,1
2145,UPI,IDFC First,2,4,1,1,BAD_REQUEST_ERROR,issuer_general_decline,decline,0
3161,UPI,Axis Bank,10,5,1,0,GATEWAY_ERROR,internal_error,timeout,1
868,Card,SBI,1,1,1,1,GATEWAY_ERROR,internal_error,risk,0
680,Card,ICICI Bank,21,1,1,1,BAD_REQUEST_ERROR,insufficient_funds,funds,0
659,UPI,Yes Bank,11,2,2,0,BAD_REQUEST_ERROR,user_cancelled,dropoff,0
1986,Card,Axis Bank,10,1,2,1,GATEWAY_ERROR,internal_error,timeout,1
1033,Card,ICICI Bank,0,5,0,1,BAD_REQUEST_ERROR,otp_timeout,dropoff,1
1442,UPI,IDFC First,12,5,1,0,BAD_REQUEST_ERROR,invalid_expiry,invalid,0
857,Netbanking,Yes Bank,2,1,0,0,GATEWAY_ERROR,issuer_unavailable,timeout,1
438,Card,HDFC Bank,18,0,2,1,GATEWAY_ERROR,issuer_risk_block,risk,0
4113,UPI,Kotak Mahindra,4,0,1,0,GATEWAY_ERROR,issuer_risk_block,risk,0
805,Card,Axis Bank,6,4,3,0,GATEWAY_ERROR,issuer_risk_block,dropoff,1
1282,Card,HDFC Bank,12,6,0,0,GATEWAY_ERROR,internal_error,funds,0
10088,UPI,Yes Bank,14,5,1,0,BAD_REQUEST_ERROR,insufficient_funds,funds,1
12709,Netbanking,ICICI Bank,22,6,2,1,GATEWAY_ERROR,internal_error,timeout,1
2217,UPI,Yes Bank,12,4,0,1,GATEWAY_ERROR,issuer_unavailable,timeout,1
852,Netbanking,Axis Bank,21,5,2,1,BAD_REQUEST_ERROR,insufficient_funds,decline,1
288,Wallet,IDFC First,12,2,0,0,BAD_REQUEST_ERROR,invalid_cvv,invalid,0
1133,Card,IDFC First,18,4,0,0,GATEWAY_ERROR,issuer_risk_block,risk,0
612,UPI,ICICI Bank,10,5,0,0,GATEWAY_ERROR,issuer_unavailable,risk,0
7394,Netbanking,Axis Bank,21,3,0,0,BAD_REQUEST_ERROR,invalid_cvv,invalid,0
2734,Card,HDFC Bank,8,3,0,0,BAD_REQUEST_ERROR,otp_timeout,dropoff,0
9677,UPI,Kotak Mahindra,6,5,1,0,BAD_REQUEST_ERROR,user_cancelled,dropoff,1
14642,UPI,Kotak Mahindra,17,1,0,0,BAD_REQUEST_ERROR,invalid_cvv,invalid,1
1715,UPI,Kotak Mahindra,4,3,0,0,GATEWAY_ERROR,internal_error,timeout,1
711,UPI,IDFC First,7,5,2,0,BAD_REQUEST_ERROR,invalid_expiry,invalid,0
5021,UPI,SBI,7,3,0,0,GATEWAY_ERROR,issuer_risk_block,risk,0
1667,Card,ICICI Bank,13,5,2,0,GATEWAY_ERROR,issuer_unavailable,timeout,1
573,UPI,Kotak Mahindra,14,2,1,0,GATEWAY_ERROR,issuer_unavailable,timeout,0
2572,UPI,Kotak Mahindra,3,2,3,1,GATEWAY_ERROR,issuer_unavailable,timeout,1
3774,Card,HDFC Bank,15,2,0,0,BAD_REQUEST_ERROR,invalid_expiry,invalid,0
1127,UPI,SBI,20,4,1,1,BAD_REQUEST_ERROR,invalid_cvv,invalid,0
3330,Wallet,Yes Bank,2,0,0,0,BAD_REQUEST_ERROR,otp_timeout,dropoff,0
1931,Card,Yes Bank,14,5,0,0,BAD_REQUEST_ERROR,otp_timeout,dropoff,0
6438,Card,Yes Bank,12,6,0,1,BAD_REQUEST_ERROR,invalid_cvv,invalid,1
1533,UPI,Yes Bank,2,3,1,0,BAD_REQUEST_ERROR,insufficient_funds,funds,0
901,UPI,IDFC First,13,4,0,0,BAD_REQUEST_ERROR,user_cancelled,dropoff,1
3068,Netbanking,Kotak Mahindra,3,0,0,1,BAD_REQUEST_ERROR,issuer_general_decline,decline,0
2522,Wallet,ICICI Bank,6,0,0,1,BAD_REQUEST_ERROR,user_cancelled,dropoff,0
1820,Card,IDFC First,18,3,0,0,BAD_REQUEST_ERROR,issuer_general_decline,decline,1
1016,UPI,Axis Bank,15,6,0,0,BAD_REQUEST_ERROR,issuer_general_decline,decline,0
1319,UPI,Axis Bank,20,5,1,1,BAD_REQUEST_ERROR,issuer_general_decline,decline,0
2339,Netbanking,Yes Bank,23,4,1,0,GATEWAY_ERROR,internal_error,timeout,0
952,Card,IDFC First,17,0,0,0,BAD_REQUEST_ERROR,issuer_general_decline,decline,0
2498,Card,SBI,22,4,1,0,GATEWAY_ERROR,internal_error,timeout,1
4011,Wallet,ICICI Bank,20,3,1,0,GATEWAY_ERROR,issuer_risk_block,risk,0
6452,Card,Kotak Mahindra,12,1,2,0,BAD_REQUEST_ERROR,otp_timeout,dropoff,0
3965,UPI,Axis Bank,4,1,0,0,GATEWAY_ERROR,internal_error,timeout,1
894,UPI,HDFC Bank,16,1,0,1,BAD_REQUEST_ERROR,otp_timeout,dropoff,1
597,Wallet,ICICI Bank,4,1,0,0,BAD_REQUEST_ERROR,user_cancelled,dropoff,1
1334,Netbanking,HDFC Bank,9,6,0,0,BAD_REQUEST_ERROR,issuer_general_decline,decline,0
9169,Card,Axis Bank,2,2,1,1,BAD_REQUEST_ERROR,user_cancelled,dropoff,1
2486,UPI,SBI,0,4,0,1,BAD_REQUEST_ERROR,invalid_cvv,invalid,0
2824,Netbanking,IDFC First,8,5,3,1,BAD_REQUEST_ERROR,issuer_general_decline,decline,0
736,UPI,Yes Bank,10,5,2,0,BAD_REQUEST_ERROR,issuer_general_decline,decline,0
2885,Wallet,Axis Bank,23,3,0,0,BAD_REQUEST_ERROR,otp_timeout,dropoff,1
1349,UPI,SBI,11,5,0,0,BAD_REQUEST_ERROR,invalid_cvv,invalid,1
3799,Card,SBI,8,1,0,0,BAD_REQUEST_ERROR,insufficient_funds,funds,1
1173,UPI,SBI,1,4,0,1,BAD_REQUEST_ERROR,issuer_general_decline,decline,1
27758,Card,IDFC First,4,0,0,0,BAD_REQUEST_ERROR,insufficient_funds,funds,0
3972,UPI,SBI,12,3,1,0,BAD_REQUEST_ERROR,user_cancelled,dropoff,1
100,Wallet,SBI,5,3,0,0,GATEWAY_ERROR,issuer_unavailable,risk,0
784,Card,ICICI Bank,10,4,1,0,GATEWAY_ERROR,issuer_risk_block,risk,0
2091,UPI,HDFC Bank,10,6,0,0,BAD_REQUEST_ERROR,otp_timeout,dropoff,1
902,Wallet,IDFC First,21,1,3,0,GATEWAY_ERROR,issuer_unavailable,timeout,0
3159,UPI,Yes Bank,6,6,0,1,BAD_REQUEST_ERROR,invalid_expiry,invalid,0
1999,Card,ICICI Bank,5,3,0,0,GATEWAY_ERROR,issuer_risk_block,risk,0
5470,Card,ICICI Bank,12,1,0,0,GATEWAY_ERROR,issuer_unavailable,timeout,1
1822,Card,IDFC First,13,2,0,0,BAD_REQUEST_ERROR,issuer_general_decline,decline,0
806,UPI,Yes Bank,18,5,1,1,BAD_REQUEST_ERROR,issuer_general_decline,decline,1
1263,UPI,SBI,0,5,0,0,GATEWAY_ERROR,issuer_risk_block,risk,0
1310,UPI,Kotak Mahindra,3,0,0,0,GATEWAY_ERROR,internal_error,timeout,0
1801,UPI,HDFC Bank,22,3,1,1,BAD_REQUEST_ERROR,invalid_expiry,invalid,0
1498,Netbanking,IDFC First,15,6,0,1,BAD_REQUEST_ERROR,invalid_cvv,invalid,1
432,Card,ICICI Bank,14,4,1,1,GATEWAY_ERROR,internal_error,timeout,1
2443,Card,Yes Bank,14,2,2,0,BAD_REQUEST_ERROR,invalid_cvv,invalid,1
127,UPI,Axis Bank,10,3,1,0,BAD_REQUEST_ERROR,user_cancelled,dropoff,0
1276,Card,Kotak Mahindra,6,6,2,0,BAD_REQUEST_ERROR,otp_timeout,dropoff,1
3226,UPI,Yes Bank,2,1,0,0,GATEWAY_ERROR,internal_error,timeout,1
2838,Wallet,HDFC Bank,9,6,0,1,BAD_REQUEST_ERROR,invalid_cvv,invalid,1
478,Card,SBI,17,2,1,0,BAD_REQUEST_ERROR,user_cancelled,dropoff,0
2153,UPI,IDFC First,17,6,0,0,BAD_REQUEST_ERROR,otp_timeout,decline,0
3858,Card,Axis Bank,11,5,1,0,GATEWAY_ERROR,issuer_risk_block,risk,0
803,UPI,IDFC First,10,6,0,0,BAD_REQUEST_ERROR,insufficient_funds,funds,1
389,UPI,Axis Bank,8,0,0,1,GATEWAY_ERROR,issuer_unavailable,decline,1
1478,Netbanking,IDFC First,13,2,0,1,BAD_REQUEST_ERROR,invalid_expiry,invalid,0
366,UPI,Yes Bank,3,1,0,0,BAD_REQUEST_ERROR,user_cancelled,dropoff,1
1989,Netbanking,ICICI Bank,16,3,1,1,BAD_REQUEST_ERROR,otp_timeout,dropoff,1
3050,UPI,Axis Bank,15,1,0,1,BAD_REQUEST_ERROR,user_cancelled,dropoff,1
8890,UPI,ICICI Bank,5,4,0,0,BAD_REQUEST_ERROR,issuer_general_decline,decline,0
3343,Card,IDFC First,10,4,2,0,BAD_REQUEST_ERROR,invalid_cvv,invalid,0
6251,UPI,Yes Bank,14,3,0,0,GATEWAY_ERROR,issuer_risk_block,timeout,1
2002,UPI,ICICI Bank,13,6,1,1,BAD_REQUEST_ERROR,otp_timeout,dropoff,1
439,UPI,ICICI Bank,19,5,0,0,BAD_REQUEST_ERROR,user_cancelled,dropoff,1
3091,UPI,HDFC Bank,1,3,0,0,BAD_REQUEST_ERROR,issuer_general_decline,decline,1
1387,Wallet,ICICI Bank,12,6,0,1,GATEWAY_ERROR,internal_error,timeout,1
788,Card,Kotak Mahindra,23,4,0,1,BAD_REQUEST_ERROR,invalid_expiry,invalid,1
931,UPI,SBI,1,6,0,0,BAD_REQUEST_ERROR,otp_timeout,dropoff,1
2539,Netbanking,Yes Bank,8,3,3,0,GATEWAY_ERROR,issuer_risk_block,risk,0
5578,Card,Yes Bank,7,4,1,0,BAD_REQUEST_ERROR,user_cancelled,dropoff,1
2381,Netbanking,SBI,4,2,1,0,GATEWAY_ERROR,issuer_unavailable,timeout,1
1282,UPI,SBI,12,4,0,0,BAD_REQUEST_ERROR,invalid_expiry,invalid,1
368,UPI,Yes Bank,22,3,0,1,BAD_REQUEST_ERROR,invalid_expiry,invalid,0
1806,UPI,ICICI Bank,0,5,2,0,GATEWAY_ERROR,issuer_risk_block,risk,0
1211,Netbanking,HDFC Bank,21,5,2,1,BAD_REQUEST_ERROR,otp_timeout,dropoff,1
4107,UPI,SBI,0,2,1,0,BAD_REQUEST_ERROR,invalid_cvv,invalid,0
1818,UPI,Kotak Mahindra,15,2,0,0,BAD_REQUEST_ERROR,otp_timeout,dropoff,0
1802,Netbanking,IDFC First,1,5,0,1,BAD_REQUEST_ERROR,issuer_general_decline,dropoff,1
1944,UPI,Kotak Mahindra,5,4,0,0,BAD_REQUEST_ERROR,invalid_cvv,funds,0
4406,Card,Yes Bank,2,1,2,0,BAD_REQUEST_ERROR,invalid_cvv,invalid,0
2739,UPI,Kotak Mahindra,4,5,0,1,BAD_REQUEST_ERROR,issuer_general_decline,dropoff,0
681,Card,HDFC Bank,20,1,3,0,GATEWAY_ERROR,internal_error,timeout,1
1404,UPI,HDFC Bank,11,0,1,1,BAD_REQUEST_ERROR,invalid_expiry,invalid,1
1875,UPI,HDFC Bank,2,1,1,0,GATEWAY_ERROR,issuer_risk_block,risk,0
4005,UPI,Kotak Mahindra,16,3,1,1,BAD_REQUEST_ERROR,invalid_expiry,invalid,1
1302,Card,Axis Bank,10,1,0,0,GATEWAY_ERROR,issuer_risk_block,risk,0
1829,Netbanking,Yes Bank,23,4,0,0,GATEWAY_ERROR,issuer_unavailable,timeout,1
1507,UPI,ICICI Bank,6,0,0,0,BAD_REQUEST_ERROR,user_cancelled,dropoff,0
490,Netbanking,IDFC First,9,2,1,0,BAD_REQUEST_ERROR,invalid_expiry,invalid,0
968,Wallet,IDFC First,4,2,0,1,BAD_REQUEST_ERROR,issuer_general_decline,decline,0
602,Card,Kotak Mahindra,13,6,1,0,BAD_REQUEST_ERROR,invalid_cvv,invalid,1
14997,Card,ICICI Bank,1,4,1,1,BAD_REQUEST_ERROR,otp_timeout,invalid,1
2273,Card,IDFC First,6,6,1,1,BAD_REQUEST_ERROR,invalid_expiry,invalid,0
3197,UPI,Axis Bank,2,5,2,1,BAD_REQUEST_ERROR,user_cancelled,dropoff,1
709,Card,ICICI Bank,8,4,1,1,BAD_REQUEST_ERROR,invalid_expiry,invalid,0
3790,Card,ICICI Bank,19,1,0,1,BAD_REQUEST_ERROR,issuer_general_decline,decline,1
4562,Card,Yes Bank,17,0,0,0,BAD_REQUEST_ERROR,otp_timeout,dropoff,0
1323,Wallet,Kotak Mahindra,14,2,0,0,BAD_REQUEST_ERROR,invalid_expiry,invalid,1
865,Netbanking,SBI,22,1,1,0,BAD_REQUEST_ERROR,user_cancelled,dropoff,0
1435,Card,HDFC Bank,15,3,0,0,BAD_REQUEST_ERROR,user_cancelled,dropoff,1
515,Netbanking,IDFC First,4,1,1,1,BAD_REQUEST_ERROR,issuer_general_decline,decline,0
675,UPI,Yes Bank,23,0,0,0,BAD_REQUEST_ERROR,otp_timeout,dropoff,1
3262,Card,ICICI Bank,4,4,0,0,BAD_REQUEST_ERROR,invalid_cvv,invalid,1
668,Netbanking,IDFC First,6,0,0,1,BAD_REQUEST_ERROR,user_cancelled,dropoff,1
736,UPI,HDFC Bank,8,6,0,0,BAD_REQUEST_ERROR,issuer_general_decline,invalid,0
804,Wallet,IDFC First,3,4,0,0,GATEWAY_ERROR,issuer_risk_block,risk,0
676,UPI,HDFC Bank,1,6,0,1,BAD_REQUEST_ERROR,otp_timeout,dropoff,0
2329,Netbanking,IDFC First,9,2,0,0,BAD_REQUEST_ERROR,otp_timeout,timeout,1
3061,Card,ICICI Bank,4,0,0,1,BAD_REQUEST_ERROR,invalid_expiry,invalid,1
4413,UPI,SBI,19,1,0,0,BAD_REQUEST_ERROR,invalid_expiry,invalid,1
552,UPI,IDFC First,16,0,0,0,BAD_REQUEST_ERROR,insufficient_funds,funds,1
4307,UPI,HDFC Bank,21,1,2,1,GATEWAY_ERROR,internal_error,timeout,1
2420,UPI,Yes Bank,7,3,0,0,GATEWAY_ERROR,issuer_risk_block,risk,0
968,Card,Kotak Mahindra,2,3,2,0,BAD_REQUEST_ERROR,insufficient_funds,funds,0
6155,UPI,Kotak Mahindra,12,0,0,1,BAD_REQUEST_ERROR,invalid_expiry,invalid,1
1383,Card,Kotak Mahindra,10,2,0,0,BAD_REQUEST_ERROR,invalid_cvv,invalid,1
5858,UPI,Axis Bank,20,5,0,0,BAD_REQUEST_ERROR,otp_timeout,dropoff,1
370,UPI,HDFC Bank,23,4,1,0,BAD_REQUEST_ERROR,invalid_cvv,invalid,0
349,Card,HDFC Bank,10,6,0,0,BAD_REQUEST_ERROR,invalid_cvv,invalid,0
3697,UPI,SBI,16,2,2,0,BAD_REQUEST_ERROR,otp_timeout,dropoff,0
5008,Card,IDFC First,3,5,2,1,GATEWAY_ERROR,internal_error,dropoff,0
1714,Wallet,SBI,14,4,2,0,BAD_REQUEST_ERROR,insufficient_funds,funds,0
10485,Wallet,Yes Bank,4,3,0,0,GATEWAY_ERROR,issuer_risk_block,risk,0
1538,Card,Kotak Mahindra,5,4,2,0,BAD_REQUEST_ERROR,otp_timeout,dropoff,1
1343,Wallet,HDFC Bank,12,3,1,1,BAD_REQUEST_ERROR,user_cancelled,dropoff,0
674,UPI,HDFC Bank,22,4,1,1,BAD_REQUEST_ERROR,invalid_expiry,invalid,0
674,UPI,HDFC Bank,13,4,1,1,GATEWAY_ERROR,issuer_risk_block,risk,0
3261,Card,HDFC Bank,17,1,0,1,GATEWAY_ERROR,issuer_unavailable,timeout,1
1081,Card,Kotak Mahindra,4,2,1,0,GATEWAY_ERROR,issuer_unavailable,timeout,1
1207,Netbanking,Axis Bank,3,3,1,0,GATEWAY_ERROR,issuer_risk_block,risk,0
1540,Card,Yes Bank,17,2,0,0,BAD_REQUEST_ERROR,insufficient_funds,funds,0
2135,Card,ICICI Bank,16,5,1,0,GATEWAY_ERROR,issuer_risk_block,risk,0
3302,Card,IDFC First,6,5,0,0,BAD_REQUEST_ERROR,invalid_expiry,invalid,0
1543,UPI,SBI,15,1,1,0,BAD_REQUEST_ERROR,insufficient_funds,funds,0
9180,UPI,Yes Bank,14,6,2,1,BAD_REQUEST_ERROR,invalid_cvv,invalid,1
2199,UPI,Yes Bank,19,6,2,1,GATEWAY_ERROR,issuer_risk_block,risk,0
776,UPI,IDFC First,9,1,1,0,BAD_REQUEST_ERROR,otp_timeout,dropoff,0
3956,Netbanking,HDFC Bank,23,5,2,0,BAD_REQUEST_ERROR,otp_timeout,dropoff,1
1497,Card,ICICI Bank,18,6,0,0,GATEWAY_ERROR,internal_error,timeout,0
512,Card,SBI,20,5,2,0,GATEWAY_ERROR,internal_error,timeout,0
3908,UPI,Yes Bank,9,2,1,1,GATEWAY_ERROR,internal_error,timeout,1
334,UPI,Kotak Mahindra,1,1,1,0,BAD_REQUEST_ERROR,issuer_general_decline,decline,0
245,UPI,Yes Bank,17,5,2,1,GATEWAY_ERROR,issuer_risk_block,risk,1
3244,Card,SBI,17,6,3,0,BAD_REQUEST_ERROR,insufficient_funds,funds,0
367,Netbanking,IDFC First,19,5,0,0,GATEWAY_ERROR,issuer_unavailable,timeout,1
1296,Card,Kotak Mahindra,12,4,1,0,BAD_REQUEST_ERROR,insufficient_funds,funds,0
2483,Card,SBI,17,6,2,1,GATEWAY_ERROR,issuer_risk_block,risk,0
1087,Card,Axis Bank,12,4,0,1,BAD_REQUEST_ERROR,issuer_general_decline,decline,0
669,Card,HDFC Bank,4,3,0,0,BAD_REQUEST_ERROR,insufficient_funds,funds,0
7610,UPI,Yes Bank,7,2,0,1,BAD_REQUEST_ERROR,user_cancelled,dropoff,1
3290,UPI,IDFC First,7,4,1,0,BAD_REQUEST_ERROR,invalid_expiry,invalid,1
100,Netbanking,Kotak Mahindra,23,5,0,1,BAD_REQUEST_ERROR,otp_timeout,risk,0
4012,UPI,Axis Bank,11,4,0,0,BAD_REQUEST_ERROR,invalid_expiry,invalid,1
209,UPI,Yes Bank,5,1,1,1,BAD_REQUEST_ERROR,user_cancelled,dropoff,1
5622,UPI,Axis Bank,0,4,0,1,GATEWAY_ERROR,internal_error,timeout,0
866,UPI,Axis Bank,11,1,2,1,BAD_REQUEST_ERROR,user_cancelled,dropoff,1
1497,Netbanking,Yes Bank,7,0,2,0,BAD_REQUEST_ERROR,invalid_cvv,dropoff,1
1110,Card,ICICI Bank,21,3,1,1,BAD_REQUEST_ERROR,insufficient_funds,funds,1
2483,UPI,Kotak Mahindra,6,3,1,0,BAD_REQUEST_ERROR,invalid_expiry,invalid,1
1709,Card,Yes Bank,7,2,0,0,BAD_REQUEST_ERROR,invalid_expiry,invalid,1
5568,UPI,Yes Bank,7,4,0,0,BAD_REQUEST_ERROR,invalid_expiry,invalid,0
448,Card,Kotak Mahindra,14,5,1,1,BAD_REQUEST_ERROR,otp_timeout,dropoff,0
11994,Card,IDFC First,8,1,0,1,GATEWAY_ERROR,internal_error,timeout,1
2544,Card,SBI,7,6,0,0,BAD_REQUEST_ERROR,invalid_cvv,invalid,1
1222,UPI,SBI,14,4,0,1,GATEWAY_ERROR,issuer_unavailable,timeout,0
836,Netbanking,SBI,8,5,1,0,BAD_REQUEST_ERROR,insufficient_funds,funds,0
4732,UPI,Axis Bank,1,2,3,0,GATEWAY_ERROR,internal_error,timeout,0
1373,Card,HDFC Bank,9,5,1,0,BAD_REQUEST_ERROR,user_cancelled,dropoff,1
1133,UPI,Axis Bank,1,1,1,0,BAD_REQUEST_ERROR,invalid_expiry,invalid,0
20906,UPI,ICICI Bank,15,3,0,1,BAD_REQUEST_ERROR,invalid_cvv,invalid,0
5608,Netbanking,Yes Bank,3,4,2,0,GATEWAY_ERROR,internal_error,timeout,0
1429,UPI,HDFC Bank,10,1,0,0,BAD_REQUEST_ERROR,insufficient_funds,funds,0
9642,Card,SBI,10,5,1,0,GATEWAY_ERROR,internal_error,timeout,1
10077,UPI,Axis Bank,12,5,0,0,GATEWAY_ERROR,issuer_unavailable,timeout,1
1550,Card,ICICI Bank,19,0,1,0,BAD_REQUEST_ERROR,user_cancelled,dropoff,1
27188,Card,Yes Bank,5,0,0,0,BAD_REQUEST_ERROR,insufficient_funds,dropoff,1
1416,Card,Yes Bank,15,2,0,0,GATEWAY_ERROR,issuer_unavailable,timeout,1
410,Netbanking,HDFC Bank,12,3,0,1,BAD_REQUEST_ERROR,invalid_expiry,invalid,1
186,Wallet,Kotak Mahindra,17,2,0,0,GATEWAY_ERROR,issuer_unavailable,timeout,1
424,Netbanking,ICICI Bank,17,3,3,0,BAD_REQUEST_ERROR,issuer_general_decline,decline,0
1660,UPI,HDFC Bank,4,6,0,0,BAD_REQUEST_ERROR,invalid_expiry,invalid,0
1218,UPI,HDFC Bank,3,4,0,1,BAD_REQUEST_ERROR,invalid_cvv,invalid,0
3191,Card,HDFC Bank,7,5,0,1,GATEWAY_ERROR,issuer_unavailable,timeout,1
688,UPI,ICICI Bank,18,1,0,0,BAD_REQUEST_ERROR,insufficient_funds,funds,0
3316,Card,SBI,18,5,1,0,BAD_REQUEST_ERROR,issuer_general_decline,decline,1
3879,UPI,Axis Bank,7,6,1,0,BAD_REQUEST_ERROR,invalid_cvv,invalid,0
327,Card,Kotak Mahindra,23,2,1,0,BAD_REQUEST_ERROR,insufficient_funds,funds,0
199,Card,SBI,14,2,0,0,BAD_REQUEST_ERROR,insufficient_funds,risk,0
806,Card,HDFC Bank,17,0,1,0,BAD_REQUEST_ERROR,invalid_cvv,invalid,1
1060,UPI,HDFC Bank,9,3,0,0,BAD_REQUEST_ERROR,otp_timeout,dropoff,1
3364,UPI,SBI,3,5,0,1,BAD_REQUEST_ERROR,insufficient_funds,funds,1
1978,Card,Yes Bank,21,1,0,0,BAD_REQUEST_ERROR,invalid_cvv,invalid,1
477,Card,Axis Bank,1,1,0,1,BAD_REQUEST_ERROR,user_cancelled,dropoff,1
802,Card,Axis Bank,23,5,0,0,BAD_REQUEST_ERROR,invalid_cvv,decline,0
910,Card,HDFC Bank,4,2,1,1,BAD_REQUEST_ERROR,user_cancelled,dropoff,0
4907,UPI,ICICI Bank,19,1,0,0,GATEWAY_ERROR,issuer_unavailable,timeout,1
20868,Card,Kotak Mahindra,5,0,0,1,GATEWAY_ERROR,internal_error,timeout,0
486,Netbanking,Axis Bank,0,1,0,1,BAD_REQUEST_ERROR,insufficient_funds,funds,1
423,UPI,Kotak Mahindra,15,1,0,0,GATEWAY_ERROR,issuer_unavailable,timeout,1
415,Card,Yes Bank,12,1,0,0,BAD_REQUEST_ERROR,issuer_general_decline,decline,0
12861,UPI,HDFC Bank,19,2,1,1,GATEWAY_ERROR,issuer_risk_block,risk,0
1340,UPI,SBI,17,5,1,0,BAD_REQUEST_ERROR,insufficient_funds,funds,0
642,Wallet,IDFC First,3,0,0,0,GATEWAY_ERROR,issuer_unavailable,timeout,1
125,UPI,Yes Bank,20,1,1,1,BAD_REQUEST_ERROR,issuer_general_decline,decline,1
838,Card,Axis Bank,11,5,0,0,GATEWAY_ERROR,issuer_unavailable,timeout,1
423,Wallet,HDFC Bank,21,2,0,0,BAD_REQUEST_ERROR,issuer_general_decline,decline,0
3078,Netbanking,Kotak Mahindra,22,0,0,1,BAD_REQUEST_ERROR,invalid_cvv,invalid,0
2072,Card,Axis Bank,8,0,0,1,BAD_REQUEST_ERROR,issuer_general_decline,decline,0
5044,Card,HDFC Bank,16,3,0,0,BAD_REQUEST_ERROR,invalid_expiry,invalid,1
1354,Netbanking,ICICI Bank,6,5,1,0,BAD_REQUEST_ERROR,insufficient_funds,funds,0
1851,UPI,ICICI Bank,3,6,0,1,BAD_REQUEST_ERROR,invalid_cvv,invalid,1
11029,Netbanking,Axis Bank,19,3,1,0,GATEWAY_ERROR,issuer_risk_block,risk,1
1113,UPI,HDFC Bank,17,4,0,0,GATEWAY_ERROR,internal_error,timeout,1
3708,Wallet,Axis Bank,12,6,0,1,GATEWAY_ERROR,issuer_risk_block,risk,0
1029,Card,SBI,18,1,0,1,GATEWAY_ERROR,internal_error,timeout,1
1476,Card,SBI,2,4,1,0,GATEWAY_ERROR,issuer_unavailable,timeout,0
4793,Card,Kotak Mahindra,21,4,1,1,GATEWAY_ERROR,issuer_risk_block,risk,0
695,Netbanking,HDFC Bank,7,0,0,1,BAD_REQUEST_ERROR,insufficient_funds,funds,0
517,Card,HDFC Bank,17,6,1,0,BAD_REQUEST_ERROR,otp_timeout,dropoff,0
14728,Netbanking,Yes Bank,9,0,3,0,BAD_REQUEST_ERROR,otp_timeout,dropoff,1
10518,UPI,Kotak Mahindra,18,0,2,0,BAD_REQUEST_ERROR,invalid_expiry,invalid,1
1093,UPI,ICICI Bank,23,2,1,0,BAD_REQUEST_ERROR,invalid_cvv,invalid,1
1410,Card,ICICI Bank,8,1,2,1,BAD_REQUEST_ERROR,otp_timeout,dropoff,0
777,Wallet,ICICI Bank,1,4,1,0,BAD_REQUEST_ERROR,invalid_expiry,invalid,0
2651,Card,Kotak Mahindra,17,6,0,1,BAD_REQUEST_ERROR,invalid_expiry,invalid,1
780,UPI,ICICI Bank,23,1,0,0,BAD_REQUEST_ERROR,invalid_expiry,invalid,0
662,UPI,Axis Bank,10,3,0,0,BAD_REQUEST_ERROR,otp_timeout,dropoff,0
306,Wallet,Yes Bank,12,4,2,1,GATEWAY_ERROR,internal_error,timeout,1
14392,UPI,HDFC Bank,20,6,0,0,BAD_REQUEST_ERROR,otp_timeout,dropoff,0
12262,Card,Axis Bank,8,0,2,0,GATEWAY_ERROR,issuer_unavailable,timeout,1
454,Netbanking,SBI,16,0,1,0,GATEWAY_ERROR,internal_error,timeout,1
663,Wallet,SBI,19,6,1,1,BAD_REQUEST_ERROR,invalid_cvv,invalid,1
3431,Netbanking,SBI,12,4,1,0,BAD_REQUEST_ERROR,invalid_expiry,invalid,1
731,UPI,Axis Bank,0,5,0,1,BAD_REQUEST_ERROR,otp_timeout,dropoff,0
7476,UPI,SBI,0,3,0,0,GATEWAY_ERROR,internal_error,timeout,1
1148,Netbanking,IDFC First,5,0,1,1,BAD_REQUEST_ERROR,issuer_general_decline,dropoff,1
1242,Card,IDFC First,8,1,1,0,GATEWAY_ERROR,internal_error,decline,0
2092,UPI,IDFC First,16,2,0,1,BAD_REQUEST_ERROR,insufficient_funds,funds,0
1723,UPI,HDFC Bank,1,2,2,1,BAD_REQUEST_ERROR,insufficient_funds,funds,0
1032,Card,IDFC First,9,0,3,0,GATEWAY_ERROR,issuer_unavailable,timeout,0
2034,Netbanking,IDFC First,6,5,1,0,BAD_REQUEST_ERROR,invalid_expiry,invalid,1
3858,Card,Axis Bank,10,4,0,0,BAD_REQUEST_ERROR,issuer_general_decline,decline,0
2733,Netbanking,Axis Bank,14,0,0,0,BAD_REQUEST_ERROR,issuer_general_decline,decline,0
3838,Card,Yes Bank,1,1,1,0,BAD_REQUEST_ERROR,insufficient_funds,funds,1
1352,Card,IDFC First,5,2,3,1,GATEWAY_ERROR,issuer_risk_block,risk,0
1315,Card,Axis Bank,3,1,2,1,BAD_REQUEST_ERROR,invalid_expiry,invalid,0
106,Netbanking,Axis Bank,15,2,0,0,GATEWAY_ERROR,internal_error,timeout,1
1427,UPI,ICICI Bank,6,1,1,0,BAD_REQUEST_ERROR,invalid_cvv,invalid,0
5825,Wallet,HDFC Bank,0,6,1,1,BAD_REQUEST_ERROR,issuer_general_decline,decline,1
1675,UPI,SBI,2,2,0,0,BAD_REQUEST_ERROR,invalid_expiry,invalid,1
1569,Wallet,Axis Bank,10,5,1,0,BAD_REQUEST_ERROR,invalid_expiry,invalid,1
6090,Wallet,IDFC First,16,4,1,0,GATEWAY_ERROR,issuer_unavailable,timeout,1
3434,Card,IDFC First,11,6,0,0,BAD_REQUEST_ERROR,otp_timeout,dropoff,1
612,UPI,HDFC Bank,9,4,0,0,GATEWAY_ERROR,issuer_risk_block,risk,0
1571,Netbanking,SBI,8,5,1,0,BAD_REQUEST_ERROR,invalid_expiry,invalid,0
1059,Card,IDFC First,3,3,1,0,BAD_REQUEST_ERROR,otp_timeout,dropoff,0
2205,Wallet,Kotak Mahindra,10,5,0,1,BAD_REQUEST_ERROR,user_cancelled,dropoff,1
823,Card,Kotak Mahindra,4,0,3,0,BAD_REQUEST_ERROR,insufficient_funds,funds,0
7150,Card,Yes Bank,0,4,1,0,GATEWAY_ERROR,internal_error,timeout,1
880,UPI,IDFC First,3,1,1,0,BAD_REQUEST_ERROR,insufficient_funds,funds,0
348,UPI,ICICI Bank,14,5,0,0,GATEWAY_ERROR,issuer_unavailable,timeout,0
396,Card,Axis Bank,9,2,0,1,GATEWAY_ERROR,issuer_unavailable,timeout,1
1410,Wallet,SBI,2,0,0,0,GATEWAY_ERROR,internal_error,timeout,1
4673,Card,SBI,13,2,0,1,BAD_REQUEST_ERROR,otp_timeout,dropoff,1
4029,UPI,IDFC First,1,6,0,0,BAD_REQUEST_ERROR,user_cancelled,dropoff,1
2320,Card,Axis Bank,15,1,0,1,BAD_REQUEST_ERROR,invalid_expiry,invalid,1
5487,UPI,IDFC First,14,3,0,0,BAD_REQUEST_ERROR,invalid_expiry,invalid,1
3555,Card,Yes Bank,19,5,0,0,GATEWAY_ERROR,issuer_risk_block,risk,0
3056,Card,HDFC Bank,6,4,1,0,GATEWAY_ERROR,issuer_risk_block,risk,0
3293,UPI,Axis Bank,21,0,3,1,BAD_REQUEST_ERROR,invalid_expiry,invalid,0
1339,Card,HDFC Bank,21,6,0,1,BAD_REQUEST_ERROR,otp_timeout,dropoff,1
14343,UPI,Yes Bank,18,5,1,0,BAD_REQUEST_ERROR,invalid_expiry,invalid,0
5738,Card,SBI,17,0,0,0,BAD_REQUEST_ERROR,issuer_general_decline,decline,0
969,Card,Axis Bank,9,4,1,0,BAD_REQUEST_ERROR,invalid_cvv,invalid,1
2655,UPI,Kotak Mahindra,5,5,1,1,GATEWAY_ERROR,issuer_unavailable,timeout,1
5387,Wallet,HDFC Bank,23,3,1,1,GATEWAY_ERROR,issuer_risk_block,risk,0
1889,UPI,IDFC First,3,0,2,0,BAD_REQUEST_ERROR,otp_timeout,dropoff,0
2375,Netbanking,Axis Bank,17,2,2,0,BAD_REQUEST_ERROR,otp_timeout,dropoff,1
579,UPI,ICICI Bank,0,4,0,0,BAD_REQUEST_ERROR,issuer_general_decline,decline,1
1703,UPI,IDFC First,12,0,1,0,BAD_REQUEST_ERROR,insufficient_funds,funds,0
1336,Card,HDFC Bank,1,1,1,0,BAD_REQUEST_ERROR,invalid_expiry,decline,1
2916,Card,ICICI Bank,2,5,2,0,BAD_REQUEST_ERROR,otp_timeout,dropoff,1
3467,Wallet,IDFC First,23,1,0,0,BAD_REQUEST_ERROR,issuer_general_decline,decline,1
753,Card,HDFC Bank,3,0,2,1,BAD_REQUEST_ERROR,user_cancelled,dropoff,1
2126,UPI,ICICI Bank,1,2,1,0,BAD_REQUEST_ERROR,user_cancelled,dropoff,0
1648,UPI,Kotak Mahindra,7,2,1,0,BAD_REQUEST_ERROR,user_cancelled,dropoff,1
868,Netbanking,ICICI Bank,20,2,0,0,BAD_REQUEST_ERROR,invalid_cvv,invalid,1
999,UPI,SBI,11,4,2,0,BAD_REQUEST_ERROR,insufficient_funds,funds,0
7361,UPI,Yes Bank,0,5,0,0,BAD_REQUEST_ERROR,invalid_expiry,invalid,1
445,UPI,Kotak Mahindra,10,1,3,0,GATEWAY_ERROR,issuer_risk_block,risk,0
1650,Card,IDFC First,21,1,1,0,BAD_REQUEST_ERROR,invalid_expiry,dropoff,1
7204,UPI,Yes Bank,11,5,0,0,GATEWAY_ERROR,issuer_risk_block,risk,0
3365,Card,Axis Bank,3,3,1,1,BAD_REQUEST_ERROR,insufficient_funds,funds,0
7664,Netbanking,Axis Bank,17,1,1,0,BAD_REQUEST_ERROR,otp_timeout,dropoff,0
279,Card,IDFC First,19,0,2,0,BAD_REQUEST_ERROR,user_cancelled,dropoff,0
609,Card,SBI,19,0,0,0,BAD_REQUEST_ERROR,issuer_general_decline,decline,1
1870,Card,ICICI Bank,17,1,0,1,GATEWAY_ERROR,issuer_risk_block,risk,0
880,UPI,Yes Bank,10,2,0,1,BAD_REQUEST_ERROR,invalid_expiry,invalid,1
985,Card,SBI,12,3,1,0,BAD_REQUEST_ERROR,issuer_general_decline,decline,1
2046,Card,Yes Bank,16,0,0,1,BAD_REQUEST_ERROR,otp_timeout,dropoff,1
1390,UPI,IDFC First,4,2,0,0,BAD_REQUEST_ERROR,user_cancelled,dropoff,0
796,Card,IDFC First,17,6,0,1,BAD_REQUEST_ERROR,invalid_expiry,invalid,1
3201,UPI,Yes Bank,0,1,0,0,BAD_REQUEST_ERROR,otp_timeout,dropoff,1
297,Card,Kotak Mahindra,18,6,1,0,BAD_REQUEST_ERROR,otp_timeout,dropoff,1
8769,Netbanking,HDFC Bank,11,4,2,1,BAD_REQUEST_ERROR,user_cancelled,dropoff,1
1898,Netbanking,SBI,14,4,0,0,GATEWAY_ERROR,issuer_risk_block,risk,1
1579,Netbanking,IDFC First,13,1,1,1,BAD_REQUEST_ERROR,invalid_cvv,invalid,0
335,Netbanking,Kotak Mahindra,22,2,0,0,GATEWAY_ERROR,issuer_unavailable,timeout,1
6242,Card,ICICI Bank,17,0,0,1,GATEWAY_ERROR,issuer_unavailable,timeout,1
3169,Card,IDFC First,4,1,0,0,GATEWAY_ERROR,issuer_unavailable,timeout,0
1261,UPI,Kotak Mahindra,21,2,0,0,BAD_REQUEST_ERROR,user_cancelled,dropoff,1
811,UPI,Yes Bank,18,5,0,0,BAD_REQUEST_ERROR,invalid_expiry,invalid,0
836,UPI,Yes Bank,20,0,0,1,GATEWAY_ERROR,internal_error,risk,0
9037,UPI,IDFC First,3,6,0,1,GATEWAY_ERROR,issuer_risk_block,risk,0
4232,UPI,SBI,22,6,1,0,BAD_REQUEST_ERROR,user_cancelled,dropoff,1
1846,UPI,ICICI Bank,8,2,0,1,BAD_REQUEST_ERROR,invalid_cvv,invalid,1
1109,Wallet,HDFC Bank,16,4,0,0,GATEWAY_ERROR,issuer_unavailable,timeout,1
1163,Netbanking,Kotak Mahindra,17,6,1,1,BAD_REQUEST_ERROR,otp_timeout,dropoff,0
618,UPI,IDFC First,1,5,0,0,BAD_REQUEST_ERROR,user_cancelled,dropoff,1
4216,UPI,IDFC First,13,2,0,0,GATEWAY_ERROR,issuer_risk_block,decline,0
1881,UPI,Axis Bank,5,6,0,1,GATEWAY_ERROR,internal_error,timeout,0
1660,UPI,Kotak Mahindra,23,1,0,1,BAD_REQUEST_ERROR,otp_timeout,dropoff,1
2026,Wallet,Yes Bank,13,6,0,0,BAD_REQUEST_ERROR,issuer_general_decline,decline,0
2646,Netbanking,Axis Bank,4,0,0,1,BAD_REQUEST_ERROR,invalid_expiry,invalid,1
173,Card,Axis Bank,4,4,0,0,BAD_REQUEST_ERROR,insufficient_funds,funds,0
688,UPI,IDFC First,0,2,0,0,GATEWAY_ERROR,issuer_risk_block,risk,0
5902,Card,Yes Bank,3,5,1,0,BAD_REQUEST_ERROR,user_cancelled,dropoff,1
11643,UPI,ICICI Bank,10,0,3,0,GATEWAY_ERROR,issuer_unavailable,timeout,1
1403,Card,ICICI Bank,13,5,2,0,BAD_REQUEST_ERROR,invalid_expiry,timeout,1
8432,UPI,Yes Bank,23,5,0,0,GATEWAY_ERROR,issuer_risk_block,risk,0
1443,Wallet,ICICI Bank,12,3,2,0,BAD_REQUEST_ERROR,user_cancelled,dropoff,0
1728,UPI,ICICI Bank,3,0,2,0,BAD_REQUEST_ERROR,user_cancelled,dropoff,0
9220,Card,Yes Bank,13,4,0,0,BAD_REQUEST_ERROR,issuer_general_decline,decline,0
139,Wallet,Axis Bank,16,5,1,0,GATEWAY_ERROR,issuer_risk_block,risk,0
5691,Card,Kotak Mahindra,1,6,1,0,BAD_REQUEST_ERROR,issuer_general_decline,risk,0
1113,UPI,HDFC Bank,5,4,1,0,GATEWAY_ERROR,issuer_unavailable,timeout,1
1275,UPI,ICICI Bank,8,5,0,0,BAD_REQUEST_ERROR,insufficient_funds,funds,0
2095,Card,ICICI Bank,23,3,0,0,GATEWAY_ERROR,issuer_risk_block,decline,1
1163,UPI,IDFC First,15,1,1,0,BAD_REQUEST_ERROR,otp_timeout,dropoff,0
874,UPI,IDFC First,2,0,0,1,BAD_REQUEST_ERROR,otp_timeout,dropoff,0
5380,Card,IDFC First,3,6,0,0,GATEWAY_ERROR,internal_error,risk,0
2649,UPI,HDFC Bank,6,4,0,0,GATEWAY_ERROR,issuer_risk_block,risk,0
8494,Card,SBI,10,0,2,0,BAD_REQUEST_ERROR,insufficient_funds,funds,0
4063,Card,Axis Bank,9,2,3,0,BAD_REQUEST_ERROR,user_cancelled,dropoff,0
510,Netbanking,HDFC Bank,1,2,2,0,BAD_REQUEST_ERROR,invalid_expiry,invalid,0
1530,Netbanking,SBI,7,3,1,0,BAD_REQUEST_ERROR,otp_timeout,dropoff,1
2021,UPI,SBI,1,1,2,1,BAD_REQUEST_ERROR,issuer_general_decline,decline,0
2233,Card,SBI,2,4,0,0,GATEWAY_ERROR,issuer_risk_block,risk,0
2536,UPI,Kotak Mahindra,16,5,0,1,GATEWAY_ERROR,issuer_unavailable,timeout,1
2038,Card,IDFC First,0,3,1,0,BAD_REQUEST_ERROR,issuer_general_decline,decline,0
962,Wallet,IDFC First,15,4,0,0,GATEWAY_ERROR,internal_error,timeout,1
2034,Wallet,ICICI Bank,4,5,0,0,GATEWAY_ERROR,issuer_risk_block,risk,0
1473,Wallet,SBI,23,4,0,0,GATEWAY_ERROR,issuer_risk_block,funds,0
205,UPI,Kotak Mahindra,1,0,0,0,BAD_REQUEST_ERROR,user_cancelled,dropoff,0
834,UPI,SBI,5,4,0,0,BAD_REQUEST_ERROR,otp_timeout,dropoff,1
2791,Card,Axis Bank,13,2,1,0,BAD_REQUEST_ERROR,issuer_general_decline,decline,1
2754,Card,ICICI Bank,5,5,1,0,GATEWAY_ERROR,internal_error,timeout,1
40810,UPI,SBI,21,0,0,0,BAD_REQUEST_ERROR,invalid_expiry,invalid,0
8888,Netbanking,SBI,12,2,1,0,GATEWAY_ERROR,internal_error,timeout,1
3839,Wallet,Axis Bank,5,5,1,0,BAD_REQUEST_ERROR,insufficient_funds,funds,0
1269,Wallet,Yes Bank,14,5,0,0,BAD_REQUEST_ERROR,invalid_cvv,invalid,1
1034,Wallet,Axis Bank,17,1,0,0,BAD_REQUEST_ERROR,invalid_cvv,risk,0
4628,UPI,ICICI Bank,2,5,3,0,BAD_REQUEST_ERROR,issuer_general_decline,decline,0
694,Card,HDFC Bank,18,1,0,1,GATEWAY_ERROR,issuer_unavailable,timeout,1
4561,Card,IDFC First,5,2,0,1,BAD_REQUEST_ERROR,otp_timeout,dropoff,0
11473,Netbanking,HDFC Bank,9,0,0,0,BAD_REQUEST_ERROR,issuer_general_decline,decline,1
4155,Netbanking,Kotak Mahindra,8,2,0,1,BAD_REQUEST_ERROR,otp_timeout,dropoff,1
2461,UPI,HDFC Bank,13,2,3,0,GATEWAY_ERROR,issuer_risk_block,risk,0
1730,Wallet,Kotak Mahindra,4,6,0,0,BAD_REQUEST_ERROR,invalid_expiry,invalid,0
2851,Card,SBI,14,3,0,0,BAD_REQUEST_ERROR,insufficient_funds,funds,0
1692,UPI,Axis Bank,14,4,0,0,BAD_REQUEST_ERROR,user_cancelled,dropoff,0
971,Netbanking,ICICI Bank,13,6,0,0,GATEWAY_ERROR,issuer_unavailable,timeout,1
6209,Card,IDFC First,0,4,0,0,BAD_REQUEST_ERROR,invalid_cvv,invalid,1
1208,Card,IDFC First,0,6,0,1,GATEWAY_ERROR,internal_error,timeout,1
2990,Wallet,Axis Bank,22,0,0,1,GATEWAY_ERROR,issuer_unavailable,timeout,1
984,UPI,ICICI Bank,16,3,0,0,BAD_REQUEST_ERROR,otp_timeout,dropoff,1
1199,Card,ICICI Bank,1,5,0,0,BAD_REQUEST_ERROR,invalid_expiry,invalid,0
877,UPI,SBI,14,6,0,0,GATEWAY_ERROR,issuer_risk_block,risk,0
229,Wallet,Yes Bank,23,5,0,0,BAD_REQUEST_ERROR,insufficient_funds,funds,0
697,Card,HDFC Bank,20,0,0,0,BAD_REQUEST_ERROR,insufficient_funds,dropoff,1
233,UPI,Axis Bank,6,4,0,1,GATEWAY_ERROR,issuer_unavailable,timeout,1
2178,Card,ICICI Bank,3,1,2,0,GATEWAY_ERROR,issuer_risk_block,risk,0
2066,UPI,Kotak Mahindra,14,5,1,0,BAD_REQUEST_ERROR,issuer_general_decline,decline,0
1702,Card,HDFC Bank,21,4,0,0,BAD_REQUEST_ERROR,issuer_general_decline,decline,1
1694,UPI,HDFC Bank,11,3,0,0,BAD_REQUEST_ERROR,user_cancelled,dropoff,0
3284,UPI,IDFC First,3,6,2,0,BAD_REQUEST_ERROR,user_cancelled,dropoff,0
1015,Netbanking,IDFC First,4,3,2,1,BAD_REQUEST_ERROR,invalid_expiry,invalid,1
456,UPI,HDFC Bank,15,6,1,0,BAD_REQUEST_ERROR,user_cancelled,dropoff,0
681,Netbanking,Kotak Mahindra,9,5,1,0,GATEWAY_ERROR,issuer_unavailable,timeout,1
4894,Netbanking,HDFC Bank,4,4,0,0,BAD_REQUEST_ERROR,otp_timeout,dropoff,0
14319,Card,SBI,17,2,1,0,GATEWAY_ERROR,issuer_unavailable,timeout,1
1441,UPI,Axis Bank,16,6,0,0,GATEWAY_ERROR,internal_error,timeout,1
404,Card,SBI,10,6,0,0,GATEWAY_ERROR,issuer_unavailable,timeout,1
1832,Wallet,SBI,18,4,2,0,GATEWAY_ERROR,issuer_risk_block,risk,0
1532,UPI,IDFC First,4,3,1,0,BAD_REQUEST_ERROR,invalid_expiry,invalid,1
3685,Card,HDFC Bank,4,3,0,0,BAD_REQUEST_ERROR,insufficient_funds,funds,1
570,Wallet,ICICI Bank,14,1,1,1,BAD_REQUEST_ERROR,insufficient_funds,funds,0
995,Card,IDFC First,5,0,0,1,GATEWAY_ERROR,issuer_risk_block,risk,1
5335,Card,IDFC First,8,3,2,1,GATEWAY_ERROR,issuer_unavailable,timeout,0
1391,UPI,Kotak Mahindra,22,5,1,0,BAD_REQUEST_ERROR,otp_timeout,dropoff,0
1772,Wallet,Yes Bank,5,4,0,0,GATEWAY_ERROR,internal_error,timeout,1
10260,Wallet,Kotak Mahindra,0,2,0,0,GATEWAY_ERROR,issuer_risk_block,risk,0
3272,Netbanking,IDFC First,19,1,0,0,GATEWAY_ERROR,issuer_risk_block,invalid,1
1885,UPI,Kotak Mahindra,8,5,1,1,BAD_REQUEST_ERROR,issuer_general_decline,decline,1
1572,Card,Kotak Mahindra,13,3,1,0,BAD_REQUEST_ERROR,invalid_expiry,invalid,1
710,UPI,Axis Bank,13,1,0,0,BAD_REQUEST_ERROR,insufficient_funds,funds,0
8767,UPI,Yes Bank,23,4,1,0,BAD_REQUEST_ERROR,otp_timeout,funds,0
2586,UPI,Kotak Mahindra,20,1,1,0,BAD_REQUEST_ERROR,otp_timeout,decline,0
2481,Card,SBI,19,1,2,1,BAD_REQUEST_ERROR,user_cancelled,dropoff,1
6225,Card,IDFC First,4,2,3,1,BAD_REQUEST_ERROR,issuer_general_decline,decline,0
2710,UPI,Yes Bank,15,2,0,0,GATEWAY_ERROR,issuer_unavailable,timeout,1
834,Netbanking,ICICI Bank,13,0,1,1,GATEWAY_ERROR,issuer_risk_block,risk,0
2241,UPI,Yes Bank,16,1,2,0,BAD_REQUEST_ERROR,user_cancelled,dropoff,0
453,Netbanking,HDFC Bank,2,6,0,0,GATEWAY_ERROR,internal_error,timeout,0
100,UPI,HDFC Bank,22,2,0,1,GATEWAY_ERROR,issuer_risk_block,risk,0
2030,Card,Kotak Mahindra,20,0,0,0,GATEWAY_ERROR,internal_error,timeout,1
6483,UPI,Yes Bank,19,2,1,0,BAD_REQUEST_ERROR,issuer_general_decline,decline,0
3672,Card,SBI,3,2,1,1,GATEWAY_ERROR,issuer_risk_block,risk,0
868,UPI,Axis Bank,11,0,0,0,GATEWAY_ERROR,issuer_risk_block,risk,0
1209,UPI,Yes Bank,5,6,2,0,BAD_REQUEST_ERROR,invalid_expiry,funds,0
1059,UPI,Kotak Mahindra,2,2,1,0,BAD_REQUEST_ERROR,insufficient_funds,funds,0
3686,Card,HDFC Bank,15,2,3,0,BAD_REQUEST_ERROR,insufficient_funds,funds,0
1131,Wallet,ICICI Bank,2,6,0,0,GATEWAY_ERROR,issuer_risk_block,timeout,0
7049,UPI,Yes Bank,16,0,1,0,BAD_REQUEST_ERROR,invalid_cvv,invalid,1
691,UPI,ICICI Bank,16,2,0,0,BAD_REQUEST_ERROR,invalid_expiry,invalid,1
2913,UPI,Axis Bank,19,1,1,1,BAD_REQUEST_ERROR,insufficient_funds,decline,0
866,UPI,IDFC First,12,3,1,0,BAD_REQUEST_ERROR,user_cancelled,dropoff,1
8818,UPI,IDFC First,9,3,3,1,BAD_REQUEST_ERROR,issuer_general_decline,decline,1
909,UPI,SBI,21,2,1,0,BAD_REQUEST_ERROR,otp_timeout,dropoff,1
11343,Card,SBI,6,0,0,1,BAD_REQUEST_ERROR,user_cancelled,dropoff,1
3500,Card,Axis Bank,2,3,0,0,BAD_REQUEST_ERROR,invalid_expiry,timeout,0
496,Netbanking,Axis Bank,12,4,1,0,BAD_REQUEST_ERROR,invalid_cvv,invalid,1
587,Netbanking,Kotak Mahindra,16,6,0,0,GATEWAY_ERROR,internal_error,timeout,0
2719,Netbanking,ICICI Bank,8,0,0,0,BAD_REQUEST_ERROR,issuer_general_decline,decline,0
4473,Netbanking,Axis Bank,5,3,1,1,GATEWAY_ERROR,issuer_unavailable,risk,0
1535,Card,Yes Bank,9,5,2,1,BAD_REQUEST_ERROR,insufficient_funds,funds,0
7876,UPI,SBI,3,3,1,1,BAD_REQUEST_ERROR,invalid_cvv,invalid,1
925,UPI,ICICI Bank,12,0,3,0,GATEWAY_ERROR,issuer_risk_block,risk,0
2379,Netbanking,Kotak Mahindra,5,4,0,0,BAD_REQUEST_ERROR,invalid_cvv,invalid,1
1284,UPI,Axis Bank,19,0,0,1,BAD_REQUEST_ERROR,otp_timeout,dropoff,1
1320,UPI,Yes Bank,13,5,1,0,BAD_REQUEST_ERROR,insufficient_funds,funds,1
661,UPI,Yes Bank,12,6,0,0,BAD_REQUEST_ERROR,otp_timeout,dropoff,1
754,UPI,IDFC First,22,0,1,1,GATEWAY_ERROR,internal_error,timeout,1
447,Wallet,Axis Bank,12,6,0,0,BAD_REQUEST_ERROR,otp_timeout,dropoff,1
806,UPI,Axis Bank,23,3,0,0,GATEWAY_ERROR,issuer_unavailable,timeout,1
282,Netbanking,HDFC Bank,5,4,1,1,BAD_REQUEST_ERROR,user_cancelled,dropoff,1
550,UPI,IDFC First,19,0,2,1,GATEWAY_ERROR,issuer_risk_block,risk,1
8129,UPI,SBI,12,3,1,0,BAD_REQUEST_ERROR,otp_timeout,dropoff,1
777,Card,Kotak Mahindra,5,5,0,0,BAD_REQUEST_ERROR,user_cancelled,dropoff,0
203,Netbanking,SBI,4,1,0,0,GATEWAY_ERROR,issuer_risk_block,risk,0
1785,Wallet,Yes Bank,22,5,0,0,GATEWAY_ERROR,internal_error,timeout,1
1528,Card,Kotak Mahindra,2,2,0,1,BAD_REQUEST_ERROR,otp_timeout,dropoff,1
824,Card,Axis Bank,0,3,0,0,BAD_REQUEST_ERROR,otp_timeout,dropoff,0
1442,Card,Kotak Mahindra,1,2,0,1,GATEWAY_ERROR,issuer_risk_block,risk,0
5762,Card,SBI,15,1,0,1,BAD_REQUEST_ERROR,invalid_expiry,invalid,1
1656,Card,HDFC Bank,9,4,0,0,BAD_REQUEST_ERROR,invalid_expiry,invalid,1
5031,UPI,Kotak Mahindra,20,2,2,0,BAD_REQUEST_ERROR,invalid_expiry,invalid,0
2047,UPI,HDFC Bank,1,3,0,0,BAD_REQUEST_ERROR,user_cancelled,dropoff,1
3824,UPI,IDFC First,4,2,0,0,BAD_REQUEST_ERROR,invalid_cvv,invalid,0
3895,Wallet,SBI,9,0,0,1,BAD_REQUEST_ERROR,otp_timeout,dropoff,1
1368,UPI,SBI,22,6,2,1,BAD_REQUEST_ERROR,insufficient_funds,funds,0
1405,UPI,Kotak Mahindra,0,2,3,1,BAD_REQUEST_ERROR,otp_timeout,dropoff,0
2435,Card,Kotak Mahindra,4,0,1,0,BAD_REQUEST_ERROR,otp_timeout,dropoff,1
1989,UPI,Yes Bank,2,5,0,1,BAD_REQUEST_ERROR,user_cancelled,funds,0
2382,UPI,Axis Bank,3,1,0,0,GATEWAY_ERROR,issuer_unavailable,timeout,1
4045,UPI,Axis Bank,0,4,0,0,GATEWAY_ERROR,internal_error,timeout,1
1741,UPI,SBI,4,4,0,1,GATEWAY_ERROR,issuer_unavailable,timeout,1
1813,Card,Axis Bank,22,6,0,1,GATEWAY_ERROR,issuer_unavailable,timeout,1
1714,Card,IDFC First,18,0,0,1,GATEWAY_ERROR,issuer_risk_block,risk,1
1016,UPI,Yes Bank,17,6,0,0,BAD_REQUEST_ERROR,otp_timeout,dropoff,1
7999,UPI,Yes Bank,18,1,0,1,BAD_REQUEST_ERROR,invalid_expiry,invalid,1
4640,Card,HDFC Bank,2,5,1,0,BAD_REQUEST_ERROR,insufficient_funds,funds,0
1153,UPI,IDFC First,2,1,1,0,BAD_REQUEST_ERROR,otp_timeout,dropoff,1
2849,Netbanking,HDFC Bank,5,2,0,0,GATEWAY_ERROR,issuer_risk_block,risk,0
297,Card,SBI,7,6,2,0,BAD_REQUEST_ERROR,invalid_expiry,invalid,0
191,Card,Kotak Mahindra,14,2,0,1,BAD_REQUEST_ERROR,insufficient_funds,funds,0
2099,Card,Yes Bank,0,0,2,0,GATEWAY_ERROR,internal_error,timeout,1
473,Wallet,SBI,7,3,1,0,BAD_REQUEST_ERROR,insufficient_funds,funds,0
1583,Card,IDFC First,21,4,1,0,BAD_REQUEST_ERROR,insufficient_funds,funds,1
3894,UPI,Kotak Mahindra,13,5,0,0,BAD_REQUEST_ERROR,insufficient_funds,funds,0
941,UPI,SBI,3,6,1,0,BAD_REQUEST_ERROR,user_cancelled,dropoff,0
288,UPI,ICICI Bank,3,1,1,0,BAD_REQUEST_ERROR,invalid_expiry,invalid,0
1863,UPI,Axis Bank,5,5,2,0,GATEWAY_ERROR,internal_error,invalid,1
2182,Card,SBI,18,3,2,1,BAD_REQUEST_ERROR,insufficient_funds,funds,0
3830,UPI,IDFC First,8,3,1,0,GATEWAY_ERROR,issuer_risk_block,risk,0
1304,Card,ICICI Bank,19,5,0,0,BAD_REQUEST_ERROR,insufficient_funds,funds,0
487,UPI,SBI,13,2,0,1,GATEWAY_ERROR,internal_error,timeout,1
3433,UPI,SBI,21,2,1,0,BAD_REQUEST_ERROR,issuer_general_decline,decline,0
990,Card,Kotak Mahindra,23,1,0,1,BAD_REQUEST_ERROR,otp_timeout,dropoff,1
1980,UPI,Yes Bank,16,3,0,0,BAD_REQUEST_ERROR,invalid_expiry,invalid,1
2663,UPI,Kotak Mahindra,12,6,1,0,BAD_REQUEST_ERROR,insufficient_funds,funds,0
1767,UPI,IDFC First,6,5,1,0,BAD_REQUEST_ERROR,otp_timeout,risk,0
2785,Card,Axis Bank,7,1,0,0,BAD_REQUEST_ERROR,issuer_general_decline,decline,1
202,UPI,IDFC First,9,1,1,0,GATEWAY_ERROR,issuer_risk_block,risk,0
1279,Card,Axis Bank,20,5,1,1,BAD_REQUEST_ERROR,issuer_general_decline,decline,1
2062,Card,SBI,15,5,1,0,BAD_REQUEST_ERROR,user_cancelled,dropoff,0
3354,Wallet,HDFC Bank,0,0,2,1,BAD_REQUEST_ERROR,invalid_cvv,invalid,0
2765,Netbanking,SBI,11,0,1,0,BAD_REQUEST_ERROR,user_cancelled,dropoff,1
2134,Card,Yes Bank,2,6,1,1,GATEWAY_ERROR,issuer_risk_block,risk,0
1272,Wallet,ICICI Bank,20,1,0,0,BAD_REQUEST_ERROR,invalid_cvv,invalid,0
2757,Card,Yes Bank,17,1,1,0,BAD_REQUEST_ERROR,invalid_expiry,decline,0
1370,Netbanking,IDFC First,7,3,0,0,BAD_REQUEST_ERROR,invalid_cvv,invalid,1
1607,UPI,HDFC Bank,16,4,0,1,GATEWAY_ERROR,issuer_risk_block,risk,0
246,Card,SBI,0,6,1,0,BAD_REQUEST_ERROR,invalid_expiry,invalid,0
7868,Netbanking,HDFC Bank,13,6,0,0,GATEWAY_ERROR,internal_error,timeout,1
1174,UPI,Kotak Mahindra,15,1,0,0,BAD_REQUEST_ERROR,otp_timeout,dropoff,1
4418,UPI,Yes Bank,22,2,0,0,BAD_REQUEST_ERROR,user_cancelled,dropoff,1
2349,Netbanking,HDFC Bank,0,3,0,0,GATEWAY_ERROR,issuer_unavailable,timeout,1
2961,Card,ICICI Bank,2,2,1,0,GATEWAY_ERROR,issuer_unavailable,timeout,1
3682,Card,Yes Bank,8,1,0,0,BAD_REQUEST_ERROR,otp_timeout,dropoff,1
434,Card,Axis Bank,9,5,0,0,BAD_REQUEST_ERROR,issuer_general_decline,decline,0
384,UPI,IDFC First,3,6,3,1,BAD_REQUEST_ERROR,otp_timeout,dropoff,0
3180,UPI,HDFC Bank,2,4,0,0,GATEWAY_ERROR,issuer_unavailable,timeout,1
906,Wallet,ICICI Bank,16,1,1,1,GATEWAY_ERROR,issuer_risk_block,risk,0
6970,UPI,SBI,9,2,0,0,GATEWAY_ERROR,issuer_unavailable,timeout,1
1251,UPI,HDFC Bank,1,2,2,0,GATEWAY_ERROR,internal_error,timeout,1
228,UPI,Kotak Mahindra,6,1,1,1,GATEWAY_ERROR,issuer_risk_block,risk,0
4935,Netbanking,Axis Bank,8,0,0,1,GATEWAY_ERROR,internal_error,timeout,0
591,Card,IDFC First,9,5,1,0,GATEWAY_ERROR,internal_error,timeout,1
2224,Card,Axis Bank,6,1,0,0,BAD_REQUEST_ERROR,issuer_general_decline,decline,0
1154,Netbanking,SBI,23,4,0,1,BAD_REQUEST_ERROR,otp_timeout,dropoff,1
591,UPI,HDFC Bank,19,5,3,0,BAD_REQUEST_ERROR,issuer_general_decline,decline,0
8560,Card,SBI,9,0,1,0,BAD_REQUEST_ERROR,insufficient_funds,funds,0
1018,Card,HDFC Bank,18,6,0,1,GATEWAY_ERROR,issuer_risk_block,risk,0
2685,Card,IDFC First,13,0,0,0,BAD_REQUEST_ERROR,invalid_expiry,invalid,1
429,UPI,Kotak Mahindra,0,2,1,0,BAD_REQUEST_ERROR,user_cancelled,dropoff,1
1500,Card,IDFC First,9,6,0,0,GATEWAY_ERROR,internal_error,timeout,1
2841,Wallet,Axis Bank,7,6,0,0,GATEWAY_ERROR,internal_error,timeout,1
5171,UPI,HDFC Bank,9,2,2,0,GATEWAY_ERROR,issuer_unavailable,timeout,1
2957,Netbanking,Axis Bank,1,3,0,1,GATEWAY_ERROR,internal_error,timeout,1
1378,UPI,HDFC Bank,18,0,2,0,GATEWAY_ERROR,issuer_unavailable,timeout,1
540,UPI,ICICI Bank,18,3,2,0,GATEWAY_ERROR,issuer_unavailable,timeout,1
1724,Card,Axis Bank,18,1,2,0,BAD_REQUEST_ERROR,issuer_general_decline,decline,1
2154,UPI,Yes Bank,7,4,0,0,GATEWAY_ERROR,internal_error,timeout,1
100,UPI,Kotak Mahindra,0,4,1,0,BAD_REQUEST_ERROR,insufficient_funds,funds,0
1035,UPI,SBI,14,5,0,0,BAD_REQUEST_ERROR,invalid_expiry,invalid,0
1513,Netbanking,Kotak Mahindra,10,3,0,0,GATEWAY_ERROR,issuer_risk_block,risk,0
5341,UPI,Kotak Mahindra,17,1,0,0,GATEWAY_ERROR,issuer_unavailable,timeout,1
2759,Netbanking,Kotak Mahindra,0,5,2,1,BAD_REQUEST_ERROR,user_cancelled,dropoff,1
6206,UPI,ICICI Bank,3,2,0,0,BAD_REQUEST_ERROR,insufficient_funds,funds,0
1573,Netbanking,Axis Bank,8,5,0,1,GATEWAY_ERROR,issuer_unavailable,timeout,1
341,Card,ICICI Bank,8,3,2,0,GATEWAY_ERROR,internal_error,timeout,1
4343,Card,Axis Bank,7,4,0,1,BAD_REQUEST_ERROR,user_cancelled,dropoff,1
15758,Wallet,SBI,11,6,1,0,BAD_REQUEST_ERROR,issuer_general_decline,decline,0
1358,Card,HDFC Bank,9,1,1,0,GATEWAY_ERROR,issuer_unavailable,timeout,1
440,UPI,Yes Bank,18,4,0,0,BAD_REQUEST_ERROR,user_cancelled,dropoff,0
720,Card,Axis Bank,4,6,1,1,BAD_REQUEST_ERROR,otp_timeout,dropoff,1
13021,UPI,Axis Bank,4,6,0,0,BAD_REQUEST_ERROR,issuer_general_decline,decline,1
3339,Card,ICICI Bank,9,6,2,1,BAD_REQUEST_ERROR,invalid_expiry,invalid,0
6123,Card,ICICI Bank,22,3,0,0,GATEWAY_ERROR,internal_error,timeout,1
879,Card,SBI,21,5,0,0,GATEWAY_ERROR,issuer_risk_block,risk,0
581,UPI,Kotak Mahindra,23,4,0,0,GATEWAY_ERROR,internal_error,timeout,0
689,UPI,IDFC First,3,1,0,1,GATEWAY_ERROR,internal_error,timeout,1
1730,UPI,Kotak Mahindra,22,4,1,0,BAD_REQUEST_ERROR,issuer_general_decline,decline,1
2564,UPI,Kotak Mahindra,0,5,0,0,GATEWAY_ERROR,internal_error,timeout,1
963,Card,HDFC Bank,20,0,0,1,GATEWAY_ERROR,issuer_risk_block,risk,0
1421,Card,Yes Bank,0,4,3,0,BAD_REQUEST_ERROR,invalid_cvv,invalid,0
439,UPI,ICICI Bank,3,6,3,0,BAD_REQUEST_ERROR,otp_timeout,dropoff,1
798,Card,Kotak Mahindra,12,1,2,1,BAD_REQUEST_ERROR,otp_timeout,dropoff,1
591,Card,HDFC Bank,4,3,1,0,GATEWAY_ERROR,issuer_unavailable,timeout,1
981,UPI,Kotak Mahindra,16,5,0,0,BAD_REQUEST_ERROR,insufficient_funds,funds,0
2663,Card,Yes Bank,14,1,1,1,BAD_REQUEST_ERROR,otp_timeout,dropoff,1
6880,Netbanking,SBI,20,0,0,0,BAD_REQUEST_ERROR,issuer_general_decline,decline,1
918,Card,IDFC First,11,1,0,1,BAD_REQUEST_ERROR,otp_timeout,dropoff,1
4435,Card,IDFC First,9,5,2,0,BAD_REQUEST_ERROR,invalid_cvv,invalid,1
4715,Card,IDFC First,15,2,0,0,GATEWAY_ERROR,internal_error,dropoff,1
1059,Card,Yes Bank,9,6,1,0,GATEWAY_ERROR,issuer_risk_block,risk,0
2734,Netbanking,IDFC First,17,6,0,1,BAD_REQUEST_ERROR,otp_timeout,dropoff,1
3678,UPI,Yes Bank,19,5,0,0,BAD_REQUEST_ERROR,issuer_general_decline,decline,0
1792,UPI,Axis Bank,1,3,2,0,BAD_REQUEST_ERROR,invalid_cvv,invalid,0
739,UPI,HDFC Bank,15,2,1,1,BAD_REQUEST_ERROR,invalid_cvv,invalid,0
3073,Netbanking,IDFC First,13,1,3,0,BAD_REQUEST_ERROR,otp_timeout,dropoff,1
6697,UPI,Kotak Mahindra,2,2,1,1,GATEWAY_ERROR,internal_error,timeout,1
10303,Netbanking,HDFC Bank,11,0,0,0,GATEWAY_ERROR,issuer_risk_block,risk,0
2140,Card,Axis Bank,5,2,0,1,GATEWAY_ERROR,issuer_risk_block,decline,1
980,UPI,SBI,18,4,1,0,GATEWAY_ERROR,internal_error,timeout,0
3748,UPI,Kotak Mahindra,11,1,0,0,GATEWAY_ERROR,issuer_risk_block,dropoff,0
239,Card,Axis Bank,21,5,0,1,GATEWAY_ERROR,issuer_unavailable,timeout,1
5467,UPI,SBI,0,0,1,1,GATEWAY_ERROR,internal_error,timeout,0
1998,Card,Axis Bank,23,4,1,0,BAD_REQUEST_ERROR,otp_timeout,dropoff,0
1092,Netbanking,HDFC Bank,9,2,0,0,BAD_REQUEST_ERROR,invalid_expiry,invalid,1
1608,UPI,ICICI Bank,0,5,0,0,BAD_REQUEST_ERROR,issuer_general_decline,decline,0
4842,UPI,Kotak Mahindra,13,5,1,0,BAD_REQUEST_ERROR,user_cancelled,dropoff,1
1193,Netbanking,Kotak Mahindra,9,1,0,0,BAD_REQUEST_ERROR,otp_timeout,dropoff,1
1817,UPI,ICICI Bank,16,6,0,1,BAD_REQUEST_ERROR,user_cancelled,risk,0
1418,UPI,IDFC First,1,1,0,0,GATEWAY_ERROR,issuer_unavailable,timeout,1
613,Card,ICICI Bank,1,0,1,1,BAD_REQUEST_ERROR,user_cancelled,dropoff,1
932,UPI,ICICI Bank,0,5,0,0,BAD_REQUEST_ERROR,user_cancelled,dropoff,1
327,UPI,Axis Bank,1,5,0,0,GATEWAY_ERROR,issuer_unavailable,timeout,1
5502,Card,HDFC Bank,20,2,0,0,GATEWAY_ERROR,issuer_risk_block,risk,0
12650,UPI,IDFC First,15,3,1,0,GATEWAY_ERROR,issuer_unavailable,timeout,1
1640,Card,Kotak Mahindra,8,5,0,1,GATEWAY_ERROR,internal_error,timeout,1
1813,UPI,Kotak Mahindra,12,2,2,1,GATEWAY_ERROR,internal_error,timeout,1
1025,Netbanking,SBI,15,1,0,0,GATEWAY_ERROR,issuer_unavailable,timeout,1
9108,UPI,Kotak Mahindra,2,6,0,1,BAD_REQUEST_ERROR,otp_timeout,dropoff,0
4223,Wallet,ICICI Bank,13,5,0,0,BAD_REQUEST_ERROR,invalid_expiry,invalid,0
833,Card,SBI,22,0,0,0,BAD_REQUEST_ERROR,invalid_cvv,invalid,0
1038,Netbanking,Axis Bank,7,5,0,0,BAD_REQUEST_ERROR,otp_timeout,dropoff,1
849,Card,SBI,9,2,2,1,BAD_REQUEST_ERROR,insufficient_funds,funds,1
20137,Wallet,Yes Bank,15,4,1,0,GATEWAY_ERROR,issuer_unavailable,timeout,1
1750,UPI,ICICI Bank,3,1,0,0,GATEWAY_ERROR,issuer_unavailable,timeout,1
525,UPI,Yes Bank,4,0,1,1,BAD_REQUEST_ERROR,invalid_expiry,invalid,1
794,Card,IDFC First,7,4,0,0,BAD_REQUEST_ERROR,invalid_expiry,invalid,1
782,UPI,Axis Bank,2,6,0,1,BAD_REQUEST_ERROR,otp_timeout,dropoff,1
4764,UPI,Axis Bank,21,6,0,0,GATEWAY_ERROR,internal_error,timeout,1
1802,UPI,HDFC Bank,16,0,3,0,GATEWAY_ERROR,issuer_unavailable,timeout,0
10275,UPI,Yes Bank,9,2,0,0,BAD_REQUEST_ERROR,invalid_cvv,invalid,1
1347,UPI,SBI,8,3,1,0,GATEWAY_ERROR,issuer_unavailable,timeout,1
2302,Wallet,ICICI Bank,6,1,0,0,BAD_REQUEST_ERROR,user_cancelled,dropoff,1
11916,Card,IDFC First,13,5,0,0,BAD_REQUEST_ERROR,user_cancelled,dropoff,1
302,UPI,IDFC First,4,6,0,0,GATEWAY_ERROR,issuer_unavailable,timeout,1
2662,Wallet,Yes Bank,12,6,2,0,BAD_REQUEST_ERROR,insufficient_funds,funds,1
402,Card,Axis Bank,17,4,0,0,GATEWAY_ERROR,internal_error,timeout,1
1164,Netbanking,Kotak Mahindra,10,1,0,0,BAD_REQUEST_ERROR,otp_timeout,dropoff,0
1226,UPI,Axis Bank,6,4,2,0,GATEWAY_ERROR,issuer_unavailable,timeout,1
1946,UPI,Axis Bank,9,5,0,0,BAD_REQUEST_ERROR,invalid_expiry,invalid,0
1498,UPI,Kotak Mahindra,15,0,3,0,BAD_REQUEST_ERROR,invalid_expiry,invalid,0
345,Card,ICICI Bank,18,0,0,0,BAD_REQUEST_ERROR,issuer_general_decline,decline,1
2033,UPI,IDFC First,10,6,1,0,BAD_REQUEST_ERROR,insufficient_funds,funds,0
4127,Netbanking,SBI,6,2,0,1,BAD_REQUEST_ERROR,issuer_general_decline,decline,1
1448,Card,Axis Bank,6,3,0,1,GATEWAY_ERROR,issuer_unavailable,timeout,1
967,UPI,ICICI Bank,2,6,0,0,BAD_REQUEST_ERROR,user_cancelled,dropoff,1
2322,UPI,Yes Bank,7,5,1,0,BAD_REQUEST_ERROR,invalid_expiry,risk,0
1415,Card,ICICI Bank,22,5,0,0,GATEWAY_ERROR,issuer_unavailable,timeout,0
1090,UPI,Axis Bank,8,0,0,0,GATEWAY_ERROR,issuer_unavailable,timeout,1
6497,UPI,Axis Bank,12,0,3,0,BAD_REQUEST_ERROR,user_cancelled,dropoff,1
1727,UPI,Yes Bank,21,6,0,0,GATEWAY_ERROR,issuer_unavailable,timeout,1
1641,Netbanking,SBI,14,5,0,1,GATEWAY_ERROR,internal_error,timeout,1
113,UPI,HDFC Bank,22,4,0,0,GATEWAY_ERROR,internal_error,timeout,1
1656,Netbanking,Kotak Mahindra,18,4,1,0,BAD_REQUEST_ERROR,user_cancelled,dropoff,1
212,UPI,Axis Bank,1,2,0,0,GATEWAY_ERROR,issuer_unavailable,timeout,1
685,UPI,ICICI Bank,1,0,1,0,BAD_REQUEST_ERROR,invalid_expiry,invalid,0
287,Card,Kotak Mahindra,1,3,0,0,BAD_REQUEST_ERROR,issuer_general_decline,decline,1
2156,UPI,Kotak Mahindra,19,0,0,0,GATEWAY_ERROR,issuer_unavailable,timeout,1
373,UPI,Axis Bank,18,6,0,1,GATEWAY_ERROR,internal_error,timeout,0
2185,UPI,SBI,16,1,2,0,GATEWAY_ERROR,issuer_unavailable,timeout,0
1054,UPI,HDFC Bank,5,5,0,0,BAD_REQUEST_ERROR,otp_timeout,dropoff,1
855,Netbanking,Yes Bank,14,2,0,1,BAD_REQUEST_ERROR,otp_timeout,dropoff,1
15386,Card,ICICI Bank,20,5,3,1,BAD_REQUEST_ERROR,user_cancelled,dropoff,0
555,UPI,ICICI Bank,7,0,2,1,BAD_REQUEST_ERROR,user_cancelled,funds,0
811,Wallet,SBI,19,1,1,0,BAD_REQUEST_ERROR,insufficient_funds,funds,0
19104,Card,Axis Bank,4,0,0,0,GATEWAY_ERROR,internal_error,timeout,0
2677,Card,Yes Bank,9,6,0,0,GATEWAY_ERROR,issuer_unavailable,timeout,1
1685,UPI,ICICI Bank,9,1,0,0,BAD_REQUEST_ERROR,user_cancelled,dropoff,1
5230,Wallet,HDFC Bank,12,4,2,1,BAD_REQUEST_ERROR,invalid_expiry,invalid,0
268,UPI,HDFC Bank,23,5,0,0,BAD_REQUEST_ERROR,issuer_general_decline,decline,1
757,Card,Axis Bank,5,3,1,0,BAD_REQUEST_ERROR,user_cancelled,dropoff,0
1252,UPI,Yes Bank,18,4,0,1,BAD_REQUEST_ERROR,user_cancelled,dropoff,1
3071,UPI,IDFC First,13,0,0,0,GATEWAY_ERROR,issuer_unavailable,timeout,1
2317,Card,Axis Bank,11,4,0,0,GATEWAY_ERROR,issuer_risk_block,risk,0
2169,UPI,Kotak Mahindra,12,4,2,0,BAD_REQUEST_ERROR,insufficient_funds,funds,0
2399,Wallet,HDFC Bank,16,5,2,1,GATEWAY_ERROR,internal_error,timeout,1
1100,Card,ICICI Bank,23,4,0,0,GATEWAY_ERROR,internal_error,timeout,1
834,Card,Kotak Mahindra,2,6,1,1,GATEWAY_ERROR,internal_error,timeout,1
5271,Card,Axis Bank,2,4,0,0,GATEWAY_ERROR,issuer_unavailable,funds,0
1196,Wallet,Axis Bank,5,1,2,0,GATEWAY_ERROR,internal_error,timeout,1
575,Card,IDFC First,16,0,2,1,GATEWAY_ERROR,issuer_unavailable,risk,0
1535,UPI,HDFC Bank,8,3,0,1,BAD_REQUEST_ERROR,otp_timeout,dropoff,0
2864,UPI,Axis Bank,16,5,2,0,BAD_REQUEST_ERROR,insufficient_funds,funds,0
512,Card,HDFC Bank,18,4,0,1,BAD_REQUEST_ERROR,otp_timeout,dropoff,1
2198,Wallet,ICICI Bank,1,2,1,1,BAD_REQUEST_ERROR,insufficient_funds,funds,1
172,Card,IDFC First,6,4,3,0,BAD_REQUEST_ERROR,insufficient_funds,funds,0
3211,Card,Kotak Mahindra,18,1,0,1,BAD_REQUEST_ERROR,invalid_cvv,invalid,0
433,UPI,SBI,0,3,0,0,BAD_REQUEST_ERROR,user_cancelled,dropoff,0
1061,UPI,SBI,15,1,3,0,BAD_REQUEST_ERROR,insufficient_funds,funds,0
1284,Card,Yes Bank,23,6,0,0,BAD_REQUEST_ERROR,invalid_expiry,invalid,1
1223,UPI,IDFC First,8,1,1,0,BAD_REQUEST_ERROR,invalid_expiry,invalid,1
807,Netbanking,Kotak Mahindra,5,5,1,0,BAD_REQUEST_ERROR,issuer_general_decline,decline,0
1176,Wallet,HDFC Bank,0,1,2,0,BAD_REQUEST_ERROR,insufficient_funds,funds,0
1950,Netbanking,SBI,17,1,1,0,BAD_REQUEST_ERROR,invalid_cvv,invalid,1
6666,Card,IDFC First,14,2,0,0,BAD_REQUEST_ERROR,otp_timeout,dropoff,1
1019,Netbanking,ICICI Bank,20,2,0,0,GATEWAY_ERROR,issuer_unavailable,timeout,1
1509,Card,IDFC First,14,0,1,0,GATEWAY_ERROR,internal_error,timeout,1
1057,UPI,ICICI Bank,6,6,1,0,BAD_REQUEST_ERROR,insufficient_funds,funds,0
271,Wallet,HDFC Bank,18,6,1,1,BAD_REQUEST_ERROR,issuer_general_decline,decline,1
1779,UPI,Kotak Mahindra,4,4,3,0,BAD_REQUEST_ERROR,invalid_cvv,invalid,0
4497,Card,Kotak Mahindra,16,1,0,0,BAD_REQUEST_ERROR,invalid_cvv,invalid,1
1954,Card,IDFC First,10,0,3,0,BAD_REQUEST_ERROR,insufficient_funds,funds,0
2862,Wallet,Yes Bank,13,4,0,0,BAD_REQUEST_ERROR,invalid_expiry,invalid,1
1243,Netbanking,Yes Bank,12,1,0,1,BAD_REQUEST_ERROR,invalid_cvv,invalid,1
1583,Card,Axis Bank,13,6,1,1,GATEWAY_ERROR,internal_error,timeout,1
5054,UPI,ICICI Bank,16,5,0,0,GATEWAY_ERROR,internal_error,timeout,1
5016,Card,Yes Bank,16,3,2,0,GATEWAY_ERROR,issuer_unavailable,timeout,1
10049,Card,Yes Bank,7,6,2,0,GATEWAY_ERROR,internal_error,funds,0
3702,Card,SBI,21,0,1,0,BAD_REQUEST_ERROR,otp_timeout,dropoff,1
2321,Wallet,Yes Bank,13,4,1,0,BAD_REQUEST_ERROR,insufficient_funds,funds,1
3632,UPI,HDFC Bank,12,4,0,0,BAD_REQUEST_ERROR,invalid_expiry,invalid,1
1303,Wallet,Kotak Mahindra,23,0,1,0,BAD_REQUEST_ERROR,issuer_general_decline,decline,1
686,Wallet,Axis Bank,6,3,0,0,BAD_REQUEST_ERROR,issuer_general_decline,decline,0
1501,UPI,Axis Bank,19,5,0,0,BAD_REQUEST_ERROR,invalid_cvv,invalid,1
952,UPI,IDFC First,16,3,1,0,BAD_REQUEST_ERROR,issuer_general_decline,decline,0
2964,UPI,IDFC First,16,2,1,0,GATEWAY_ERROR,internal_error,timeout,1
2105,Netbanking,ICICI Bank,0,3,0,0,GATEWAY_ERROR,internal_error,timeout,0
664,Card,ICICI Bank,11,5,1,1,BAD_REQUEST_ERROR,otp_timeout,dropoff,0
742,UPI,HDFC Bank,0,5,2,0,BAD_REQUEST_ERROR,invalid_cvv,invalid,1
665,UPI,ICICI Bank,7,1,2,1,GATEWAY_ERROR,internal_error,timeout,1
2381,Card,HDFC Bank,6,2,0,0,GATEWAY_ERROR,issuer_risk_block,risk,0
4961,UPI,Kotak Mahindra,1,4,1,1,BAD_REQUEST_ERROR,otp_timeout,dropoff,1
5202,Card,Yes Bank,6,1,1,0,BAD_REQUEST_ERROR,issuer_general_decline,decline,0
2024,UPI,ICICI Bank,16,4,0,1,BAD_REQUEST_ERROR,invalid_expiry,invalid,0
1304,Card,HDFC Bank,5,5,0,0,BAD_REQUEST_ERROR,otp_timeout,dropoff,0
1551,Card,ICICI Bank,10,0,1,0,BAD_REQUEST_ERROR,insufficient_funds,funds,0
4784,Card,Axis Bank,9,3,0,1,BAD_REQUEST_ERROR,invalid_expiry,invalid,1
3565,Card,Yes Bank,23,3,0,0,BAD_REQUEST_ERROR,issuer_general_decline,decline,0
417,Card,ICICI Bank,8,0,0,0,BAD_REQUEST_ERROR,invalid_cvv,invalid,0
420,Card,Yes Bank,20,0,0,1,BAD_REQUEST_ERROR,insufficient_funds,funds,0
2317,Wallet,SBI,7,2,0,1,BAD_REQUEST_ERROR,user_cancelled,dropoff,1
338,UPI,ICICI Bank,1,5,0,0,BAD_REQUEST_ERROR,issuer_general_decline,decline,0
2988,Card,IDFC First,22,0,0,0,BAD_REQUEST_ERROR,issuer_general_decline,decline,0
1150,Card,Axis Bank,8,5,0,0,GATEWAY_ERROR,issuer_risk_block,risk,0
1999,Netbanking,Kotak Mahindra,17,0,0,1,BAD_REQUEST_ERROR,otp_timeout,dropoff,1
3712,Card,ICICI Bank,22,6,0,0,BAD_REQUEST_ERROR,invalid_cvv,invalid,0
3708,UPI,HDFC Bank,9,6,0,0,BAD_REQUEST_ERROR,invalid_cvv,invalid,0
692,Card,SBI,23,2,0,0,GATEWAY_ERROR,issuer_risk_block,risk,0
2165,Wallet,Yes Bank,14,2,1,0,GATEWAY_ERROR,internal_error,timeout,1
2625,Card,IDFC First,5,3,1,1,BAD_REQUEST_ERROR,user_cancelled,dropoff,1
587,UPI,SBI,2,3,0,0,BAD_REQUEST_ERROR,invalid_cvv,invalid,1
2100,Netbanking,HDFC Bank,19,3,1,0,GATEWAY_ERROR,issuer_risk_block,risk,0
1874,Wallet,Yes Bank,17,2,1,0,BAD_REQUEST_ERROR,user_cancelled,dropoff,1
9512,Card,Yes Bank,6,4,1,0,GATEWAY_ERROR,internal_error,timeout,1
478,Wallet,Kotak Mahindra,23,5,0,0,GATEWAY_ERROR,issuer_risk_block,funds,0
1747,UPI,IDFC First,15,6,0,0,GATEWAY_ERROR,internal_error,timeout,1
7563,Wallet,Axis Bank,7,2,1,1,GATEWAY_ERROR,internal_error,timeout,0
324,UPI,Axis Bank,16,0,0,0,BAD_REQUEST_ERROR,invalid_expiry,invalid,0
1856,Wallet,ICICI Bank,11,0,0,0,GATEWAY_ERROR,internal_error,timeout,1
2111,Card,SBI,6,2,0,0,GATEWAY_ERROR,issuer_unavailable,timeout,1
5203,UPI,IDFC First,20,3,0,0,BAD_REQUEST_ERROR,invalid_expiry,invalid,1
773,Wallet,Kotak Mahindra,4,5,1,0,BAD_REQUEST_ERROR,invalid_expiry,invalid,1
1087,Netbanking,Kotak Mahindra,7,0,1,1,GATEWAY_ERROR,issuer_risk_block,risk,0
584,Netbanking,Kotak Mahindra,5,1,1,0,BAD_REQUEST_ERROR,insufficient_funds,funds,0
492,Card,Axis Bank,6,4,0,1,BAD_REQUEST_ERROR,issuer_general_decline,decline,0
912,Card,IDFC First,20,0,3,1,BAD_REQUEST_ERROR,invalid_expiry,invalid,1
486,UPI,Yes Bank,13,1,3,0,GATEWAY_ERROR,issuer_risk_block,risk,0
1128,UPI,Axis Bank,2,2,1,1,BAD_REQUEST_ERROR,user_cancelled,dropoff,1
7253,Card,HDFC Bank,15,0,0,1,BAD_REQUEST_ERROR,issuer_general_decline,decline,1
1830,UPI,IDFC First,7,1,0,0,BAD_REQUEST_ERROR,insufficient_funds,funds,0
1944,Netbanking,Kotak Mahindra,3,5,1,1,BAD_REQUEST_ERROR,insufficient_funds,funds,0
1592,Card,Kotak Mahindra,19,4,2,0,GATEWAY_ERROR,issuer_risk_block,risk,0
3401,UPI,IDFC First,5,6,0,1,BAD_REQUEST_ERROR,otp_timeout,dropoff,1
417,Card,Kotak Mahindra,3,4,0,1,BAD_REQUEST_ERROR,insufficient_funds,funds,0
1432,UPI,HDFC Bank,8,0,0,0,GATEWAY_ERROR,internal_error,timeout,1
1427,UPI,Kotak Mahindra,8,0,0,1,BAD_REQUEST_ERROR,otp_timeout,dropoff,1
130,Card,Yes Bank,20,0,0,1,BAD_REQUEST_ERROR,insufficient_funds,funds,0
12615,UPI,Kotak Mahindra,7,6,0,0,GATEWAY_ERROR,internal_error,timeout,1
226,UPI,Yes Bank,2,5,0,0,GATEWAY_ERROR,issuer_unavailable,timeout,1
11782,UPI,ICICI Bank,22,3,0,0,GATEWAY_ERROR,issuer_risk_block,risk,0
3064,UPI,HDFC Bank,0,3,0,0,BAD_REQUEST_ERROR,insufficient_funds,funds,0
2246,Card,HDFC Bank,15,4,0,1,BAD_REQUEST_ERROR,issuer_general_decline,decline,0
1014,UPI,ICICI Bank,18,0,0,0,GATEWAY_ERROR,issuer_unavailable,timeout,1
755,Netbanking,Axis Bank,18,1,3,0,BAD_REQUEST_ERROR,invalid_cvv,invalid,0
3234,Card,SBI,23,3,2,0,BAD_REQUEST_ERROR,otp_timeout,dropoff,0
627,Wallet,Axis Bank,19,5,1,0,BAD_REQUEST_ERROR,otp_timeout,dropoff,1
2373,Card,ICICI Bank,22,3,0,1,GATEWAY_ERROR,internal_error,timeout,1
422,UPI,Kotak Mahindra,10,2,0,0,GATEWAY_ERROR,internal_error,timeout,1
691,Wallet,HDFC Bank,22,4,3,0,BAD_REQUEST_ERROR,invalid_cvv,invalid,1
20352,Card,ICICI Bank,23,1,1,1,GATEWAY_ERROR,internal_error,timeout,0
7567,UPI,Axis Bank,13,2,3,1,BAD_REQUEST_ERROR,insufficient_funds,funds,0
1054,Card,Axis Bank,11,6,0,1,GATEWAY_ERROR,issuer_unavailable,timeout,0
1840,Wallet,SBI,11,1,1,0,GATEWAY_ERROR,internal_error,timeout,1
785,UPI,HDFC Bank,19,0,2,1,BAD_REQUEST_ERROR,insufficient_funds,funds,0
2790,Card,ICICI Bank,7,2,0,1,BAD_REQUEST_ERROR,invalid_cvv,invalid,1
344,Card,SBI,19,2,2,0,BAD_REQUEST_ERROR,issuer_general_decline,decline,1
2719,Card,IDFC First,18,1,0,0,BAD_REQUEST_ERROR,user_cancelled,dropoff,1
443,UPI,Axis Bank,4,0,1,0,BAD_REQUEST_ERROR,otp_timeout,dropoff,1
1181,Card,Yes Bank,22,0,1,1,BAD_REQUEST_ERROR,issuer_general_decline,invalid,1
469,Netbanking,Kotak Mahindra,3,1,1,0,BAD_REQUEST_ERROR,issuer_general_decline,decline,0
855,Netbanking,IDFC First,20,2,0,1,GATEWAY_ERROR,issuer_unavailable,dropoff,1
1646,Card,Yes Bank,11,3,2,0,BAD_REQUEST_ERROR,user_cancelled,dropoff,0
6022,UPI,HDFC Bank,1,6,0,0,BAD_REQUEST_ERROR,user_cancelled,dropoff,1
5441,Card,IDFC First,18,2,1,0,BAD_REQUEST_ERROR,issuer_general_decline,decline,1
4791,UPI,HDFC Bank,18,1,2,0,GATEWAY_ERROR,issuer_unavailable,timeout,1
717,UPI,HDFC Bank,18,3,3,0,BAD_REQUEST_ERROR,user_cancelled,dropoff,1
1472,UPI,HDFC Bank,9,4,0,1,BAD_REQUEST_ERROR,issuer_general_decline,decline,0
1042,Card,Axis Bank,19,4,2,1,BAD_REQUEST_ERROR,issuer_general_decline,decline,0
1140,Wallet,SBI,22,4,0,1,BAD_REQUEST_ERROR,invalid_expiry,invalid,1
5597,UPI,ICICI Bank,15,0,2,1,BAD_REQUEST_ERROR,user_cancelled,dropoff,1
2265,Card,Yes Bank,12,4,0,1,BAD_REQUEST_ERROR,otp_timeout,dropoff,1
1190,Netbanking,Axis Bank,15,5,2,1,BAD_REQUEST_ERROR,invalid_cvv,invalid,1
2517,UPI,Kotak Mahindra,9,1,1,1,BAD_REQUEST_ERROR,insufficient_funds,funds,1
3114,UPI,Kotak Mahindra,7,6,1,0,GATEWAY_ERROR,issuer_risk_block,risk,0
1416,Card,ICICI Bank,17,3,1,0,BAD_REQUEST_ERROR,user_cancelled,dropoff,0
2878,Netbanking,SBI,19,0,0,1,BAD_REQUEST_ERROR,issuer_general_decline,decline,0
474,UPI,Yes Bank,22,6,3,0,GATEWAY_ERROR,issuer_risk_block,risk,0
10608,Wallet,SBI,18,4,0,1,BAD_REQUEST_ERROR,insufficient_funds,funds,0
4402,UPI,HDFC Bank,21,1,3,1,BAD_REQUEST_ERROR,issuer_general_decline,decline,0
1756,UPI,HDFC Bank,6,3,0,0,BAD_REQUEST_ERROR,insufficient_funds,funds,0
1356,UPI,ICICI Bank,21,5,0,0,BAD_REQUEST_ERROR,otp_timeout,dropoff,1
252,UPI,ICICI Bank,8,4,1,0,BAD_REQUEST_ERROR,user_cancelled,dropoff,1
1095,Card,Axis Bank,4,6,3,0,BAD_REQUEST_ERROR,issuer_general_decline,timeout,0
4512,Card,SBI,8,2,2,0,BAD_REQUEST_ERROR,user_cancelled,dropoff,0
5825,Card,IDFC First,8,3,0,0,BAD_REQUEST_ERROR,user_cancelled,dropoff,1
1984,Card,Yes Bank,15,5,2,0,BAD_REQUEST_ERROR,invalid_expiry,invalid,0
2870,UPI,Axis Bank,5,2,2,0,BAD_REQUEST_ERROR,issuer_general_decline,decline,0
754,Wallet,HDFC Bank,20,2,0,1,BAD_REQUEST_ERROR,otp_timeout,dropoff,1
8344,UPI,Kotak Mahindra,6,1,2,0,BAD_REQUEST_ERROR,insufficient_funds,funds,0
2527,Netbanking,Yes Bank,4,6,0,0,BAD_REQUEST_ERROR,otp_timeout,dropoff,1
2898,Card,IDFC First,1,6,0,0,BAD_REQUEST_ERROR,invalid_cvv,invalid,0
1023,Wallet,HDFC Bank,2,0,1,1,GATEWAY_ERROR,issuer_unavailable,decline,0
721,UPI,Kotak Mahindra,11,6,0,0,GATEWAY_ERROR,issuer_risk_block,risk,0
602,Card,SBI,7,2,3,1,BAD_REQUEST_ERROR,insufficient_funds,funds,0
2393,Netbanking,ICICI Bank,0,6,0,0,GATEWAY_ERROR,internal_error,timeout,1
597,UPI,IDFC First,5,4,0,0,BAD_REQUEST_ERROR,user_cancelled,risk,0
5038,Netbanking,Kotak Mahindra,0,4,0,0,GATEWAY_ERROR,internal_error,timeout,1
2638,UPI,Kotak Mahindra,8,5,2,1,BAD_REQUEST_ERROR,otp_timeout,dropoff,1
2183,UPI,HDFC Bank,15,4,1,1,BAD_REQUEST_ERROR,user_cancelled,dropoff,1
3981,Card,IDFC First,17,2,0,1,BAD_REQUEST_ERROR,otp_timeout,dropoff,1
1032,Card,Axis Bank,16,2,1,0,BAD_REQUEST_ERROR,invalid_cvv,invalid,0
11214,Wallet,HDFC Bank,23,0,1,0,BAD_REQUEST_ERROR,issuer_general_decline,decline,0
3759,UPI,ICICI Bank,18,2,1,1,BAD_REQUEST_ERROR,invalid_cvv,invalid,1
1202,UPI,IDFC First,5,6,0,1,BAD_REQUEST_ERROR,invalid_expiry,invalid,0
2183,UPI,Kotak Mahindra,21,1,1,0,BAD_REQUEST_ERROR,invalid_expiry,invalid,0
2216,UPI,SBI,1,5,0,0,BAD_REQUEST_ERROR,insufficient_funds,funds,0
3995,Card,SBI,14,5,3,0,GATEWAY_ERROR,internal_error,timeout,1
5099,UPI,Yes Bank,18,5,0,1,BAD_REQUEST_ERROR,invalid_cvv,invalid,1
1999,UPI,IDFC First,19,1,0,0,GATEWAY_ERROR,internal_error,timeout,1
3501,UPI,IDFC First,9,5,0,0,GATEWAY_ERROR,issuer_unavailable,risk,0
2718,UPI,Kotak Mahindra,16,1,0,1,BAD_REQUEST_ERROR,user_cancelled,dropoff,1
636,UPI,SBI,23,1,1,0,BAD_REQUEST_ERROR,issuer_general_decline,decline,0
5784,Wallet,IDFC First,4,1,3,0,BAD_REQUEST_ERROR,otp_timeout,dropoff,0
102,Card,Axis Bank,22,5,1,1,BAD_REQUEST_ERROR,invalid_expiry,invalid,0
1198,Netbanking,Yes Bank,6,4,0,0,BAD_REQUEST_ERROR,invalid_cvv,invalid,0
486,Card,IDFC First,5,3,0,1,BAD_REQUEST_ERROR,insufficient_funds,funds,0
5292,Card,HDFC Bank,12,3,2,0,BAD_REQUEST_ERROR,user_cancelled,dropoff,0
2094,UPI,HDFC Bank,1,3,0,0,GATEWAY_ERROR,issuer_unavailable,timeout,1
1029,Card,Yes Bank,4,2,1,1,GATEWAY_ERROR,issuer_risk_block,risk,0
814,Card,ICICI Bank,18,1,2,0,GATEWAY_ERROR,issuer_risk_block,risk,0
3054,UPI,ICICI Bank,12,1,2,0,BAD_REQUEST_ERROR,user_cancelled,dropoff,0
1941,Netbanking,SBI,13,0,0,0,BAD_REQUEST_ERROR,issuer_general_decline,decline,0
955,UPI,HDFC Bank,9,1,0,0,GATEWAY_ERROR,issuer_risk_block,risk,0
1425,UPI,HDFC Bank,12,2,0,0,BAD_REQUEST_ERROR,otp_timeout,dropoff,1
8692,UPI,ICICI Bank,19,0,1,0,GATEWAY_ERROR,issuer_risk_block,risk,0
593,Card,Axis Bank,10,5,0,1,GATEWAY_ERROR,issuer_risk_block,risk,0
1512,UPI,Yes Bank,16,5,2,1,BAD_REQUEST_ERROR,issuer_general_decline,decline,0
3405,Card,SBI,9,3,0,1,BAD_REQUEST_ERROR,issuer_general_decline,decline,0
3069,UPI,SBI,11,3,0,0,GATEWAY_ERROR,internal_error,timeout,1
2509,Wallet,Axis Bank,1,0,1,0,GATEWAY_ERROR,internal_error,timeout,1
480,Card,Axis Bank,6,6,0,0,GATEWAY_ERROR,issuer_unavailable,timeout,1
1344,Netbanking,Kotak Mahindra,3,4,0,1,GATEWAY_ERROR,issuer_unavailable,timeout,1
2498,Card,SBI,4,2,0,1,BAD_REQUEST_ERROR,invalid_expiry,invalid,1
1496,Card,SBI,4,4,1,0,GATEWAY_ERROR,issuer_risk_block,risk,0
2904,Card,Axis Bank,6,1,1,1,BAD_REQUEST_ERROR,insufficient_funds,funds,1
1358,Card,SBI,7,1,2,0,BAD_REQUEST_ERROR,invalid_expiry,invalid,0
426,Card,HDFC Bank,1,1,0,0,BAD_REQUEST_ERROR,insufficient_funds,funds,0
4846,Netbanking,Yes Bank,10,2,1,0,BAD_REQUEST_ERROR,user_cancelled,dropoff,1
1477,UPI,SBI,4,3,0,0,GATEWAY_ERROR,issuer_unavailable,timeout,1
4332,Card,HDFC Bank,12,0,3,1,BAD_REQUEST_ERROR,invalid_expiry,invalid,0
15587,Card,HDFC Bank,19,6,0,0,BAD_REQUEST_ERROR,otp_timeout,dropoff,1
5471,UPI,Axis Bank,9,3,2,1,BAD_REQUEST_ERROR,otp_timeout,dropoff,0
2001,Card,IDFC First,23,2,0,1,BAD_REQUEST_ERROR,invalid_expiry,invalid,0
367,UPI,HDFC Bank,9,1,0,1,BAD_REQUEST_ERROR,otp_timeout,dropoff,0
1827,Card,Yes Bank,11,6,0,0,BAD_REQUEST_ERROR,invalid_expiry,invalid,1
1367,UPI,ICICI Bank,1,4,2,0,BAD_REQUEST_ERROR,user_cancelled,funds,0
1138,Card,SBI,12,1,1,1,BAD_REQUEST_ERROR,user_cancelled,dropoff,1
1787,Card,ICICI Bank,12,4,0,1,BAD_REQUEST_ERROR,issuer_general_decline,decline,0
3183,Wallet,HDFC Bank,18,3,0,0,GATEWAY_ERROR,issuer_risk_block,risk,0
1274,Card,Axis Bank,12,4,0,1,BAD_REQUEST_ERROR,issuer_general_decline,decline,1
2765,Card,Yes Bank,0,5,1,0,BAD_REQUEST_ERROR,user_cancelled,dropoff,1
8267,UPI,ICICI Bank,12,4,0,1,BAD_REQUEST_ERROR,otp_timeout,dropoff,1
1563,Card,SBI,10,2,1,0,GATEWAY_ERROR,internal_error,timeout,0
447,UPI,Kotak Mahindra,15,1,0,0,GATEWAY_ERROR,issuer_risk_block,risk,0
961,UPI,IDFC First,15,1,1,0,GATEWAY_ERROR,internal_error,decline,1
301,Netbanking,ICICI Bank,14,3,1,0,BAD_REQUEST_ERROR,invalid_cvv,invalid,0
1273,Card,SBI,7,1,0,0,BAD_REQUEST_ERROR,invalid_expiry,invalid,1
225,Card,Axis Bank,9,2,0,0,GATEWAY_ERROR,issuer_unavailable,timeout,1
2607,Card,ICICI Bank,15,1,1,0,BAD_REQUEST_ERROR,insufficient_funds,funds,1
24614,Card,Axis Bank,20,3,2,1,BAD_REQUEST_ERROR,insufficient_funds,funds,0
1384,Wallet,ICICI Bank,23,1,2,0,GATEWAY_ERROR,issuer_risk_block,risk,0
1020,UPI,SBI,22,6,3,1,BAD_REQUEST_ERROR,invalid_expiry,invalid,0
2181,Wallet,IDFC First,18,1,0,1,BAD_REQUEST_ERROR,invalid_expiry,invalid,1
3754,UPI,HDFC Bank,4,0,2,0,BAD_REQUEST_ERROR,invalid_cvv,invalid,1
7262,Card,Yes Bank,12,2,0,0,GATEWAY_ERROR,issuer_unavailable,timeout,1
1865,UPI,Axis Bank,11,0,0,1,BAD_REQUEST_ERROR,user_cancelled,dropoff,1
2838,Card,Kotak Mahindra,7,2,2,0,BAD_REQUEST_ERROR,invalid_expiry,invalid,0
2244,Netbanking,Kotak Mahindra,17,6,2,0,BAD_REQUEST_ERROR,invalid_expiry,invalid,1
1454,UPI,Kotak Mahindra,10,2,0,1,BAD_REQUEST_ERROR,insufficient_funds,funds,0
242,Card,IDFC First,1,1,2,1,BAD_REQUEST_ERROR,otp_timeout,dropoff,1
2161,Card,HDFC Bank,21,2,2,0,GATEWAY_ERROR,issuer_risk_block,risk,0
869,Card,ICICI Bank,12,5,0,1,BAD_REQUEST_ERROR,insufficient_funds,funds,0
1824,UPI,Axis Bank,22,2,1,1,BAD_REQUEST_ERROR,issuer_general_decline,decline,1
631,Netbanking,HDFC Bank,8,2,0,1,BAD_REQUEST_ERROR,insufficient_funds,funds,0
1359,Card,ICICI Bank,8,4,1,0,BAD_REQUEST_ERROR,issuer_general_decline,decline,0
792,Netbanking,Kotak Mahindra,17,4,1,1,GATEWAY_ERROR,issuer_risk_block,risk,0
1888,Card,HDFC Bank,21,5,1,0,BAD_REQUEST_ERROR,invalid_cvv,invalid,1
291,UPI,ICICI Bank,3,1,2,0,BAD_REQUEST_ERROR,invalid_expiry,decline,0
625,UPI,IDFC First,4,3,1,0,BAD_REQUEST_ERROR,issuer_general_decline,decline,0
710,UPI,IDFC First,9,6,2,1,BAD_REQUEST_ERROR,otp_timeout,dropoff,0
2091,Card,Yes Bank,3,6,1,0,BAD_REQUEST_ERROR,invalid_cvv,invalid,0
1181,Card,ICICI Bank,20,2,0,0,GATEWAY_ERROR,internal_error,timeout,1
1683,Netbanking,ICICI Bank,4,2,0,0,BAD_REQUEST_ERROR,invalid_expiry,invalid,0
767,UPI,IDFC First,1,2,1,1,GATEWAY_ERROR,issuer_unavailable,timeout,1
6456,UPI,Axis Bank,4,0,0,0,BAD_REQUEST_ERROR,otp_timeout,dropoff,0
1914,UPI,Yes Bank,14,3,0,0,BAD_REQUEST_ERROR,user_cancelled,dropoff,1
3986,Card,SBI,18,2,0,1,BAD_REQUEST_ERROR,user_cancelled,dropoff,0
2065,Netbanking,SBI,18,5,1,0,BAD_REQUEST_ERROR,invalid_expiry,invalid,0
2078,Card,IDFC First,21,1,0,1,BAD_REQUEST_ERROR,user_cancelled,dropoff,0
693,Netbanking,Axis Bank,16,6,0,0,GATEWAY_ERROR,issuer_risk_block,risk,0
12435,UPI,Axis Bank,23,4,1,0,GATEWAY_ERROR,internal_error,timeout,1
2315,UPI,Yes Bank,6,0,0,0,BAD_REQUEST_ERROR,issuer_general_decline,decline,1
4483,UPI,Kotak Mahindra,18,5,0,0,BAD_REQUEST_ERROR,issuer_general_decline,decline,1
1138,Netbanking,Kotak Mahindra,3,4,0,0,BAD_REQUEST_ERROR,invalid_cvv,invalid,1
3451,UPI,HDFC Bank,11,1,1,0,BAD_REQUEST_ERROR,otp_timeout,dropoff,1
3085,Card,HDFC Bank,4,4,0,0,GATEWAY_ERROR,internal_error,timeout,1
945,UPI,SBI,14,6,0,1,BAD_REQUEST_ERROR,invalid_cvv,invalid,1
287,UPI,IDFC First,0,6,0,0,BAD_REQUEST_ERROR,otp_timeout,dropoff,1
1978,UPI,IDFC First,13,1,0,0,GATEWAY_ERROR,internal_error,timeout,1
2218,Card,HDFC Bank,12,3,1,0,GATEWAY_ERROR,issuer_risk_block,risk,0
1281,UPI,ICICI Bank,6,1,0,0,BAD_REQUEST_ERROR,issuer_general_decline,decline,1
2143,Card,SBI,9,4,0,1,BAD_REQUEST_ERROR,invalid_expiry,dropoff,1
11044,Card,HDFC Bank,9,3,1,0,GATEWAY_ERROR,issuer_risk_block,risk,0
10212,UPI,Yes Bank,3,6,0,0,GATEWAY_ERROR,issuer_unavailable,timeout,1
803,UPI,Kotak Mahindra,16,5,0,0,BAD_REQUEST_ERROR,invalid_expiry,invalid,1
1257,Wallet,Kotak Mahindra,2,5,0,1,BAD_REQUEST_ERROR,invalid_expiry,invalid,0
3566,Card,Axis Bank,21,3,0,1,BAD_REQUEST_ERROR,invalid_cvv,invalid,0
4196,UPI,ICICI Bank,6,3,0,1,GATEWAY_ERROR,internal_error,dropoff,1
513,Card,Axis Bank,12,6,0,0,BAD_REQUEST_ERROR,invalid_cvv,invalid,1
1155,UPI,ICICI Bank,11,6,0,0,BAD_REQUEST_ERROR,invalid_expiry,invalid,1
1703,Wallet,ICICI Bank,15,3,0,0,GATEWAY_ERROR,issuer_unavailable,timeout,0
428,UPI,Axis Bank,17,0,0,1,GATEWAY_ERROR,issuer_unavailable,timeout,0
594,UPI,IDFC First,12,2,0,1,BAD_REQUEST_ERROR,invalid_expiry,invalid,0
7390,UPI,SBI,17,3,0,0,GATEWAY_ERROR,internal_error,timeout,1
2732,UPI,HDFC Bank,17,3,3,0,BAD_REQUEST_ERROR,invalid_expiry,invalid,1
1029,Card,ICICI Bank,10,5,0,0,BAD_REQUEST_ERROR,invalid_cvv,invalid,1
1585,Card,ICICI Bank,5,0,0,0,GATEWAY_ERROR,internal_error,timeout,0
1345,Card,ICICI Bank,15,6,0,0,BAD_REQUEST_ERROR,insufficient_funds,funds,0
1403,Netbanking,HDFC Bank,9,2,0,0,GATEWAY_ERROR,internal_error,timeout,1
7189,UPI,HDFC Bank,11,6,2,0,BAD_REQUEST_ERROR,invalid_cvv,invalid,0
7532,Netbanking,Axis Bank,4,1,0,0,BAD_REQUEST_ERROR,invalid_expiry,invalid,0
33645,UPI,Yes Bank,0,5,1,0,GATEWAY_ERROR,internal_error,timeout,0
644,UPI,Kotak Mahindra,7,3,0,1,BAD_REQUEST_ERROR,invalid_expiry,invalid,0
9161,UPI,Axis Bank,12,4,1,0,GATEWAY_ERROR,issuer_unavailable,timeout,0
1978,UPI,HDFC Bank,23,0,1,0,BAD_REQUEST_ERROR,user_cancelled,dropoff,1
2658,UPI,IDFC First,8,2,1,1,GATEWAY_ERROR,internal_error,timeout,1
1452,Card,Yes Bank,10,1,0,1,GATEWAY_ERROR,issuer_unavailable,timeout,1
1354,Wallet,ICICI Bank,19,2,0,0,BAD_REQUEST_ERROR,invalid_cvv,invalid,1
2128,Netbanking,Kotak Mahindra,21,3,1,0,GATEWAY_ERROR,issuer_risk_block,risk,0
1409,Netbanking,HDFC Bank,14,5,0,1,BAD_REQUEST_ERROR,issuer_general_decline,decline,1
576,UPI,HDFC Bank,7,4,2,1,GATEWAY_ERROR,internal_error,timeout,1
1481,UPI,SBI,4,5,0,0,BAD_REQUEST_ERROR,issuer_general_decline,decline,0
848,Netbanking,SBI,7,3,0,0,BAD_REQUEST_ERROR,otp_timeout,dropoff,1
9176,Wallet,Axis Bank,7,1,0,1,BAD_REQUEST_ERROR,insufficient_funds,funds,0
1364,Card,ICICI Bank,19,4,0,1,BAD_REQUEST_ERROR,user_cancelled,decline,1
3600,UPI,SBI,8,5,0,1,BAD_REQUEST_ERROR,user_cancelled,dropoff,1
407,Wallet,SBI,23,3,0,0,GATEWAY_ERROR,internal_error,timeout,1
6527,Wallet,SBI,1,0,2,1,BAD_REQUEST_ERROR,invalid_cvv,invalid,1
1011,Card,Yes Bank,9,0,0,0,GATEWAY_ERROR,internal_error,timeout,1
1895,Netbanking,Yes Bank,19,0,1,0,BAD_REQUEST_ERROR,invalid_cvv,invalid,1
2387,Netbanking,HDFC Bank,11,5,1,0,GATEWAY_ERROR,issuer_unavailable,timeout,1
1812,Card,ICICI Bank,17,3,0,0,BAD_REQUEST_ERROR,insufficient_funds,funds,0
7895,Netbanking,Axis Bank,9,3,0,1,BAD_REQUEST_ERROR,user_cancelled,dropoff,1
2538,UPI,HDFC Bank,17,1,1,0,BAD_REQUEST_ERROR,invalid_cvv,invalid,1
800,UPI,IDFC First,1,6,0,0,BAD_REQUEST_ERROR,user_cancelled,dropoff,1
1957,UPI,Axis Bank,12,1,2,0,GATEWAY_ERROR,issuer_unavailable,timeout,1
4089,UPI,Axis Bank,15,3,0,0,BAD_REQUEST_ERROR,user_cancelled,dropoff,1
3492,UPI,Kotak Mahindra,19,2,0,1,BAD_REQUEST_ERROR,insufficient_funds,funds,1
558,UPI,Kotak Mahindra,12,3,1,0,BAD_REQUEST_ERROR,issuer_general_decline,decline,0
5797,UPI,Axis Bank,10,3,0,1,BAD_REQUEST_ERROR,otp_timeout,dropoff,1
952,Card,Yes Bank,4,3,0,1,BAD_REQUEST_ERROR,insufficient_funds,funds,0
2705,UPI,HDFC Bank,2,0,0,1,BAD_REQUEST_ERROR,otp_timeout,dropoff,0
770,UPI,HDFC Bank,14,0,0,1,BAD_REQUEST_ERROR,invalid_cvv,dropoff,1
957,UPI,IDFC First,15,2,0,0,BAD_REQUEST_ERROR,otp_timeout,dropoff,1
1811,Card,Yes Bank,17,1,0,0,GATEWAY_ERROR,issuer_risk_block,risk,0
3874,UPI,IDFC First,17,3,0,0,BAD_REQUEST_ERROR,issuer_general_decline,decline,0
1412,Card,Kotak Mahindra,21,4,1,1,BAD_REQUEST_ERROR,user_cancelled,dropoff,1
937,Card,Axis Bank,18,3,1,0,BAD_REQUEST_ERROR,insufficient_funds,funds,0
3351,UPI,HDFC Bank,9,0,0,1,BAD_REQUEST_ERROR,issuer_general_decline,decline,1
4338,UPI,IDFC First,12,6,0,0,BAD_REQUEST_ERROR,invalid_expiry,decline,0
2514,Card,Axis Bank,16,1,2,0,BAD_REQUEST_ERROR,user_cancelled,dropoff,1
5606,Card,IDFC First,15,5,0,0,GATEWAY_ERROR,issuer_unavailable,timeout,0
849,Card,IDFC First,22,4,3,1,BAD_REQUEST_ERROR,user_cancelled,dropoff,1
178,UPI,ICICI Bank,23,4,2,0,BAD_REQUEST_ERROR,invalid_cvv,invalid,0
8490,UPI,IDFC First,6,5,0,0,BAD_REQUEST_ERROR,invalid_expiry,invalid,0
8224,Netbanking,ICICI Bank,14,4,2,1,BAD_REQUEST_ERROR,user_cancelled,dropoff,0
3993,UPI,Kotak Mahindra,18,3,0,1,GATEWAY_ERROR,internal_error,timeout,1
739,UPI,HDFC Bank,18,4,1,0,GATEWAY_ERROR,internal_error,timeout,1
1963,UPI,IDFC First,10,2,0,0,GATEWAY_ERROR,issuer_risk_block,risk,0
5696,UPI,HDFC Bank,1,5,0,0,BAD_REQUEST_ERROR,invalid_cvv,invalid,0
322,Card,IDFC First,21,5,1,0,GATEWAY_ERROR,issuer_unavailable,timeout,1
825,UPI,Kotak Mahindra,4,5,0,0,BAD_REQUEST_ERROR,issuer_general_decline,decline,0
1005,Card,Kotak Mahindra,15,4,0,1,GATEWAY_ERROR,issuer_unavailable,timeout,0
1114,Card,ICICI Bank,19,3,0,0,GATEWAY_ERROR,issuer_unavailable,timeout,1
986,UPI,IDFC First,20,6,3,0,BAD_REQUEST_ERROR,insufficient_funds,funds,1
1381,UPI,HDFC Bank,14,6,0,0,BAD_REQUEST_ERROR,invalid_cvv,invalid,1
361,UPI,SBI,14,3,0,0,GATEWAY_ERROR,internal_error,timeout,1
575,UPI,HDFC Bank,21,6,0,0,GATEWAY_ERROR,internal_error,timeout,0
2176,Card,HDFC Bank,8,0,0,1,BAD_REQUEST_ERROR,user_cancelled,dropoff,1
6585,Card,Kotak Mahindra,19,1,0,1,GATEWAY_ERROR,issuer_risk_block,risk,0
4026,UPI,HDFC Bank,20,0,0,0,BAD_REQUEST_ERROR,invalid_cvv,invalid,1
3628,Card,ICICI Bank,8,1,0,0,BAD_REQUEST_ERROR,user_cancelled,dropoff,1
10837,UPI,HDFC Bank,11,2,0,0,BAD_REQUEST_ERROR,invalid_cvv,decline,0
10102,Card,ICICI Bank,19,5,0,1,BAD_REQUEST_ERROR,invalid_cvv,invalid,1
1968,Wallet,Kotak Mahindra,9,2,0,1,BAD_REQUEST_ERROR,user_cancelled,dropoff,0
2090,Card,SBI,0,6,0,0,GATEWAY_ERROR,internal_error,timeout,1
2026,Card,Axis Bank,10,0,1,0,BAD_REQUEST_ERROR,invalid_expiry,invalid,1
1070,UPI,HDFC Bank,9,5,0,0,GATEWAY_ERROR,issuer_unavailable,timeout,1
904,Netbanking,Axis Bank,7,2,0,0,BAD_REQUEST_ERROR,otp_timeout,dropoff,0
1279,UPI,Axis Bank,20,0,1,1,GATEWAY_ERROR,issuer_unavailable,timeout,1
4276,Wallet,HDFC Bank,2,4,0,0,BAD_REQUEST_ERROR,invalid_cvv,invalid,0
7877,UPI,HDFC Bank,3,1,0,0,GATEWAY_ERROR,issuer_unavailable,timeout,1
2221,Netbanking,ICICI Bank,1,0,3,0,BAD_REQUEST_ERROR,otp_timeout,dropoff,0
444,UPI,Yes Bank,15,0,1,0,BAD_REQUEST_ERROR,invalid_expiry,invalid,1
1581,Netbanking,ICICI Bank,2,2,0,0,GATEWAY_ERROR,issuer_unavailable,timeout,0
741,Netbanking,SBI,11,1,0,1,BAD_REQUEST_ERROR,insufficient_funds,funds,0
448,Netbanking,IDFC First,22,4,0,1,GATEWAY_ERROR,issuer_risk_block,risk,0
22891,UPI,Yes Bank,10,5,0,0,BAD_REQUEST_ERROR,invalid_expiry,invalid,1
569,Card,ICICI Bank,14,0,3,0,GATEWAY_ERROR,internal_error,timeout,1
526,Netbanking,Kotak Mahindra,4,0,0,0,BAD_REQUEST_ERROR,otp_timeout,risk,0
1042,Wallet,IDFC First,1,2,1,1,BAD_REQUEST_ERROR,issuer_general_decline,decline,1
4179,Wallet,IDFC First,2,3,0,1,BAD_REQUEST_ERROR,invalid_expiry,invalid,1
1641,Card,HDFC Bank,9,3,0,0,BAD_REQUEST_ERROR,issuer_general_decline,decline,1
3541,Netbanking,Axis Bank,6,0,0,1,GATEWAY_ERROR,internal_error,timeout,1
233,UPI,IDFC First,14,0,2,0,GATEWAY_ERROR,internal_error,timeout,1
513,Card,HDFC Bank,17,3,2,1,BAD_REQUEST_ERROR,invalid_cvv,invalid,0
325,UPI,ICICI Bank,12,5,0,1,BAD_REQUEST_ERROR,insufficient_funds,timeout,1
2151,UPI,ICICI Bank,7,2,0,1,GATEWAY_ERROR,issuer_risk_block,risk,0
4500,UPI,ICICI Bank,15,2,0,1,GATEWAY_ERROR,issuer_risk_block,risk,0
201,Netbanking,Axis Bank,8,0,0,0,BAD_REQUEST_ERROR,invalid_expiry,invalid,0
1553,Card,IDFC First,6,1,1,1,BAD_REQUEST_ERROR,user_cancelled,dropoff,0
669,Card,ICICI Bank,2,5,3,0,GATEWAY_ERROR,issuer_unavailable,timeout,0
938,Card,Kotak Mahindra,15,5,2,0,BAD_REQUEST_ERROR,insufficient_funds,funds,0
831,Card,Kotak Mahindra,12,4,1,0,GATEWAY_ERROR,issuer_unavailable,timeout,1
4047,Card,ICICI Bank,12,3,2,1,BAD_REQUEST_ERROR,issuer_general_decline,decline,0
4438,Card,SBI,15,3,0,1,BAD_REQUEST_ERROR,user_cancelled,dropoff,1
1849,UPI,Kotak Mahindra,16,2,3,0,GATEWAY_ERROR,issuer_unavailable,timeout,0
854,Netbanking,SBI,7,1,1,0,BAD_REQUEST_ERROR,issuer_general_decline,decline,1
7871,Card,Yes Bank,13,1,0,0,BAD_REQUEST_ERROR,otp_timeout,dropoff,1
419,Card,Kotak Mahindra,6,0,0,1,BAD_REQUEST_ERROR,otp_timeout,dropoff,0
788,Card,HDFC Bank,9,0,0,1,BAD_REQUEST_ERROR,user_cancelled,dropoff,1
6149,Card,Kotak Mahindra,19,3,3,0,BAD_REQUEST_ERROR,issuer_general_decline,decline,0
3063,UPI,IDFC First,0,5,0,0,BAD_REQUEST_ERROR,otp_timeout,dropoff,1
9735,UPI,HDFC Bank,23,2,2,0,GATEWAY_ERROR,issuer_unavailable,timeout,1
1925,UPI,Axis Bank,21,4,1,0,GATEWAY_ERROR,issuer_unavailable,timeout,1
1764,UPI,ICICI Bank,19,3,0,1,GATEWAY_ERROR,issuer_risk_block,risk,0
4774,Card,IDFC First,4,6,0,0,GATEWAY_ERROR,internal_error,timeout,1
553,Netbanking,HDFC Bank,16,0,2,0,BAD_REQUEST_ERROR,invalid_expiry,invalid,0
1200,UPI,Axis Bank,23,1,1,1,BAD_REQUEST_ERROR,user_cancelled,dropoff,1
1862,Card,SBI,13,6,2,0,BAD_REQUEST_ERROR,issuer_general_decline,decline,0
5245,UPI,IDFC First,6,5,0,1,BAD_REQUEST_ERROR,user_cancelled,dropoff,1
1133,Card,Kotak Mahindra,22,0,2,0,GATEWAY_ERROR,issuer_unavailable,timeout,1
2307,Netbanking,Kotak Mahindra,8,0,3,0,BAD_REQUEST_ERROR,user_cancelled,dropoff,0
1874,Card,Axis Bank,10,4,1,0,BAD_REQUEST_ERROR,invalid_expiry,invalid,0
9543,Netbanking,IDFC First,13,0,0,0,GATEWAY_ERROR,issuer_risk_block,risk,0
8653,Netbanking,Yes Bank,18,3,1,1,BAD_REQUEST_ERROR,invalid_expiry,invalid,0
1139,Card,HDFC Bank,5,6,1,0,BAD_REQUEST_ERROR,issuer_general_decline,decline,0
1434,Netbanking,ICICI Bank,22,1,2,1,BAD_REQUEST_ERROR,insufficient_funds,funds,0
3513,Card,IDFC First,1,1,1,0,BAD_REQUEST_ERROR,invalid_expiry,invalid,0
817,UPI,ICICI Bank,10,6,3,0,BAD_REQUEST_ERROR,insufficient_funds,funds,0
675,UPI,Kotak Mahindra,11,0,3,0,BAD_REQUEST_ERROR,otp_timeout,dropoff,1
11547,UPI,Axis Bank,17,1,0,0,GATEWAY_ERROR,issuer_unavailable,timeout,1
3092,UPI,Kotak Mahindra,5,0,2,0,GATEWAY_ERROR,issuer_risk_block,risk,0
6001,Netbanking,IDFC First,17,6,1,0,GATEWAY_ERROR,internal_error,timeout,1
854,UPI,Yes Bank,5,4,0,0,BAD_REQUEST_ERROR,otp_timeout,dropoff,0
1765,UPI,Yes Bank,8,4,0,0,BAD_REQUEST_ERROR,invalid_cvv,invalid,0
14833,UPI,SBI,2,3,1,0,BAD_REQUEST_ERROR,insufficient_funds,funds,0
844,Card,IDFC First,3,0,0,0,GATEWAY_ERROR,issuer_unavailable,timeout,1
1424,UPI,HDFC Bank,5,0,0,1,GATEWAY_ERROR,internal_error,timeout,1
210,Wallet,Axis Bank,11,5,1,0,BAD_REQUEST_ERROR,invalid_expiry,invalid,1
3538,UPI,Axis Bank,23,1,0,0,GATEWAY_ERROR,issuer_unavailable,timeout,1
2416,UPI,Kotak Mahindra,1,0,0,1,BAD_REQUEST_ERROR,insufficient_funds,funds,0
2235,UPI,Kotak Mahindra,6,5,0,0,GATEWAY_ERROR,issuer_risk_block,risk,0
2962,Netbanking,IDFC First,4,2,1,1,BAD_REQUEST_ERROR,invalid_cvv,invalid,0
18596,UPI,Axis Bank,2,2,0,0,BAD_REQUEST_ERROR,otp_timeout,risk,0
1331,UPI,SBI,13,2,2,1,BAD_REQUEST_ERROR,issuer_general_decline,decline,1
3752,Wallet,ICICI Bank,20,3,1,0,BAD_REQUEST_ERROR,invalid_expiry,invalid,1
2993,Card,HDFC Bank,4,6,1,0,BAD_REQUEST_ERROR,invalid_expiry,invalid,0
1354,Netbanking,Axis Bank,6,3,2,1,BAD_REQUEST_ERROR,invalid_expiry,invalid,0
6929,Card,IDFC First,22,1,1,0,BAD_REQUEST_ERROR,invalid_cvv,invalid,1
691,Netbanking,ICICI Bank,13,5,2,1,BAD_REQUEST_ERROR,invalid_cvv,invalid,1
355,Card,Yes Bank,19,6,0,0,BAD_REQUEST_ERROR,issuer_general_decline,decline,0
4044,UPI,ICICI Bank,7,1,1,0,BAD_REQUEST_ERROR,invalid_cvv,invalid,0
2691,Netbanking,IDFC First,12,1,0,0,BAD_REQUEST_ERROR,invalid_cvv,invalid,0
602,Netbanking,IDFC First,4,0,1,0,GATEWAY_ERROR,issuer_risk_block,risk,0
1155,UPI,Kotak Mahindra,7,2,2,0,BAD_REQUEST_ERROR,otp_timeout,dropoff,1
7454,Netbanking,ICICI Bank,22,0,3,1,BAD_REQUEST_ERROR,otp_timeout,dropoff,1
4315,UPI,SBI,19,4,0,0,BAD_REQUEST_ERROR,user_cancelled,dropoff,1
1545,UPI,ICICI Bank,1,4,0,1,GATEWAY_ERROR,internal_error,timeout,1
1747,Card,HDFC Bank,17,0,1,1,BAD_REQUEST_ERROR,insufficient_funds,funds,1
24126,UPI,Yes Bank,20,6,1,1,BAD_REQUEST_ERROR,otp_timeout,decline,0
7408,Card,Yes Bank,4,3,2,0,GATEWAY_ERROR,issuer_risk_block,risk,0
4866,UPI,Yes Bank,23,4,0,0,GATEWAY_ERROR,issuer_risk_block,risk,0
2664,Card,Axis Bank,8,0,0,0,GATEWAY_ERROR,issuer_risk_block,risk,0
1131,Netbanking,IDFC First,11,0,0,1,BAD_REQUEST_ERROR,otp_timeout,dropoff,0
1422,Wallet,Kotak Mahindra,12,3,0,0,BAD_REQUEST_ERROR,user_cancelled,dropoff,1
1331,Card,ICICI Bank,22,6,0,0,BAD_REQUEST_ERROR,issuer_general_decline,decline,0
2693,Netbanking,Kotak Mahindra,9,2,0,0,GATEWAY_ERROR,internal_error,timeout,0
437,Card,ICICI Bank,20,0,0,1,GATEWAY_ERROR,issuer_risk_block,risk,0
1228,Card,SBI,17,2,0,0,GATEWAY_ERROR,issuer_risk_block,risk,1
5272,Netbanking,IDFC First,6,0,1,0,BAD_REQUEST_ERROR,otp_timeout,dropoff,0
4456,UPI,ICICI Bank,8,3,0,1,BAD_REQUEST_ERROR,invalid_cvv,invalid,1
1811,Wallet,Yes Bank,23,6,2,0,BAD_REQUEST_ERROR,invalid_cvv,invalid,1
585,UPI,ICICI Bank,3,4,2,0,GATEWAY_ERROR,internal_error,timeout,1
3092,Card,HDFC Bank,18,3,0,1,BAD_REQUEST_ERROR,invalid_cvv,decline,0
1398,Card,IDFC First,5,4,0,1,BAD_REQUEST_ERROR,issuer_general_decline,decline,1
1993,Card,ICICI Bank,22,1,0,0,BAD_REQUEST_ERROR,invalid_expiry,invalid,1
1850,UPI,IDFC First,18,6,1,0,BAD_REQUEST_ERROR,insufficient_funds,funds,1
2564,Card,Kotak Mahindra,9,1,0,0,GATEWAY_ERROR,issuer_unavailable,timeout,1
3086,Netbanking,HDFC Bank,21,2,1,1,GATEWAY_ERROR,issuer_risk_block,risk,0
210,Card,HDFC Bank,3,5,1,1,GATEWAY_ERROR,issuer_unavailable,timeout,1
599,Netbanking,HDFC Bank,21,3,1,0,GATEWAY_ERROR,internal_error,timeout,1
1073,UPI,IDFC First,15,5,1,1,GATEWAY_ERROR,issuer_unavailable,timeout,1
1008,UPI,IDFC First,22,1,0,1,BAD_REQUEST_ERROR,invalid_expiry,dropoff,0
3251,UPI,Axis Bank,16,3,1,0,BAD_REQUEST_ERROR,invalid_expiry,invalid,1
3785,Netbanking,Kotak Mahindra,19,2,0,0,BAD_REQUEST_ERROR,user_cancelled,dropoff,0
2122,Wallet,ICICI Bank,4,1,0,0,BAD_REQUEST_ERROR,insufficient_funds,funds,0
12808,Card,IDFC First,15,5,0,0,GATEWAY_ERROR,issuer_risk_block,risk,0
1573,Card,Kotak Mahindra,3,4,1,1,GATEWAY_ERROR,internal_error,timeout,1
686,Netbanking,SBI,1,6,1,0,BAD_REQUEST_ERROR,otp_timeout,dropoff,1
621,Card,ICICI Bank,4,1,2,0,GATEWAY_ERROR,internal_error,timeout,0
1297,Wallet,Yes Bank,22,4,2,1,BAD_REQUEST_ERROR,insufficient_funds,funds,1
2944,UPI,HDFC Bank,17,0,0,0,BAD_REQUEST_ERROR,otp_timeout,dropoff,1
1420,UPI,Yes Bank,12,3,2,0,BAD_REQUEST_ERROR,user_cancelled,dropoff,1
1598,UPI,Kotak Mahindra,23,6,3,1,GATEWAY_ERROR,issuer_unavailable,timeout,1
1224,UPI,ICICI Bank,15,0,0,0,GATEWAY_ERROR,internal_error,timeout,1
3094,Card,Yes Bank,3,2,1,0,BAD_REQUEST_ERROR,invalid_cvv,invalid,0
1517,Card,IDFC First,15,1,0,0,BAD_REQUEST_ERROR,otp_timeout,dropoff,0
588,Netbanking,Axis Bank,17,5,0,0,BAD_REQUEST_ERROR,user_cancelled,dropoff,1
1308,UPI,SBI,10,5,0,0,BAD_REQUEST_ERROR,user_cancelled,dropoff,1
1374,Wallet,Kotak Mahindra,7,5,3,1,GATEWAY_ERROR,internal_error,timeout,1
10335,UPI,Axis Bank,20,5,1,1,BAD_REQUEST_ERROR,issuer_general_decline,decline,0
1705,Card,SBI,2,5,1,0,GATEWAY_ERROR,internal_error,timeout,1
1581,Card,Yes Bank,8,4,0,0,BAD_REQUEST_ERROR,user_cancelled,dropoff,1
4406,UPI,IDFC First,19,1,1,0,BAD_REQUEST_ERROR,insufficient_funds,funds,1
1593,Netbanking,Axis Bank,22,0,0,0,BAD_REQUEST_ERROR,invalid_expiry,invalid,1
4319,Card,IDFC First,11,5,0,0,BAD_REQUEST_ERROR,invalid_expiry,invalid,0
1685,Wallet,Yes Bank,20,1,1,0,BAD_REQUEST_ERROR,invalid_cvv,invalid,1
1109,Netbanking,Yes Bank,7,4,0,0,BAD_REQUEST_ERROR,issuer_general_decline,decline,0
1054,UPI,Kotak Mahindra,14,1,0,1,GATEWAY_ERROR,internal_error,timeout,1
15992,Wallet,ICICI Bank,16,1,1,1,GATEWAY_ERROR,issuer_risk_block,risk,0
1692,UPI,SBI,5,5,1,1,BAD_REQUEST_ERROR,issuer_general_decline,decline,1
111,Card,IDFC First,18,1,0,0,BAD_REQUEST_ERROR,insufficient_funds,funds,0
5694,Netbanking,Axis Bank,10,4,0,0,BAD_REQUEST_ERROR,insufficient_funds,funds,0
622,Wallet,SBI,21,6,0,1,BAD_REQUEST_ERROR,issuer_general_decline,decline,0
1513,Netbanking,Yes Bank,13,0,0,0,BAD_REQUEST_ERROR,invalid_cvv,invalid,1
4161,UPI,ICICI Bank,23,3,0,1,BAD_REQUEST_ERROR,issuer_general_decline,decline,0
5204,UPI,SBI,6,5,0,0,GATEWAY_ERROR,issuer_unavailable,risk,0
860,UPI,HDFC Bank,9,3,2,0,BAD_REQUEST_ERROR,invalid_expiry,invalid,0
1514,Netbanking,Axis Bank,9,4,0,1,BAD_REQUEST_ERROR,insufficient_funds,funds,1
2979,UPI,ICICI Bank,1,4,1,0,BAD_REQUEST_ERROR,invalid_expiry,decline,1
1671,Netbanking,IDFC First,14,0,0,0,BAD_REQUEST_ERROR,insufficient_funds,funds,0
3605,Card,SBI,13,2,2,0,GATEWAY_ERROR,internal_error,timeout,1
1467,Card,Axis Bank,18,3,2,1,BAD_REQUEST_ERROR,user_cancelled,dropoff,0
999,UPI,SBI,9,0,0,1,BAD_REQUEST_ERROR,otp_timeout,dropoff,1
418,UPI,ICICI Bank,10,0,1,0,BAD_REQUEST_ERROR,issuer_general_decline,decline,0
20240,UPI,Kotak Mahindra,18,1,0,1,BAD_REQUEST_ERROR,invalid_expiry,invalid,1
1841,Card,ICICI Bank,16,0,0,1,BAD_REQUEST_ERROR,invalid_expiry,invalid,0
711,Card,Kotak Mahindra,6,6,0,1,GATEWAY_ERROR,issuer_risk_block,risk,0
5739,Netbanking,HDFC Bank,9,4,1,0,BAD_REQUEST_ERROR,invalid_expiry,invalid,0
925,Netbanking,SBI,21,2,2,1,BAD_REQUEST_ERROR,invalid_cvv,invalid,0
1458,UPI,Yes Bank,21,2,0,0,BAD_REQUEST_ERROR,invalid_expiry,invalid,1
1998,UPI,Kotak Mahindra,3,4,0,1,GATEWAY_ERROR,issuer_risk_block,risk,0
519,Card,Yes Bank,21,5,0,1,BAD_REQUEST_ERROR,user_cancelled,dropoff,1
7267,UPI,Yes Bank,10,2,0,0,BAD_REQUEST_ERROR,issuer_general_decline,decline,1
1187,Netbanking,Axis Bank,1,1,1,0,GATEWAY_ERROR,issuer_unavailable,timeout,0
1500,Card,Axis Bank,8,5,0,0,GATEWAY_ERROR,issuer_unavailable,timeout,1
362,UPI,Yes Bank,18,2,2,1,GATEWAY_ERROR,issuer_risk_block,risk,0
2311,Card,IDFC First,23,5,0,0,BAD_REQUEST_ERROR,invalid_cvv,invalid,0
1165,UPI,Axis Bank,10,5,0,0,BAD_REQUEST_ERROR,invalid_expiry,invalid,1
3693,Card,Yes Bank,19,6,1,0,BAD_REQUEST_ERROR,invalid_cvv,invalid,0
2543,UPI,IDFC First,12,2,1,0,BAD_REQUEST_ERROR,invalid_expiry,invalid,1
7543,UPI,Yes Bank,2,2,1,0,BAD_REQUEST_ERROR,issuer_general_decline,decline,0
3882,UPI,Axis Bank,4,2,1,0,BAD_REQUEST_ERROR,invalid_expiry,invalid,1
1394,UPI,IDFC First,22,5,2,0,BAD_REQUEST_ERROR,otp_timeout,dropoff,0
318,Card,ICICI Bank,7,4,2,0,BAD_REQUEST_ERROR,user_cancelled,dropoff,0
337,UPI,HDFC Bank,15,2,1,0,GATEWAY_ERROR,internal_error,timeout,1
2309,UPI,Kotak Mahindra,16,2,1,0,GATEWAY_ERROR,issuer_unavailable,timeout,1
11873,Netbanking,Axis Bank,2,5,1,0,BAD_REQUEST_ERROR,invalid_cvv,invalid,0
4942,Card,Axis Bank,4,4,1,0,BAD_REQUEST_ERROR,issuer_general_decline,risk,0
1034,Card,ICICI Bank,13,3,1,0,BAD_REQUEST_ERROR,invalid_cvv,invalid,1
5060,UPI,SBI,18,4,1,1,BAD_REQUEST_ERROR,invalid_expiry,invalid,0
7310,Card,Yes Bank,5,4,1,0,BAD_REQUEST_ERROR,otp_timeout,dropoff,0
16190,Card,ICICI Bank,9,3,0,0,BAD_REQUEST_ERROR,insufficient_funds,funds,0
3138,Netbanking,Yes Bank,4,5,3,0,BAD_REQUEST_ERROR,issuer_general_decline,invalid,1
513,UPI,IDFC First,7,1,1,1,BAD_REQUEST_ERROR,issuer_general_decline,decline,0
2548,UPI,Yes Bank,1,2,1,1,BAD_REQUEST_ERROR,invalid_cvv,invalid,0
620,UPI,Axis Bank,0,5,0,0,BAD_REQUEST_ERROR,otp_timeout,dropoff,1
347,Wallet,SBI,9,6,0,0,BAD_REQUEST_ERROR,invalid_cvv,dropoff,1
8877,Netbanking,HDFC Bank,7,6,1,1,GATEWAY_ERROR,issuer_risk_block,risk,0
889,UPI,HDFC Bank,15,3,1,0,BAD_REQUEST_ERROR,user_cancelled,dropoff,0
3828,Netbanking,IDFC First,6,3,1,1,GATEWAY_ERROR,issuer_unavailable,timeout,1
2721,Wallet,Axis Bank,11,2,1,1,GATEWAY_ERROR,issuer_unavailable,timeout,1
995,UPI,Axis Bank,14,5,2,1,GATEWAY_ERROR,issuer_unavailable,timeout,1
8864,Card,Kotak Mahindra,18,1,1,0,BAD_REQUEST_ERROR,issuer_general_decline,decline,0
1845,UPI,Yes Bank,14,0,0,0,GATEWAY_ERROR,internal_error,timeout,1
1781,UPI,Axis Bank,15,4,0,0,BAD_REQUEST_ERROR,issuer_general_decline,decline,0
1905,Netbanking,Axis Bank,15,5,0,0,BAD_REQUEST_ERROR,issuer_general_decline,risk,0
988,UPI,Kotak Mahindra,15,4,1,1,BAD_REQUEST_ERROR,otp_timeout,dropoff,0
1113,Card,Yes Bank,17,0,1,1,GATEWAY_ERROR,issuer_unavailable,timeout,1
288,UPI,HDFC Bank,6,1,0,1,GATEWAY_ERROR,internal_error,timeout,1
1433,UPI,ICICI Bank,8,0,0,1,BAD_REQUEST_ERROR,invalid_cvv,invalid,1
5504,Netbanking,Kotak Mahindra,6,1,1,0,GATEWAY_ERROR,internal_error,timeout,1
819,UPI,IDFC First,17,1,2,1,BAD_REQUEST_ERROR,issuer_general_decline,decline,0
9899,Card,HDFC Bank,1,6,0,1,GATEWAY_ERROR,issuer_risk_block,risk,0
3484,Netbanking,HDFC Bank,16,1,0,0,BAD_REQUEST_ERROR,user_cancelled,dropoff,0
4695,Netbanking,SBI,12,2,1,0,GATEWAY_ERROR,issuer_unavailable,timeout,1
713,Card,HDFC Bank,11,2,0,0,BAD_REQUEST_ERROR,otp_timeout,dropoff,1
1549,Netbanking,Kotak Mahindra,11,4,0,0,BAD_REQUEST_ERROR,otp_timeout,dropoff,1
1591,Card,ICICI Bank,1,1,3,0,BAD_REQUEST_ERROR,invalid_expiry,invalid,0
2986,Card,SBI,16,1,0,0,GATEWAY_ERROR,issuer_unavailable,timeout,1
1911,UPI,SBI,23,4,0,0,BAD_REQUEST_ERROR,insufficient_funds,funds,0
1672,Netbanking,Kotak Mahindra,16,3,0,1,GATEWAY_ERROR,issuer_unavailable,timeout,0
4575,UPI,SBI,23,6,0,0,BAD_REQUEST_ERROR,invalid_expiry,invalid,1
2908,UPI,IDFC First,16,4,0,1,BAD_REQUEST_ERROR,otp_timeout,dropoff,1
4977,Card,ICICI Bank,8,1,2,0,BAD_REQUEST_ERROR,otp_timeout,dropoff,1
1693,UPI,SBI,14,4,1,0,BAD_REQUEST_ERROR,invalid_expiry,invalid,1
5986,Card,ICICI Bank,1,5,1,1,BAD_REQUEST_ERROR,otp_timeout,dropoff,0
1860,Card,SBI,10,1,0,1,GATEWAY_ERROR,internal_error,timeout,0
2391,Netbanking,Yes Bank,5,5,1,0,BAD_REQUEST_ERROR,user_cancelled,dropoff,1
1991,Wallet,SBI,22,4,0,0,BAD_REQUEST_ERROR,invalid_cvv,invalid,0
1532,Card,SBI,9,6,0,1,GATEWAY_ERROR,issuer_risk_block,risk,0
1006,UPI,IDFC First,14,2,0,0,BAD_REQUEST_ERROR,issuer_general_decline,decline,1
841,Netbanking,Yes Bank,5,0,0,1,GATEWAY_ERROR,internal_error,timeout,1
1423,Card,IDFC First,3,2,1,1,BAD_REQUEST_ERROR,invalid_expiry,invalid,1
1782,UPI,Kotak Mahindra,13,5,0,0,GATEWAY_ERROR,issuer_unavailable,timeout,1
2141,UPI,HDFC Bank,3,2,1,0,BAD_REQUEST_ERROR,issuer_general_decline,decline,1
522,UPI,Kotak Mahindra,0,6,0,0,BAD_REQUEST_ERROR,insufficient_funds,funds,1
591,Card,SBI,21,6,0,1,BAD_REQUEST_ERROR,invalid_cvv,invalid,0
1829,UPI,ICICI Bank,13,4,0,1,BAD_REQUEST_ERROR,user_cancelled,dropoff,1
2083,UPI,Yes Bank,4,6,2,1,GATEWAY_ERROR,issuer_unavailable,timeout,1
2551,Card,Axis Bank,20,6,0,0,BAD_REQUEST_ERROR,invalid_expiry,invalid,0
3559,UPI,ICICI Bank,22,5,1,0,BAD_REQUEST_ERROR,issuer_general_decline,decline,0
1442,Netbanking,Kotak Mahindra,6,1,0,0,GATEWAY_ERROR,issuer_risk_block,invalid,0
6799,Netbanking,Axis Bank,17,5,0,1,GATEWAY_ERROR,issuer_risk_block,risk,0
1838,Card,Axis Bank,7,4,0,0,BAD_REQUEST_ERROR,invalid_cvv,invalid,1
267,UPI,HDFC Bank,19,0,0,1,GATEWAY_ERROR,issuer_risk_block,risk,0
1746,Card,SBI,11,4,0,1,BAD_REQUEST_ERROR,invalid_expiry,invalid,0
1423,UPI,Yes Bank,16,6,1,0,BAD_REQUEST_ERROR,invalid_expiry,invalid,1
775,UPI,Kotak Mahindra,9,1,0,0,GATEWAY_ERROR,issuer_unavailable,timeout,1
6393,UPI,SBI,21,1,0,0,BAD_REQUEST_ERROR,invalid_cvv,invalid,1
1044,UPI,Kotak Mahindra,13,4,0,1,BAD_REQUEST_ERROR,issuer_general_decline,decline,0
6125,Card,Yes Bank,3,2,0,0,BAD_REQUEST_ERROR,otp_timeout,dropoff,0
1791,Netbanking,ICICI Bank,7,4,0,0,GATEWAY_ERROR,internal_error,timeout,1
5755,UPI,HDFC Bank,4,5,1,0,GATEWAY_ERROR,issuer_risk_block,risk,0
1106,Netbanking,Kotak Mahindra,6,4,3,1,BAD_REQUEST_ERROR,otp_timeout,dropoff,1
2228,UPI,Kotak Mahindra,3,1,1,1,BAD_REQUEST_ERROR,insufficient_funds,funds,0
2911,Netbanking,SBI,5,0,0,0,GATEWAY_ERROR,issuer_unavailable,timeout,0
2631,Card,HDFC Bank,0,5,2,0,BAD_REQUEST_ERROR,issuer_general_decline,decline,0
1244,Wallet,HDFC Bank,19,2,1,0,GATEWAY_ERROR,issuer_unavailable,timeout,0
1839,Wallet,SBI,0,2,0,0,BAD_REQUEST_ERROR,invalid_expiry,invalid,1
156,Card,Yes Bank,1,6,0,0,GATEWAY_ERROR,issuer_unavailable,timeout,1
2370,Wallet,SBI,3,6,0,0,BAD_REQUEST_ERROR,issuer_general_decline,decline,0
9684,Wallet,Yes Bank,12,0,0,0,GATEWAY_ERROR,issuer_risk_block,risk,0
3403,Card,HDFC Bank,1,4,0,0,BAD_REQUEST_ERROR,invalid_expiry,dropoff,1
1128,UPI,ICICI Bank,16,5,0,0,BAD_REQUEST_ERROR,insufficient_funds,funds,0
2534,UPI,Axis Bank,20,6,1,0,BAD_REQUEST_ERROR,otp_timeout,invalid,1
4518,UPI,Axis Bank,5,6,1,0,BAD_REQUEST_ERROR,invalid_cvv,dropoff,1
648,UPI,SBI,23,2,0,0,BAD_REQUEST_ERROR,invalid_expiry,invalid,0
1018,UPI,Yes Bank,16,3,1,1,BAD_REQUEST_ERROR,otp_timeout,dropoff,1
1315,Wallet,IDFC First,17,5,1,1,GATEWAY_ERROR,issuer_unavailable,funds,0
488,Wallet,Kotak Mahindra,23,0,1,0,GATEWAY_ERROR,issuer_unavailable,timeout,1
3045,Card,Yes Bank,5,4,0,0,GATEWAY_ERROR,internal_error,timeout,1
597,UPI,HDFC Bank,19,6,1,1,BAD_REQUEST_ERROR,insufficient_funds,funds,0
4351,Card,IDFC First,18,4,0,1,BAD_REQUEST_ERROR,issuer_general_decline,decline,1
262,Wallet,ICICI Bank,16,2,0,0,GATEWAY_ERROR,internal_error,timeout,1
653,Card,Yes Bank,9,6,0,0,GATEWAY_ERROR,issuer_risk_block,risk,0
12806,UPI,HDFC Bank,16,2,2,1,GATEWAY_ERROR,internal_error,timeout,1
1267,Netbanking,IDFC First,22,6,1,0,BAD_REQUEST_ERROR,insufficient_funds,risk,0
5200,Card,Axis Bank,22,3,3,1,BAD_REQUEST_ERROR,user_cancelled,dropoff,1
1392,Netbanking,ICICI Bank,19,0,0,1,GATEWAY_ERROR,issuer_unavailable,timeout,1
513,Wallet,Kotak Mahindra,19,3,1,1,GATEWAY_ERROR,internal_error,timeout,0
2095,UPI,Axis Bank,15,1,0,0,GATEWAY_ERROR,issuer_unavailable,timeout,0
1761,Card,Yes Bank,2,1,1,0,GATEWAY_ERROR,issuer_risk_block,risk,0
724,Card,Axis Bank,11,3,3,1,BAD_REQUEST_ERROR,invalid_expiry,timeout,1
2389,UPI,Yes Bank,23,4,0,0,BAD_REQUEST_ERROR,insufficient_funds,funds,1
424,Netbanking,ICICI Bank,4,3,0,0,BAD_REQUEST_ERROR,insufficient_funds,funds,0
1160,UPI,Yes Bank,9,0,1,0,BAD_REQUEST_ERROR,otp_timeout,dropoff,1
1299,UPI,Yes Bank,5,0,1,1,BAD_REQUEST_ERROR,otp_timeout,dropoff,1
1755,Card,Axis Bank,0,6,0,0,BAD_REQUEST_ERROR,invalid_cvv,risk,0
1587,UPI,IDFC First,17,1,0,0,GATEWAY_ERROR,internal_error,timeout,1
416,Card,IDFC First,13,4,0,0,BAD_REQUEST_ERROR,invalid_expiry,invalid,1
914,UPI,Yes Bank,2,6,1,1,GATEWAY_ERROR,issuer_risk_block,risk,0
3480,Card,ICICI Bank,5,0,0,1,GATEWAY_ERROR,issuer_risk_block,risk,0
549,Card,SBI,22,1,3,0,BAD_REQUEST_ERROR,invalid_cvv,invalid,0
975,Netbanking,IDFC First,2,5,0,0,BAD_REQUEST_ERROR,invalid_expiry,invalid,0
607,Wallet,Axis Bank,11,5,0,0,BAD_REQUEST_ERROR,otp_timeout,dropoff,1
2444,Netbanking,ICICI Bank,17,2,3,0,GATEWAY_ERROR,internal_error,timeout,0
12065,Netbanking,IDFC First,10,4,0,0,BAD_REQUEST_ERROR,invalid_cvv,invalid,0
2740,Netbanking,SBI,6,3,0,0,BAD_REQUEST_ERROR,invalid_cvv,invalid,0
669,UPI,Yes Bank,8,2,0,1,GATEWAY_ERROR,issuer_unavailable,timeout,0
2048,Card,SBI,7,4,1,1,GATEWAY_ERROR,issuer_unavailable,timeout,1
3316,Wallet,Kotak Mahindra,7,0,0,0,GATEWAY_ERROR,issuer_unavailable,timeout,1
6200,UPI,Axis Bank,14,2,0,0,BAD_REQUEST_ERROR,user_cancelled,dropoff,0
2863,Netbanking,SBI,22,2,0,1,BAD_REQUEST_ERROR,otp_timeout,dropoff,0
2008,Wallet,Axis Bank,0,5,1,0,GATEWAY_ERROR,issuer_unavailable,timeout,1
868,UPI,Kotak Mahindra,20,5,0,0,GATEWAY_ERROR,internal_error,timeout,1
3162,Wallet,IDFC First,13,2,0,0,BAD_REQUEST_ERROR,user_cancelled,dropoff,1
749,UPI,Kotak Mahindra,2,4,0,0,BAD_REQUEST_ERROR,user_cancelled,dropoff,0
1938,Netbanking,SBI,21,5,0,1,BAD_REQUEST_ERROR,otp_timeout,dropoff,1
763,Card,Yes Bank,19,3,2,0,GATEWAY_ERROR,issuer_risk_block,dropoff,1
652,Card,IDFC First,3,4,0,0,GATEWAY_ERROR,internal_error,timeout,1
2837,UPI,HDFC Bank,12,4,1,0,BAD_REQUEST_ERROR,insufficient_funds,funds,1
2418,Card,IDFC First,17,4,1,1,GATEWAY_ERROR,issuer_risk_block,risk,0
2750,Card,Axis Bank,17,3,0,0,BAD_REQUEST_ERROR,invalid_expiry,invalid,1
1841,UPI,Yes Bank,11,0,1,0,BAD_REQUEST_ERROR,issuer_general_decline,decline,0
2876,Card,Axis Bank,15,3,1,0,BAD_REQUEST_ERROR,invalid_expiry,invalid,0
3004,UPI,ICICI Bank,23,5,0,0,BAD_REQUEST_ERROR,invalid_cvv,invalid,0
103,Wallet,Axis Bank,2,3,2,0,BAD_REQUEST_ERROR,user_cancelled,invalid,0
3511,UPI,HDFC Bank,19,6,1,0,BAD_REQUEST_ERROR,otp_timeout,dropoff,1
353,Netbanking,Kotak Mahindra,9,5,0,0,BAD_REQUEST_ERROR,issuer_general_decline,decline,0
971,UPI,ICICI Bank,23,5,2,0,GATEWAY_ERROR,issuer_risk_block,risk,0
1801,UPI,ICICI Bank,22,6,1,1,GATEWAY_ERROR,internal_error,timeout,1
12989,Card,Axis Bank,19,3,0,1,BAD_REQUEST_ERROR,insufficient_funds,funds,0
895,Card,Kotak Mahindra,19,1,3,1,GATEWAY_ERROR,issuer_risk_block,risk,0
3608,Netbanking,Axis Bank,20,5,0,0,GATEWAY_ERROR,issuer_risk_block,risk,0
3515,Wallet,Yes Bank,10,0,3,0,BAD_REQUEST_ERROR,user_cancelled,dropoff,1
1181,UPI,Yes Bank,23,4,0,0,BAD_REQUEST_ERROR,issuer_general_decline,decline,1
1669,Card,HDFC Bank,6,6,1,0,GATEWAY_ERROR,issuer_unavailable,timeout,0
151,Card,Axis Bank,15,4,0,1,GATEWAY_ERROR,internal_error,timeout,1
588,UPI,Yes Bank,2,0,0,1,BAD_REQUEST_ERROR,user_cancelled,dropoff,1
601,Card,Yes Bank,23,6,0,1,BAD_REQUEST_ERROR,user_cancelled,dropoff,1
1463,Card,HDFC Bank,10,2,0,0,BAD_REQUEST_ERROR,invalid_expiry,invalid,0
3443,UPI,Kotak Mahindra,10,2,0,1,BAD_REQUEST_ERROR,user_cancelled,dropoff,0
5965,UPI,HDFC Bank,0,1,0,0,GATEWAY_ERROR,issuer_unavailable,timeout,0
481,UPI,Axis Bank,5,1,0,0,GATEWAY_ERROR,issuer_unavailable,timeout,0
2425,Card,ICICI Bank,3,3,0,1,GATEWAY_ERROR,issuer_risk_block,risk,0
1912,Card,ICICI Bank,9,6,0,0,GATEWAY_ERROR,internal_error,timeout,1
19007,Card,HDFC Bank,20,4,0,0,BAD_REQUEST_ERROR,issuer_general_decline,decline,1
1368,Netbanking,HDFC Bank,20,1,2,0,GATEWAY_ERROR,internal_error,timeout,1
3753,UPI,IDFC First,18,2,2,1,BAD_REQUEST_ERROR,user_cancelled,dropoff,0
9076,UPI,Axis Bank,9,1,1,0,GATEWAY_ERROR,issuer_risk_block,risk,0
4263,Netbanking,Yes Bank,5,6,0,1,BAD_REQUEST_ERROR,insufficient_funds,funds,1
1993,Card,SBI,18,6,0,1,BAD_REQUEST_ERROR,invalid_expiry,invalid,1
1528,Netbanking,IDFC First,9,5,0,0,GATEWAY_ERROR,internal_error,timeout,0
6260,Wallet,Axis Bank,8,6,1,0,BAD_REQUEST_ERROR,otp_timeout,dropoff,1
7012,Card,HDFC Bank,10,0,0,0,BAD_REQUEST_ERROR,issuer_general_decline,decline,1
2973,UPI,Yes Bank,6,5,0,0,BAD_REQUEST_ERROR,user_cancelled,dropoff,1
2683,UPI,HDFC Bank,22,2,1,1,BAD_REQUEST_ERROR,invalid_expiry,invalid,1
1015,Netbanking,Axis Bank,11,1,1,1,GATEWAY_ERROR,issuer_unavailable,timeout,1
422,UPI,HDFC Bank,19,4,0,0,BAD_REQUEST_ERROR,insufficient_funds,funds,1
1558,UPI,SBI,8,0,3,0,BAD_REQUEST_ERROR,insufficient_funds,funds,0
629,Card,Axis Bank,21,1,0,1,GATEWAY_ERROR,internal_error,timeout,0
430,UPI,Yes Bank,3,3,0,1,BAD_REQUEST_ERROR,otp_timeout,dropoff,1
544,Card,Axis Bank,2,1,0,0,GATEWAY_ERROR,issuer_risk_block,decline,0
2577,Wallet,Axis Bank,7,2,0,0,BAD_REQUEST_ERROR,invalid_expiry,timeout,0
3320,Wallet,HDFC Bank,18,0,1,0,BAD_REQUEST_ERROR,user_cancelled,dropoff,0
1068,UPI,Kotak Mahindra,9,3,0,1,BAD_REQUEST_ERROR,issuer_general_decline,decline,0
6508,UPI,SBI,16,0,1,1,BAD_REQUEST_ERROR,invalid_expiry,invalid,1
9156,UPI,Yes Bank,9,0,1,0,GATEWAY_ERROR,internal_error,timeout,0
1144,Card,Kotak Mahindra,5,3,1,0,BAD_REQUEST_ERROR,otp_timeout,decline,0
28180,UPI,Yes Bank,0,0,0,1,BAD_REQUEST_ERROR,issuer_general_decline,decline,0
2227,UPI,Yes Bank,10,6,0,0,GATEWAY_ERROR,internal_error,timeout,1
4788,Netbanking,IDFC First,23,5,1,0,BAD_REQUEST_ERROR,user_cancelled,dropoff,0
3067,UPI,IDFC First,15,1,0,0,BAD_REQUEST_ERROR,otp_timeout,dropoff,1
5986,Card,Axis Bank,15,1,0,0,BAD_REQUEST_ERROR,user_cancelled,dropoff,1
2156,Wallet,HDFC Bank,19,5,2,0,BAD_REQUEST_ERROR,invalid_cvv,invalid,1
906,Wallet,HDFC Bank,6,3,1,1,BAD_REQUEST_ERROR,user_cancelled,dropoff,1
132,Card,Kotak Mahindra,4,4,1,0,BAD_REQUEST_ERROR,invalid_cvv,invalid,1
1332,UPI,IDFC First,10,2,0,0,GATEWAY_ERROR,internal_error,timeout,1
631,Card,IDFC First,2,3,0,1,BAD_REQUEST_ERROR,user_cancelled,dropoff,1
2344,UPI,ICICI Bank,3,4,0,0,GATEWAY_ERROR,internal_error,timeout,1
9378,Card,ICICI Bank,15,0,0,0,BAD_REQUEST_ERROR,insufficient_funds,funds,0
851,Card,Kotak Mahindra,15,2,1,1,BAD_REQUEST_ERROR,invalid_cvv,invalid,0
2342,Card,Axis Bank,4,3,0,0,BAD_REQUEST_ERROR,insufficient_funds,funds,0
2535,Netbanking,Yes Bank,21,2,0,1,BAD_REQUEST_ERROR,invalid_cvv,invalid,1
2290,Card,Kotak Mahindra,3,4,2,0,BAD_REQUEST_ERROR,issuer_general_decline,decline,0
1273,Card,Kotak Mahindra,12,5,1,0,GATEWAY_ERROR,issuer_risk_block,timeout,1
367,UPI,Axis Bank,16,5,0,0,BAD_REQUEST_ERROR,invalid_cvv,invalid,1
639,Card,Kotak Mahindra,6,3,0,0,BAD_REQUEST_ERROR,insufficient_funds,funds,1
2050,Wallet,Yes Bank,7,4,0,0,BAD_REQUEST_ERROR,insufficient_funds,funds,0
3854,Wallet,Yes Bank,17,4,2,1,BAD_REQUEST_ERROR,insufficient_funds,funds,0
794,Wallet,IDFC First,22,0,1,0,BAD_REQUEST_ERROR,issuer_general_decline,timeout,1
1091,UPI,SBI,19,4,0,0,BAD_REQUEST_ERROR,issuer_general_decline,decline,0
1594,UPI,Yes Bank,7,3,1,1,BAD_REQUEST_ERROR,insufficient_funds,funds,1
1140,Netbanking,Kotak Mahindra,12,1,1,0,BAD_REQUEST_ERROR,invalid_expiry,invalid,0
1242,Netbanking,ICICI Bank,19,4,0,1,GATEWAY_ERROR,issuer_unavailable,timeout,1
563,UPI,Kotak Mahindra,15,4,1,0,BAD_REQUEST_ERROR,insufficient_funds,funds,1
1417,UPI,IDFC First,7,0,0,1,GATEWAY_ERROR,issuer_risk_block,risk,0
2158,Card,HDFC Bank,21,6,1,1,BAD_REQUEST_ERROR,invalid_expiry,invalid,1
14415,Netbanking,SBI,19,5,2,0,GATEWAY_ERROR,issuer_unavailable,timeout,1
427,UPI,SBI,4,1,2,0,GATEWAY_ERROR,issuer_risk_block,risk,0
3222,Netbanking,IDFC First,18,6,0,1,BAD_REQUEST_ERROR,user_cancelled,invalid,1
674,Card,Kotak Mahindra,12,5,3,0,BAD_REQUEST_ERROR,invalid_cvv,invalid,1
6760,UPI,IDFC First,2,3,1,0,BAD_REQUEST_ERROR,insufficient_funds,funds,0
460,Card,HDFC Bank,12,1,3,0,BAD_REQUEST_ERROR,invalid_expiry,invalid,1
3406,Netbanking,ICICI Bank,9,5,3,0,GATEWAY_ERROR,issuer_unavailable,timeout,1
3041,UPI,Axis Bank,11,6,1,1,BAD_REQUEST_ERROR,issuer_general_decline,decline,0
2372,UPI,SBI,4,3,1,0,BAD_REQUEST_ERROR,user_cancelled,dropoff,0
3195,Card,ICICI Bank,1,6,2,0,BAD_REQUEST_ERROR,invalid_expiry,invalid,1
9761,UPI,Kotak Mahindra,23,3,1,0,BAD_REQUEST_ERROR,user_cancelled,dropoff,0
2709,UPI,Kotak Mahindra,4,6,1,1,GATEWAY_ERROR,issuer_unavailable,timeout,1
10426,Card,ICICI Bank,8,1,1,0,GATEWAY_ERROR,internal_error,timeout,1
4446,Card,ICICI Bank,1,5,0,0,BAD_REQUEST_ERROR,insufficient_funds,funds,0
1538,UPI,Kotak Mahindra,9,5,0,1,BAD_REQUEST_ERROR,otp_timeout,dropoff,1
3018,Card,Yes Bank,5,3,0,0,BAD_REQUEST_ERROR,invalid_cvv,invalid,1
510,Netbanking,Yes Bank,15,0,0,0,BAD_REQUEST_ERROR,issuer_general_decline,decline,0
1325,Card,SBI,22,1,1,1,GATEWAY_ERROR,issuer_unavailable,timeout,1
2386,Card,IDFC First,18,6,0,0,BAD_REQUEST_ERROR,user_cancelled,dropoff,1
9056,UPI,SBI,8,1,3,1,BAD_REQUEST_ERROR,user_cancelled,invalid,0
673,Netbanking,Kotak Mahindra,19,0,1,0,BAD_REQUEST_ERROR,otp_timeout,dropoff,0
1811,Card,HDFC Bank,6,5,1,1,GATEWAY_ERROR,internal_error,timeout,1
159,Card,Yes Bank,7,2,2,0,BAD_REQUEST_ERROR,invalid_cvv,invalid,0
16754,UPI,Yes Bank,12,5,0,0,BAD_REQUEST_ERROR,invalid_cvv,invalid,0
649,Netbanking,IDFC First,6,3,0,1,BAD_REQUEST_ERROR,insufficient_funds,funds,0
2667,Card,Kotak Mahindra,23,1,2,1,BAD_REQUEST_ERROR,insufficient_funds,funds,1
866,UPI,IDFC First,22,5,0,0,BAD_REQUEST_ERROR,otp_timeout,dropoff,1
715,Netbanking,IDFC First,1,0,0,0,GATEWAY_ERROR,issuer_unavailable,timeout,1
6225,UPI,Yes Bank,20,4,1,0,BAD_REQUEST_ERROR,invalid_cvv,invalid,0
1042,Wallet,ICICI Bank,14,4,1,0,GATEWAY_ERROR,issuer_unavailable,funds,0
18881,Card,HDFC Bank,14,1,1,0,BAD_REQUEST_ERROR,invalid_expiry,invalid,1
3399,Card,SBI,22,6,0,0,BAD_REQUEST_ERROR,issuer_general_decline,decline,1
1137,UPI,Axis Bank,17,6,0,1,BAD_REQUEST_ERROR,invalid_expiry,invalid,1
1093,Netbanking,SBI,14,3,0,0,BAD_REQUEST_ERROR,insufficient_funds,funds,1
2359,UPI,Kotak Mahindra,15,6,2,1,GATEWAY_ERROR,internal_error,timeout,0
2073,Wallet,Yes Bank,12,1,0,1,BAD_REQUEST_ERROR,issuer_general_decline,decline,0
1283,UPI,Yes Bank,10,1,1,1,BAD_REQUEST_ERROR,issuer_general_decline,decline,0
4802,Netbanking,Yes Bank,6,5,1,0,BAD_REQUEST_ERROR,user_cancelled,funds,0
1657,UPI,ICICI Bank,14,2,1,0,BAD_REQUEST_ERROR,issuer_general_decline,decline,1
2950,Netbanking,Yes Bank,15,1,3,1,GATEWAY_ERROR,internal_error,timeout,1
6886,UPI,ICICI Bank,16,4,0,1,BAD_REQUEST_ERROR,insufficient_funds,funds,0
1675,UPI,HDFC Bank,18,2,0,0,BAD_REQUEST_ERROR,invalid_expiry,invalid,1
863,Wallet,Axis Bank,8,6,0,1,BAD_REQUEST_ERROR,issuer_general_decline,decline,1
1047,UPI,IDFC First,13,4,0,0,BAD_REQUEST_ERROR,user_cancelled,dropoff,0
668,UPI,ICICI Bank,22,0,0,1,BAD_REQUEST_ERROR,issuer_general_decline,invalid,1
5494,Netbanking,Axis Bank,20,6,0,0,GATEWAY_ERROR,issuer_unavailable,timeout,1
4803,Wallet,ICICI Bank,0,3,2,0,BAD_REQUEST_ERROR,insufficient_funds,funds,0
448,Wallet,HDFC Bank,17,0,0,0,GATEWAY_ERROR,issuer_risk_block,risk,0
1832,UPI,HDFC Bank,13,1,2,1,BAD_REQUEST_ERROR,otp_timeout,dropoff,1
1384,Card,Kotak Mahindra,6,2,0,0,BAD_REQUEST_ERROR,invalid_cvv,risk,0
2091,UPI,Axis Bank,6,4,0,1,BAD_REQUEST_ERROR,otp_timeout,dropoff,1
2758,Card,IDFC First,21,3,0,1,BAD_REQUEST_ERROR,invalid_cvv,invalid,1
2841,UPI,IDFC First,14,4,0,0,GATEWAY_ERROR,issuer_risk_block,risk,0
3802,Wallet,HDFC Bank,19,4,0,0,BAD_REQUEST_ERROR,otp_timeout,dropoff,0
1356,UPI,ICICI Bank,17,2,1,0,BAD_REQUEST_ERROR,issuer_general_decline,decline,0
1333,Card,Kotak Mahindra,21,4,2,0,BAD_REQUEST_ERROR,issuer_general_decline,decline,0
10914,UPI,HDFC Bank,6,0,0,1,GATEWAY_ERROR,issuer_unavailable,timeout,1
4697,UPI,Kotak Mahindra,5,3,0,1,BAD_REQUEST_ERROR,invalid_expiry,invalid,0
3790,Card,IDFC First,7,5,2,0,BAD_REQUEST_ERROR,invalid_expiry,invalid,0
2616,UPI,Yes Bank,4,6,0,1,GATEWAY_ERROR,issuer_unavailable,timeout,1
2804,Netbanking,IDFC First,1,5,1,0,GATEWAY_ERROR,internal_error,timeout,1
3406,Card,ICICI Bank,8,4,0,0,BAD_REQUEST_ERROR,otp_timeout,dropoff,0
491,Card,Yes Bank,13,0,1,1,BAD_REQUEST_ERROR,insufficient_funds,funds,0
1576,UPI,Axis Bank,4,5,0,0,GATEWAY_ERROR,issuer_risk_block,risk,0
2595,Card,Axis Bank,0,4,1,0,BAD_REQUEST_ERROR,issuer_general_decline,decline,1
596,UPI,Kotak Mahindra,6,3,0,0,GATEWAY_ERROR,internal_error,timeout,1
2459,Card,Yes Bank,11,1,2,0,BAD_REQUEST_ERROR,otp_timeout,dropoff,1
429,Card,IDFC First,14,2,1,0,BAD_REQUEST_ERROR,issuer_general_decline,decline,1
843,Card,Yes Bank,15,2,1,1,GATEWAY_ERROR,issuer_risk_block,risk,0
1228,Card,Yes Bank,19,4,0,0,BAD_REQUEST_ERROR,insufficient_funds,funds,0
7836,Card,SBI,0,5,0,1,BAD_REQUEST_ERROR,otp_timeout,dropoff,0
1314,Netbanking,ICICI Bank,20,6,0,1,BAD_REQUEST_ERROR,issuer_general_decline,decline,0
2315,UPI,Axis Bank,10,0,0,0,BAD_REQUEST_ERROR,invalid_cvv,invalid,0
1845,Card,IDFC First,16,0,1,0,BAD_REQUEST_ERROR,user_cancelled,dropoff,1
7780,UPI,ICICI Bank,23,4,0,1,BAD_REQUEST_ERROR,insufficient_funds,funds,0
4483,UPI,Axis Bank,10,4,0,1,GATEWAY_ERROR,issuer_unavailable,timeout,1
136,Netbanking,ICICI Bank,19,0,1,1,BAD_REQUEST_ERROR,user_cancelled,dropoff,1
1282,UPI,Axis Bank,20,0,2,1,BAD_REQUEST_ERROR,invalid_expiry,invalid,1
418,UPI,ICICI Bank,12,3,2,1,BAD_REQUEST_ERROR,otp_timeout,dropoff,1
1697,Card,Axis Bank,7,2,1,0,GATEWAY_ERROR,issuer_unavailable,timeout,1
1104,Netbanking,HDFC Bank,14,4,3,0,GATEWAY_ERROR,internal_error,timeout,0
1202,Netbanking,Yes Bank,12,1,2,0,BAD_REQUEST_ERROR,otp_timeout,dropoff,1
2557,Card,IDFC First,0,6,0,1,BAD_REQUEST_ERROR,user_cancelled,dropoff,1
2775,Card,Yes Bank,13,0,2,1,GATEWAY_ERROR,issuer_risk_block,risk,0
5643,UPI,ICICI Bank,12,1,0,0,GATEWAY_ERROR,issuer_unavailable,timeout,1
1380,Card,Axis Bank,10,4,0,0,GATEWAY_ERROR,issuer_risk_block,risk,0
633,Card,Yes Bank,3,3,2,0,BAD_REQUEST_ERROR,invalid_cvv,invalid,0
2395,UPI,Axis Bank,11,5,0,1,GATEWAY_ERROR,issuer_unavailable,timeout,1
3433,UPI,HDFC Bank,19,5,0,0,GATEWAY_ERROR,issuer_risk_block,risk,1
635,UPI,Axis Bank,13,0,2,0,BAD_REQUEST_ERROR,issuer_general_decline,decline,0
1530,Card,SBI,16,5,1,1,BAD_REQUEST_ERROR,otp_timeout,dropoff,1
2647,UPI,HDFC Bank,6,3,0,0,BAD_REQUEST_ERROR,invalid_cvv,invalid,1
693,Netbanking,Axis Bank,3,2,3,1,BAD_REQUEST_ERROR,issuer_general_decline,decline,0
881,Card,Kotak Mahindra,3,3,0,0,GATEWAY_ERROR,issuer_risk_block,risk,0
2418,Card,IDFC First,8,3,0,0,BAD_REQUEST_ERROR,insufficient_funds,funds,0
290,UPI,Axis Bank,15,0,2,0,GATEWAY_ERROR,issuer_risk_block,risk,0
969,UPI,Kotak Mahindra,13,6,0,0,BAD_REQUEST_ERROR,invalid_cvv,invalid,1
3305,UPI,ICICI Bank,1,3,0,0,GATEWAY_ERROR,issuer_risk_block,risk,0
7516,UPI,Yes Bank,4,3,0,0,BAD_REQUEST_ERROR,otp_timeout,risk,0
1348,Wallet,Kotak Mahindra,6,2,0,0,BAD_REQUEST_ERROR,insufficient_funds,funds,0
759,Wallet,Yes Bank,2,1,1,1,BAD_REQUEST_ERROR,invalid_cvv,invalid,0
3922,Netbanking,Axis Bank,22,4,1,1,BAD_REQUEST_ERROR,invalid_expiry,invalid,0
1499,Netbanking,ICICI Bank,3,3,2,1,GATEWAY_ERROR,issuer_risk_block,risk,0
1097,Card,Kotak Mahindra,21,0,1,0,BAD_REQUEST_ERROR,invalid_expiry,decline,0
5502,UPI,Axis Bank,18,3,1,0,BAD_REQUEST_ERROR,invalid_cvv,invalid,1
2800,Card,HDFC Bank,15,4,0,0,BAD_REQUEST_ERROR,invalid_cvv,invalid,0
269,Card,ICICI Bank,21,4,0,0,BAD_REQUEST_ERROR,otp_timeout,dropoff,1
6072,Card,Axis Bank,18,1,2,1,BAD_REQUEST_ERROR,insufficient_funds,funds,1
2240,Wallet,Axis Bank,3,3,0,1,GATEWAY_ERROR,issuer_risk_block,risk,0
590,Netbanking,Axis Bank,16,4,0,1,BAD_REQUEST_ERROR,invalid_cvv,invalid,1
381,Wallet,IDFC First,22,0,1,0,BAD_REQUEST_ERROR,insufficient_funds,funds,0
1688,Card,Yes Bank,15,2,2,0,GATEWAY_ERROR,internal_error,timeout,0
3423,UPI,Yes Bank,12,1,1,1,BAD_REQUEST_ERROR,issuer_general_decline,decline,0
363,Wallet,IDFC First,9,1,2,0,BAD_REQUEST_ERROR,user_cancelled,dropoff,1
547,Wallet,SBI,5,5,0,0,BAD_REQUEST_ERROR,user_cancelled,dropoff,1
1721,UPI,Axis Bank,5,1,1,1,BAD_REQUEST_ERROR,invalid_cvv,invalid,0
1080,Netbanking,IDFC First,2,1,3,1,BAD_REQUEST_ERROR,issuer_general_decline,decline,0
10467,Card,SBI,22,2,2,0,BAD_REQUEST_ERROR,user_cancelled,dropoff,1
2559,UPI,ICICI Bank,19,1,0,0,BAD_REQUEST_ERROR,user_cancelled,dropoff,1
5928,Netbanking,Axis Bank,2,4,0,0,BAD_REQUEST_ERROR,invalid_expiry,invalid,1
1333,UPI,Kotak Mahindra,16,4,0,1,GATEWAY_ERROR,issuer_risk_block,risk,0
4259,Card,Yes Bank,14,1,0,1,BAD_REQUEST_ERROR,insufficient_funds,funds,0
227,Netbanking,Axis Bank,21,1,0,1,BAD_REQUEST_ERROR,insufficient_funds,funds,0
1272,UPI,IDFC First,14,3,0,0,BAD_REQUEST_ERROR,user_cancelled,dropoff,0
5779,Card,SBI,20,0,1,1,GATEWAY_ERROR,issuer_risk_block,risk,0
5395,UPI,IDFC First,21,3,0,0,GATEWAY_ERROR,issuer_risk_block,risk,0
4912,Wallet,Kotak Mahindra,13,2,2,1,BAD_REQUEST_ERROR,user_cancelled,dropoff,0
1312,Wallet,Yes Bank,6,1,0,1,BAD_REQUEST_ERROR,otp_timeout,dropoff,1
2948,Netbanking,ICICI Bank,17,6,2,0,GATEWAY_ERROR,issuer_risk_block,risk,0
1507,Wallet,Axis Bank,6,6,3,0,GATEWAY_ERROR,issuer_unavailable,timeout,0
904,Card,IDFC First,5,5,2,0,BAD_REQUEST_ERROR,issuer_general_decline,decline,0
1358,UPI,SBI,21,3,0,0,GATEWAY_ERROR,issuer_risk_block,risk,0
2795,UPI,Yes Bank,5,0,1,0,BAD_REQUEST_ERROR,user_cancelled,dropoff,1
1933,UPI,IDFC First,15,2,0,0,BAD_REQUEST_ERROR,invalid_cvv,invalid,0
3454,UPI,HDFC Bank,5,1,0,1,GATEWAY_ERROR,internal_error,timeout,1
295,Card,HDFC Bank,5,5,0,1,GATEWAY_ERROR,issuer_unavailable,timeout,1
776,UPI,ICICI Bank,4,0,3,1,BAD_REQUEST_ERROR,invalid_cvv,invalid,0
957,Card,IDFC First,11,1,0,0,BAD_REQUEST_ERROR,user_cancelled,dropoff,0
14123,Netbanking,IDFC First,17,6,0,1,GATEWAY_ERROR,issuer_risk_block,risk,0
9034,Wallet,SBI,9,5,1,0,GATEWAY_ERROR,internal_error,timeout,1
9400,Card,Axis Bank,19,0,1,0,BAD_REQUEST_ERROR,insufficient_funds,funds,0
2385,UPI,Yes Bank,10,5,2,0,BAD_REQUEST_ERROR,insufficient_funds,funds,0
2083,UPI,Axis Bank,8,0,0,0,BAD_REQUEST_ERROR,insufficient_funds,funds,1
2024,UPI,HDFC Bank,9,1,0,0,BAD_REQUEST_ERROR,invalid_cvv,invalid,1
1235,UPI,Kotak Mahindra,0,6,2,0,GATEWAY_ERROR,issuer_unavailable,invalid,1
1305,UPI,Yes Bank,11,6,2,0,BAD_REQUEST_ERROR,invalid_expiry,invalid,1
933,UPI,Kotak Mahindra,14,6,0,0,GATEWAY_ERROR,issuer_risk_block,funds,0
1149,UPI,HDFC Bank,18,4,1,0,BAD_REQUEST_ERROR,user_cancelled,dropoff,1
2575,Card,IDFC First,1,1,0,1,BAD_REQUEST_ERROR,issuer_general_decline,decline,0
3190,UPI,Kotak Mahindra,6,4,0,1,BAD_REQUEST_ERROR,invalid_cvv,invalid,1
1047,UPI,ICICI Bank,17,3,1,0,GATEWAY_ERROR,internal_error,timeout,1
1858,Card,SBI,3,1,0,0,BAD_REQUEST_ERROR,issuer_general_decline,decline,1
1352,UPI,ICICI Bank,17,5,0,1,BAD_REQUEST_ERROR,issuer_general_decline,decline,0
1087,Card,SBI,10,2,0,0,GATEWAY_ERROR,internal_error,timeout,0
7016,Wallet,Yes Bank,22,2,0,0,BAD_REQUEST_ERROR,insufficient_funds,funds,1
781,Card,SBI,17,5,1,1,BAD_REQUEST_ERROR,otp_timeout,dropoff,1
2998,Card,ICICI Bank,4,4,1,1,BAD_REQUEST_ERROR,issuer_general_decline,decline,1
1978,Card,SBI,19,4,0,0,GATEWAY_ERROR,issuer_unavailable,timeout,1
8054,UPI,IDFC First,18,0,3,1,BAD_REQUEST_ERROR,user_cancelled,dropoff,0
3588,Card,HDFC Bank,8,0,0,0,BAD_REQUEST_ERROR,user_cancelled,dropoff,1
10701,UPI,ICICI Bank,7,0,1,0,BAD_REQUEST_ERROR,issuer_general_decline,decline,1
2698,UPI,Yes Bank,2,1,1,0,BAD_REQUEST_ERROR,user_cancelled,timeout,1
9356,Card,SBI,7,0,0,0,GATEWAY_ERROR,internal_error,timeout,1
1167,Card,HDFC Bank,16,3,2,0,BAD_REQUEST_ERROR,insufficient_funds,funds,0
608,UPI,Kotak Mahindra,14,6,0,0,GATEWAY_ERROR,issuer_unavailable,timeout,1
4847,UPI,ICICI Bank,22,5,0,0,GATEWAY_ERROR,issuer_unavailable,timeout,1
11761,UPI,SBI,20,1,1,0,BAD_REQUEST_ERROR,user_cancelled,dropoff,1
2271,UPI,Yes Bank,4,3,0,0,BAD_REQUEST_ERROR,issuer_general_decline,decline,0
1002,UPI,HDFC Bank,2,4,0,0,BAD_REQUEST_ERROR,otp_timeout,dropoff,1
496,Card,Kotak Mahindra,13,4,2,0,GATEWAY_ERROR,issuer_risk_block,risk,0
833,UPI,ICICI Bank,23,0,1,0,BAD_REQUEST_ERROR,issuer_general_decline,dropoff,1
555,UPI,Axis Bank,22,2,2,0,BAD_REQUEST_ERROR,invalid_cvv,invalid,1
1047,Card,HDFC Bank,6,4,0,0,BAD_REQUEST_ERROR,invalid_expiry,invalid,1
9976,Netbanking,Axis Bank,10,5,1,0,BAD_REQUEST_ERROR,user_cancelled,dropoff,1
2516,Card,Yes Bank,17,1,1,0,BAD_REQUEST_ERROR,user_cancelled,dropoff,0
11998,Netbanking,Kotak Mahindra,5,5,0,1,GATEWAY_ERROR,internal_error,timeout,0
2163,Card,HDFC Bank,2,4,2,0,BAD_REQUEST_ERROR,invalid_expiry,invalid,0
259,Card,HDFC Bank,15,6,0,0,BAD_REQUEST_ERROR,invalid_expiry,invalid,1
5683,UPI,Kotak Mahindra,9,5,1,0,BAD_REQUEST_ERROR,issuer_general_decline,decline,0
5920,Wallet,Yes Bank,3,1,0,1,BAD_REQUEST_ERROR,issuer_general_decline,decline,1
4728,Wallet,ICICI Bank,2,3,0,1,BAD_REQUEST_ERROR,invalid_cvv,invalid,0
8062,Card,ICICI Bank,16,5,0,0,BAD_REQUEST_ERROR,insufficient_funds,funds,0
3406,Card,ICICI Bank,16,1,0,0,BAD_REQUEST_ERROR,issuer_general_decline,decline,0
8098,UPI,SBI,18,3,1,1,BAD_REQUEST_ERROR,user_cancelled,invalid,0
2058,Netbanking,Kotak Mahindra,15,3,1,0,GATEWAY_ERROR,issuer_risk_block,risk,0
2256,UPI,Axis Bank,14,6,0,1,BAD_REQUEST_ERROR,invalid_expiry,invalid,0
4418,UPI,SBI,14,0,0,1,BAD_REQUEST_ERROR,otp_timeout,dropoff,1
566,UPI,ICICI Bank,0,1,0,1,BAD_REQUEST_ERROR,insufficient_funds,funds,0
1650,Card,ICICI Bank,12,0,1,0,BAD_REQUEST_ERROR,otp_timeout,dropoff,0
1284,Netbanking,Kotak Mahindra,4,3,0,1,BAD_REQUEST_ERROR,otp_timeout,dropoff,0
575,UPI,ICICI Bank,17,4,0,1,GATEWAY_ERROR,internal_error,timeout,1
494,Card,Yes Bank,1,4,0,0,BAD_REQUEST_ERROR,invalid_expiry,invalid,0
899,UPI,Kotak Mahindra,17,0,1,1,GATEWAY_ERROR,issuer_unavailable,timeout,1
1622,UPI,IDFC First,0,4,1,0,BAD_REQUEST_ERROR,insufficient_funds,funds,0
6960,UPI,Yes Bank,5,3,1,1,BAD_REQUEST_ERROR,issuer_general_decline,decline,0
2368,Netbanking,Axis Bank,6,4,1,0,GATEWAY_ERROR,issuer_unavailable,timeout,1
2030,Card,IDFC First,21,1,1,0,BAD_REQUEST_ERROR,user_cancelled,dropoff,1
2587,UPI,Axis Bank,21,0,1,0,GATEWAY_ERROR,issuer_unavailable,risk,0
587,Card,Kotak Mahindra,19,4,1,0,BAD_REQUEST_ERROR,otp_timeout,dropoff,0
3360,UPI,Axis Bank,2,4,0,1,BAD_REQUEST_ERROR,otp_timeout,dropoff,1
3221,UPI,Yes Bank,12,3,2,0,BAD_REQUEST_ERROR,user_cancelled,dropoff,1
4376,Netbanking,SBI,19,5,0,0,BAD_REQUEST_ERROR,invalid_expiry,invalid,0
1092,Netbanking,HDFC Bank,2,1,2,0,BAD_REQUEST_ERROR,insufficient_funds,risk,0
4275,Netbanking,SBI,13,0,0,0,GATEWAY_ERROR,internal_error,timeout,1
329,UPI,SBI,20,2,2,0,BAD_REQUEST_ERROR,invalid_expiry,risk,0
2328,UPI,ICICI Bank,5,0,0,0,GATEWAY_ERROR,issuer_unavailable,timeout,1
3736,Netbanking,Yes Bank,16,0,0,0,BAD_REQUEST_ERROR,invalid_cvv,invalid,0
1005,UPI,IDFC First,6,2,0,0,BAD_REQUEST_ERROR,insufficient_funds,funds,1
627,UPI,SBI,16,4,3,0,GATEWAY_ERROR,issuer_unavailable,timeout,1
5378,UPI,Yes Bank,23,5,0,0,GATEWAY_ERROR,issuer_unavailable,timeout,1
2523,UPI,SBI,10,0,1,1,GATEWAY_ERROR,internal_error,timeout,1
1593,Wallet,HDFC Bank,2,4,2,0,BAD_REQUEST_ERROR,invalid_cvv,invalid,0
2303,Card,HDFC Bank,20,0,0,0,BAD_REQUEST_ERROR,invalid_expiry,invalid,0
1154,Netbanking,Kotak Mahindra,18,3,0,1,BAD_REQUEST_ERROR,invalid_cvv,invalid,0
671,Card,HDFC Bank,16,6,0,1,BAD_REQUEST_ERROR,insufficient_funds,funds,0
2573,Wallet,HDFC Bank,2,0,0,0,BAD_REQUEST_ERROR,user_cancelled,dropoff,1
687,Wallet,Yes Bank,5,3,1,1,BAD_REQUEST_ERROR,otp_timeout,dropoff,0
1762,UPI,Kotak Mahindra,16,0,0,0,BAD_REQUEST_ERROR,insufficient_funds,timeout,1
3358,UPI,HDFC Bank,5,0,0,0,BAD_REQUEST_ERROR,otp_timeout,dropoff,1
4027,Card,Kotak Mahindra,12,4,0,0,GATEWAY_ERROR,issuer_risk_block,risk,0
135,Wallet,Yes Bank,9,2,1,0,BAD_REQUEST_ERROR,user_cancelled,dropoff,0
1260,Netbanking,ICICI Bank,0,2,1,1,BAD_REQUEST_ERROR,issuer_general_decline,decline,0
724,Wallet,HDFC Bank,1,5,1,1,GATEWAY_ERROR,issuer_unavailable,timeout,1
2750,UPI,Axis Bank,10,6,0,1,GATEWAY_ERROR,issuer_risk_block,risk,0
694,Netbanking,Yes Bank,1,4,1,0,BAD_REQUEST_ERROR,otp_timeout,dropoff,1
1878,Wallet,IDFC First,7,2,0,1,BAD_REQUEST_ERROR,user_cancelled,dropoff,0
4515,Card,Kotak Mahindra,9,5,2,0,GATEWAY_ERROR,issuer_risk_block,risk,0
707,UPI,Yes Bank,13,4,0,1,GATEWAY_ERROR,issuer_unavailable,timeout,1
995,Netbanking,Axis Bank,19,3,0,1,BAD_REQUEST_ERROR,invalid_expiry,invalid,1
1150,UPI,HDFC Bank,16,1,2,1,GATEWAY_ERROR,internal_error,timeout,1
1807,Netbanking,HDFC Bank,23,3,0,1,BAD_REQUEST_ERROR,invalid_cvv,invalid,0
186,Netbanking,Axis Bank,23,2,2,0,BAD_REQUEST_ERROR,user_cancelled,dropoff,0
359,Wallet,HDFC Bank,20,1,1,0,GATEWAY_ERROR,issuer_unavailable,timeout,1
3536,Card,Kotak Mahindra,11,4,1,1,BAD_REQUEST_ERROR,insufficient_funds,funds,0
9829,Netbanking,ICICI Bank,5,3,1,0,GATEWAY_ERROR,issuer_unavailable,timeout,1
2423,Netbanking,ICICI Bank,9,4,1,0,BAD_REQUEST_ERROR,insufficient_funds,funds,0
5572,Card,ICICI Bank,8,5,1,1,BAD_REQUEST_ERROR,invalid_expiry,invalid,1
839,UPI,Yes Bank,5,2,1,0,BAD_REQUEST_ERROR,otp_timeout,dropoff,0
2113,Card,HDFC Bank,2,2,0,1,BAD_REQUEST_ERROR,invalid_cvv,invalid,1
1831,Card,IDFC First,6,3,1,0,GATEWAY_ERROR,issuer_risk_block,risk,0
365,UPI,IDFC First,7,0,0,0,GATEWAY_ERROR,issuer_unavailable,risk,0
4585,UPI,HDFC Bank,20,2,1,0,BAD_REQUEST_ERROR,user_cancelled,dropoff,0
4490,UPI,Axis Bank,17,0,0,0,BAD_REQUEST_ERROR,user_cancelled,dropoff,1
1470,UPI,Axis Bank,14,0,0,1,GATEWAY_ERROR,internal_error,timeout,1
2922,UPI,HDFC Bank,8,1,0,1,BAD_REQUEST_ERROR,invalid_expiry,decline,1
799,UPI,Kotak Mahindra,15,1,3,1,BAD_REQUEST_ERROR,otp_timeout,dropoff,1
1451,Card,ICICI Bank,18,2,2,0,GATEWAY_ERROR,issuer_risk_block,risk,0
5856,UPI,IDFC First,19,4,1,0,BAD_REQUEST_ERROR,invalid_cvv,invalid,0
4183,Netbanking,IDFC First,23,2,0,0,BAD_REQUEST_ERROR,user_cancelled,dropoff,1
1352,Card,IDFC First,13,5,0,0,GATEWAY_ERROR,issuer_risk_block,risk,0
570,Card,HDFC Bank,2,5,0,0,BAD_REQUEST_ERROR,issuer_general_decline,decline,0
987,Netbanking,ICICI Bank,7,1,1,1,GATEWAY_ERROR,issuer_risk_block,risk,0
3835,Card,Axis Bank,8,6,1,0,BAD_REQUEST_ERROR,insufficient_funds,funds,0
1018,UPI,IDFC First,2,5,2,0,GATEWAY_ERROR,issuer_unavailable,timeout,1
15549,Card,SBI,13,2,1,0,BAD_REQUEST_ERROR,insufficient_funds,funds,0
13181,Netbanking,SBI,2,1,3,0,BAD_REQUEST_ERROR,issuer_general_decline,decline,0
426,UPI,Kotak Mahindra,16,1,0,1,BAD_REQUEST_ERROR,issuer_general_decline,decline,0
248,Card,HDFC Bank,14,0,1,0,GATEWAY_ERROR,internal_error,timeout,0
680,UPI,HDFC Bank,22,2,1,0,GATEWAY_ERROR,internal_error,timeout,1
207,UPI,Kotak Mahindra,2,3,1,1,BAD_REQUEST_ERROR,otp_timeout,dropoff,1
4663,UPI,SBI,12,2,0,0,BAD_REQUEST_ERROR,invalid_expiry,invalid,1
2916,UPI,Kotak Mahindra,13,6,3,0,BAD_REQUEST_ERROR,insufficient_funds,funds,1
14132,UPI,HDFC Bank,12,1,0,1,BAD_REQUEST_ERROR,invalid_expiry,invalid,1
11084,Netbanking,Axis Bank,0,2,0,0,BAD_REQUEST_ERROR,invalid_expiry,invalid,1
2142,Netbanking,HDFC Bank,10,4,0,1,BAD_REQUEST_ERROR,otp_timeout,dropoff,1
1765,Card,SBI,14,6,2,0,GATEWAY_ERROR,internal_error,timeout,1
1863,Card,ICICI Bank,23,0,1,0,BAD_REQUEST_ERROR,invalid_expiry,invalid,1
1025,Card,Axis Bank,15,2,0,0,BAD_REQUEST_ERROR,issuer_general_decline,decline,0
2969,UPI,HDFC Bank,5,1,3,0,BAD_REQUEST_ERROR,user_cancelled,dropoff,1
1993,Netbanking,Yes Bank,22,6,2,0,BAD_REQUEST_ERROR,otp_timeout,dropoff,1
1663,Card,IDFC First,11,5,0,0,BAD_REQUEST_ERROR,user_cancelled,dropoff,1
2962,Wallet,Kotak Mahindra,0,0,0,1,GATEWAY_ERROR,issuer_risk_block,risk,0
9129,UPI,IDFC First,5,0,2,1,BAD_REQUEST_ERROR,issuer_general_decline,decline,0
835,Netbanking,Kotak Mahindra,4,4,0,0,BAD_REQUEST_ERROR,otp_timeout,dropoff,0
1121,Netbanking,Yes Bank,1,2,1,1,BAD_REQUEST_ERROR,otp_timeout,dropoff,1
3031,UPI,SBI,11,0,0,0,BAD_REQUEST_ERROR,issuer_general_decline,decline,0
5832,Card,HDFC Bank,16,4,2,0,GATEWAY_ERROR,issuer_unavailable,timeout,0
4091,Card,Yes Bank,14,6,1,1,BAD_REQUEST_ERROR,issuer_general_decline,decline,1
634,UPI,Kotak Mahindra,18,2,2,0,BAD_REQUEST_ERROR,invalid_expiry,invalid,0
1318,Netbanking,Axis Bank,17,4,0,0,GATEWAY_ERROR,issuer_unavailable,timeout,1
2517,Netbanking,HDFC Bank,13,4,1,1,BAD_REQUEST_ERROR,otp_timeout,dropoff,1
2299,UPI,SBI,10,3,0,1,BAD_REQUEST_ERROR,insufficient_funds,funds,0
953,UPI,HDFC Bank,14,3,2,0,BAD_REQUEST_ERROR,user_cancelled,dropoff,1
267,Card,HDFC Bank,6,0,0,0,GATEWAY_ERROR,issuer_unavailable,timeout,1
1513,Netbanking,SBI,16,3,0,1,GATEWAY_ERROR,issuer_unavailable,timeout,1
6979,Netbanking,ICICI Bank,22,0,3,0,GATEWAY_ERROR,issuer_unavailable,timeout,1
1578,Wallet,Kotak Mahindra,19,3,1,1,GATEWAY_ERROR,issuer_risk_block,risk,0
669,UPI,HDFC Bank,13,6,2,1,BAD_REQUEST_ERROR,otp_timeout,dropoff,0
824,Card,Axis Bank,21,1,1,1,GATEWAY_ERROR,issuer_unavailable,timeout,0
1824,UPI,ICICI Bank,15,1,3,0,BAD_REQUEST_ERROR,insufficient_funds,funds,1
5895,Netbanking,Axis Bank,3,1,1,0,BAD_REQUEST_ERROR,user_cancelled,dropoff,0
8295,Wallet,Axis Bank,21,5,1,1,GATEWAY_ERROR,internal_error,invalid,0
5892,Card,HDFC Bank,4,6,1,0,BAD_REQUEST_ERROR,invalid_expiry,invalid,0
1199,Card,Kotak Mahindra,4,1,0,1,BAD_REQUEST_ERROR,insufficient_funds,funds,1
897,Netbanking,Kotak Mahindra,0,1,0,0,GATEWAY_ERROR,internal_error,timeout,0
15288,Wallet,IDFC First,18,5,1,0,BAD_REQUEST_ERROR,invalid_cvv,invalid,0
2783,UPI,HDFC Bank,5,2,0,1,BAD_REQUEST_ERROR,insufficient_funds,funds,0
594,UPI,Kotak Mahindra,10,2,3,1,BAD_REQUEST_ERROR,user_cancelled,dropoff,0
6315,UPI,Yes Bank,13,1,0,0,GATEWAY_ERROR,issuer_unavailable,timeout,1
542,Wallet,Axis Bank,22,3,0,1,BAD_REQUEST_ERROR,invalid_cvv,invalid,1
7653,UPI,Kotak Mahindra,21,1,0,0,GATEWAY_ERROR,internal_error,timeout,0
428,UPI,HDFC Bank,1,0,2,1,BAD_REQUEST_ERROR,user_cancelled,dropoff,0
4283,UPI,SBI,18,2,1,0,BAD_REQUEST_ERROR,issuer_general_decline,decline,1
655,UPI,ICICI Bank,3,2,1,0,BAD_REQUEST_ERROR,insufficient_funds,funds,1
2548,UPI,Yes Bank,13,1,0,0,GATEWAY_ERROR,issuer_unavailable,timeout,1
793,Card,Yes Bank,21,6,0,1,GATEWAY_ERROR,issuer_risk_block,risk,0
564,UPI,ICICI Bank,3,6,2,1,BAD_REQUEST_ERROR,invalid_cvv,invalid,0
6051,Card,ICICI Bank,6,3,2,0,BAD_REQUEST_ERROR,otp_timeout,dropoff,1
5306,Card,Yes Bank,3,5,1,0,GATEWAY_ERROR,internal_error,timeout,0
2262,Card,Yes Bank,0,3,1,1,BAD_REQUEST_ERROR,user_cancelled,dropoff,1
2590,Card,IDFC First,17,1,0,0,GATEWAY_ERROR,issuer_unavailable,timeout,1
6854,UPI,Kotak Mahindra,6,4,2,0,BAD_REQUEST_ERROR,insufficient_funds,funds,0
756,UPI,SBI,5,6,1,1,BAD_REQUEST_ERROR,insufficient_funds,decline,0
2562,Wallet,ICICI Bank,15,4,1,0,GATEWAY_ERROR,issuer_unavailable,timeout,1
1024,UPI,SBI,17,1,0,0,BAD_REQUEST_ERROR,issuer_general_decline,decline,1
2981,Card,Yes Bank,0,1,2,0,BAD_REQUEST_ERROR,insufficient_funds,funds,0
3301,Netbanking,Kotak Mahindra,18,3,1,0,GATEWAY_ERROR,issuer_unavailable,timeout,1
3026,UPI,SBI,8,1,0,0,BAD_REQUEST_ERROR,issuer_general_decline,decline,1
3173,UPI,SBI,22,1,2,0,BAD_REQUEST_ERROR,insufficient_funds,funds,1
2465,Wallet,SBI,20,5,0,1,BAD_REQUEST_ERROR,invalid_cvv,invalid,1
2241,Card,Yes Bank,3,1,1,1,GATEWAY_ERROR,issuer_unavailable,timeout,1
10729,Card,Kotak Mahindra,15,1,1,1,GATEWAY_ERROR,issuer_risk_block,risk,0
3235,Card,Kotak Mahindra,19,1,0,0,GATEWAY_ERROR,issuer_risk_block,risk,0
3323,Netbanking,ICICI Bank,23,2,1,0,BAD_REQUEST_ERROR,invalid_cvv,invalid,0
972,Netbanking,Kotak Mahindra,10,5,2,0,GATEWAY_ERROR,issuer_risk_block,risk,0
489,Card,IDFC First,3,6,0,0,BAD_REQUEST_ERROR,issuer_general_decline,decline,0
13355,UPI,Kotak Mahindra,12,5,0,1,BAD_REQUEST_ERROR,invalid_expiry,invalid,0
673,Card,ICICI Bank,15,6,3,0,GATEWAY_ERROR,issuer_risk_block,risk,0
8042,UPI,IDFC First,9,4,1,1,GATEWAY_ERROR,internal_error,timeout,0
1647,Card,Kotak Mahindra,18,0,0,1,BAD_REQUEST_ERROR,otp_timeout,dropoff,1
2908,UPI,SBI,4,1,0,0,BAD_REQUEST_ERROR,insufficient_funds,funds,0
3222,Card,Yes Bank,14,0,0,1,BAD_REQUEST_ERROR,user_cancelled,dropoff,1
366,Card,Axis Bank,23,1,3,1,BAD_REQUEST_ERROR,issuer_general_decline,risk,0
10568,Netbanking,HDFC Bank,0,2,0,0,BAD_REQUEST_ERROR,user_cancelled,risk,0
1394,Card,Kotak Mahindra,9,4,1,0,BAD_REQUEST_ERROR,invalid_cvv,invalid,0
1697,Card,HDFC Bank,23,6,0,1,GATEWAY_ERROR,issuer_unavailable,timeout,0
3971,UPI,Kotak Mahindra,2,0,1,0,BAD_REQUEST_ERROR,user_cancelled,timeout,0
4254,Card,HDFC Bank,23,3,3,1,BAD_REQUEST_ERROR,user_cancelled,dropoff,0
822,UPI,HDFC Bank,23,5,0,0,BAD_REQUEST_ERROR,issuer_general_decline,decline,0
514,Wallet,Yes Bank,20,3,1,1,GATEWAY_ERROR,issuer_risk_block,risk,0
3946,UPI,IDFC First,4,6,1,0,GATEWAY_ERROR,issuer_risk_block,risk,0
2375,Card,Axis Bank,10,1,0,0,BAD_REQUEST_ERROR,invalid_cvv,invalid,0
1372,Netbanking,ICICI Bank,16,0,1,0,BAD_REQUEST_ERROR,invalid_cvv,timeout,1
2050,Card,SBI,5,5,0,0,BAD_REQUEST_ERROR,invalid_cvv,invalid,1
100,Card,HDFC Bank,10,2,1,0,BAD_REQUEST_ERROR,otp_timeout,dropoff,1
16028,UPI,HDFC Bank,7,2,0,0,BAD_REQUEST_ERROR,user_cancelled,dropoff,1
1917,Card,Yes Bank,14,3,0,0,BAD_REQUEST_ERROR,otp_timeout,dropoff,0
818,UPI,HDFC Bank,19,2,1,0,BAD_REQUEST_ERROR,user_cancelled,dropoff,1
1258,Netbanking,SBI,17,0,2,1,GATEWAY_ERROR,internal_error,timeout,1
4326,UPI,IDFC First,17,0,0,0,BAD_REQUEST_ERROR,invalid_expiry,invalid,0
4177,UPI,Axis Bank,10,6,0,1,BAD_REQUEST_ERROR,issuer_general_decline,decline,1
2955,UPI,Kotak Mahindra,8,5,1,0,BAD_REQUEST_ERROR,invalid_cvv,invalid,0
2355,UPI,IDFC First,19,2,1,0,BAD_REQUEST_ERROR,insufficient_funds,funds,1
655,UPI,HDFC Bank,22,0,0,1,BAD_REQUEST_ERROR,user_cancelled,dropoff,0
3342,Card,Kotak Mahindra,15,4,1,1,BAD_REQUEST_ERROR,otp_timeout,dropoff,1
4472,UPI,SBI,4,2,0,0,BAD_REQUEST_ERROR,insufficient_funds,funds,0
5272,Netbanking,IDFC First,20,6,0,0,BAD_REQUEST_ERROR,invalid_cvv,decline,0
6965,UPI,Yes Bank,17,0,0,1,GATEWAY_ERROR,issuer_unavailable,timeout,1
1637,Card,ICICI Bank,19,6,1,0,BAD_REQUEST_ERROR,otp_timeout,dropoff,0
250,UPI,ICICI Bank,20,4,1,0,GATEWAY_ERROR,issuer_unavailable,timeout,1
10813,UPI,SBI,1,0,1,0,BAD_REQUEST_ERROR,insufficient_funds,funds,1
2911,UPI,Kotak Mahindra,16,6,1,0,BAD_REQUEST_ERROR,user_cancelled,dropoff,1
954,UPI,SBI,17,2,1,0,GATEWAY_ERROR,issuer_risk_block,risk,0
515,Card,Yes Bank,16,0,0,0,GATEWAY_ERROR,internal_error,timeout,1
264,UPI,HDFC Bank,1,2,1,1,BAD_REQUEST_ERROR,invalid_cvv,invalid,0
562,Netbanking,ICICI Bank,23,1,0,0,BAD_REQUEST_ERROR,invalid_cvv,invalid,1
1119,Netbanking,HDFC Bank,9,5,1,0,BAD_REQUEST_ERROR,invalid_expiry,invalid,0
1544,Netbanking,Yes Bank,21,4,1,0,GATEWAY_ERROR,issuer_risk_block,risk,0
3683,Card,HDFC Bank,14,1,1,0,BAD_REQUEST_ERROR,insufficient_funds,funds,0
6575,UPI,Axis Bank,2,5,1,1,BAD_REQUEST_ERROR,otp_timeout,dropoff,1
895,Card,Kotak Mahindra,22,0,0,1,BAD_REQUEST_ERROR,invalid_expiry,invalid,1
12813,Wallet,HDFC Bank,18,1,0,0,BAD_REQUEST_ERROR,otp_timeout,dropoff,1
1303,UPI,Kotak Mahindra,8,3,1,1,GATEWAY_ERROR,internal_error,timeout,1
731,UPI,Kotak Mahindra,2,1,0,0,BAD_REQUEST_ERROR,issuer_general_decline,decline,0
5971,Netbanking,Yes Bank,19,6,0,0,BAD_REQUEST_ERROR,insufficient_funds,funds,1
4183,UPI,Axis Bank,7,6,3,1,BAD_REQUEST_ERROR,insufficient_funds,funds,0
12459,Card,Kotak Mahindra,14,0,0,0,GATEWAY_ERROR,issuer_risk_block,risk,0
232,UPI,Axis Bank,22,5,2,0,GATEWAY_ERROR,internal_error,timeout,1
356,Netbanking,Yes Bank,10,6,1,1,BAD_REQUEST_ERROR,user_cancelled,dropoff,0
1374,UPI,Kotak Mahindra,9,1,0,0,GATEWAY_ERROR,issuer_risk_block,risk,0
948,UPI,IDFC First,19,6,0,0,BAD_REQUEST_ERROR,otp_timeout,dropoff,0
21816,UPI,SBI,20,6,0,1,GATEWAY_ERROR,issuer_risk_block,invalid,1
2986,Netbanking,IDFC First,21,0,0,0,BAD_REQUEST_ERROR,invalid_cvv,invalid,0
1175,Wallet,HDFC Bank,6,2,1,1,BAD_REQUEST_ERROR,otp_timeout,dropoff,1
1616,Netbanking,SBI,2,3,0,0,GATEWAY_ERROR,issuer_risk_block,risk,0
670,Wallet,Axis Bank,17,0,0,0,BAD_REQUEST_ERROR,user_cancelled,dropoff,1
5275,Wallet,Kotak Mahindra,16,0,3,1,BAD_REQUEST_ERROR,invalid_expiry,invalid,0
268,UPI,HDFC Bank,0,6,1,0,BAD_REQUEST_ERROR,user_cancelled,dropoff,1
766,Wallet,HDFC Bank,13,1,1,0,GATEWAY_ERROR,internal_error,timeout,0
1617,Netbanking,Kotak Mahindra,12,1,1,0,BAD_REQUEST_ERROR,invalid_expiry,invalid,0
3040,Netbanking,HDFC Bank,14,4,2,0,BAD_REQUEST_ERROR,invalid_cvv,invalid,0
2470,Netbanking,SBI,15,5,0,0,GATEWAY_ERROR,issuer_unavailable,timeout,1
249,UPI,ICICI Bank,6,5,0,1,GATEWAY_ERROR,issuer_unavailable,timeout,1
2177,Netbanking,IDFC First,13,6,1,0,BAD_REQUEST_ERROR,insufficient_funds,funds,1
4813,UPI,Kotak Mahindra,22,6,0,0,BAD_REQUEST_ERROR,issuer_general_decline,decline,0
679,Wallet,Yes Bank,0,4,0,0,BAD_REQUEST_ERROR,insufficient_funds,funds,1
3072,Wallet,SBI,14,6,0,0,BAD_REQUEST_ERROR,insufficient_funds,funds,0
4408,UPI,SBI,3,5,2,0,BAD_REQUEST_ERROR,user_cancelled,dropoff,0
3839,Wallet,HDFC Bank,13,5,1,1,GATEWAY_ERROR,issuer_unavailable,timeout,1
1363,Card,ICICI Bank,21,2,2,1,BAD_REQUEST_ERROR,invalid_cvv,invalid,0
764,UPI,Kotak Mahindra,14,3,0,0,BAD_REQUEST_ERROR,issuer_general_decline,decline,1
5579,Card,SBI,6,2,0,1,BAD_REQUEST_ERROR,invalid_cvv,invalid,1
1715,UPI,Axis Bank,9,0,0,0,BAD_REQUEST_ERROR,issuer_general_decline,decline,0
661,Card,Kotak Mahindra,12,6,0,0,BAD_REQUEST_ERROR,user_cancelled,dropoff,1
1118,Card,Kotak Mahindra,15,4,0,0,BAD_REQUEST_ERROR,invalid_cvv,invalid,0
2086,Card,Yes Bank,4,4,1,0,BAD_REQUEST_ERROR,invalid_cvv,invalid,0
3286,UPI,Yes Bank,19,2,1,1,BAD_REQUEST_ERROR,issuer_general_decline,decline,0
9111,Card,HDFC Bank,21,1,0,0,GATEWAY_ERROR,issuer_unavailable,funds,0
1022,Wallet,Yes Bank,10,5,2,0,GATEWAY_ERROR,issuer_unavailable,timeout,1
2781,UPI,IDFC First,21,6,1,0,BAD_REQUEST_ERROR,invalid_expiry,invalid,0
419,Netbanking,HDFC Bank,6,0,0,1,BAD_REQUEST_ERROR,invalid_cvv,invalid,0
16240,UPI,ICICI Bank,14,0,1,0,BAD_REQUEST_ERROR,otp_timeout,decline,0
4862,UPI,Yes Bank,16,3,0,0,BAD_REQUEST_ERROR,issuer_general_decline,decline,1
976,Card,HDFC Bank,2,5,3,0,BAD_REQUEST_ERROR,otp_timeout,dropoff,1
2137,Card,Yes Bank,1,0,0,0,BAD_REQUEST_ERROR,otp_timeout,dropoff,1
1290,UPI,Axis Bank,22,0,1,1,GATEWAY_ERROR,internal_error,timeout,1
6207,Wallet,IDFC First,22,6,0,0,GATEWAY_ERROR,internal_error,timeout,0
2525,Card,HDFC Bank,10,6,1,0,BAD_REQUEST_ERROR,insufficient_funds,funds,0
1203,UPI,Axis Bank,20,2,3,1,GATEWAY_ERROR,internal_error,timeout,0
3454,Netbanking,ICICI Bank,7,4,0,0,BAD_REQUEST_ERROR,insufficient_funds,funds,0
2641,Card,IDFC First,23,4,1,0,BAD_REQUEST_ERROR,user_cancelled,dropoff,0
6013,Card,Kotak Mahindra,0,3,1,0,BAD_REQUEST_ERROR,user_cancelled,dropoff,0
1423,UPI,IDFC First,11,0,0,0,BAD_REQUEST_ERROR,user_cancelled,dropoff,1
4990,Card,Kotak Mahindra,19,5,2,0,BAD_REQUEST_ERROR,otp_timeout,dropoff,0
5907,Netbanking,Axis Bank,7,2,3,1,BAD_REQUEST_ERROR,otp_timeout,dropoff,0
1369,UPI,HDFC Bank,16,6,0,0,BAD_REQUEST_ERROR,invalid_cvv,funds,0
2672,Card,SBI,10,1,0,1,BAD_REQUEST_ERROR,user_cancelled,dropoff,0
11207,Netbanking,HDFC Bank,0,0,0,0,GATEWAY_ERROR,issuer_risk_block,timeout,0
2080,Netbanking,IDFC First,13,4,0,0,BAD_REQUEST_ERROR,otp_timeout,dropoff,0
582,Card,HDFC Bank,12,5,0,0,BAD_REQUEST_ERROR,insufficient_funds,funds,0
1383,Netbanking,ICICI Bank,1,3,1,1,BAD_REQUEST_ERROR,otp_timeout,dropoff,1
295,Wallet,Kotak Mahindra,17,0,3,0,BAD_REQUEST_ERROR,user_cancelled,dropoff,1
1044,Wallet,ICICI Bank,4,5,1,0,GATEWAY_ERROR,internal_error,timeout,1
1748,Card,Kotak Mahindra,2,1,1,0,BAD_REQUEST_ERROR,otp_timeout,dropoff,0
15912,Wallet,ICICI Bank,8,3,0,0,BAD_REQUEST_ERROR,issuer_general_decline,timeout,1
1992,Wallet,Axis Bank,0,3,0,1,GATEWAY_ERROR,internal_error,timeout,1
7688,UPI,Kotak Mahindra,23,2,0,0,BAD_REQUEST_ERROR,invalid_expiry,invalid,0
2867,UPI,Axis Bank,17,0,0,1,GATEWAY_ERROR,internal_error,timeout,1
1388,UPI,HDFC Bank,16,0,0,0,BAD_REQUEST_ERROR,invalid_cvv,invalid,1
402,UPI,ICICI Bank,17,6,2,0,BAD_REQUEST_ERROR,issuer_general_decline,decline,1
1973,Card,Yes Bank,11,2,0,1,GATEWAY_ERROR,issuer_risk_block,risk,0
3781,Netbanking,ICICI Bank,4,3,1,0,BAD_REQUEST_ERROR,invalid_expiry,invalid,1
1740,UPI,Axis Bank,15,5,0,1,GATEWAY_ERROR,issuer_unavailable,timeout,1
1697,Card,Kotak Mahindra,2,3,1,0,BAD_REQUEST_ERROR,insufficient_funds,funds,1
1299,Card,ICICI Bank,15,0,1,0,BAD_REQUEST_ERROR,invalid_expiry,invalid,1
343,UPI,Axis Bank,9,5,2,0,GATEWAY_ERROR,issuer_unavailable,timeout,1
22279,Card,ICICI Bank,20,1,1,0,GATEWAY_ERROR,issuer_risk_block,risk,0
1445,Netbanking,Axis Bank,9,0,0,0,BAD_REQUEST_ERROR,invalid_cvv,invalid,1
2530,UPI,ICICI Bank,18,3,0,0,GATEWAY_ERROR,issuer_risk_block,risk,0
10892,Card,HDFC Bank,1,4,0,1,BAD_REQUEST_ERROR,invalid_expiry,invalid,0
1823,Wallet,Kotak Mahindra,19,4,1,0,GATEWAY_ERROR,issuer_risk_block,risk,0
297,Card,Axis Bank,8,1,1,1,GATEWAY_ERROR,issuer_unavailable,timeout,1
1668,UPI,ICICI Bank,19,6,1,0,BAD_REQUEST_ERROR,invalid_expiry,invalid,1
245,Card,IDFC First,18,3,1,1,BAD_REQUEST_ERROR,user_cancelled,dropoff,1
1667,Card,SBI,22,0,0,0,BAD_REQUEST_ERROR,insufficient_funds,funds,0
4542,UPI,SBI,16,1,0,0,BAD_REQUEST_ERROR,insufficient_funds,funds,0
6150,Netbanking,Kotak Mahindra,17,4,1,1,GATEWAY_ERROR,issuer_risk_block,risk,0
411,Netbanking,SBI,4,4,0,0,GATEWAY_ERROR,issuer_risk_block,risk,0
1323,Card,HDFC Bank,12,4,0,0,BAD_REQUEST_ERROR,user_cancelled,dropoff,1
842,UPI,ICICI Bank,20,5,1,1,GATEWAY_ERROR,internal_error,timeout,1
518,UPI,IDFC First,17,5,0,1,BAD_REQUEST_ERROR,otp_timeout,dropoff,1
341,Netbanking,HDFC Bank,1,6,0,1,GATEWAY_ERROR,issuer_unavailable,timeout,1
1304,UPI,SBI,20,2,0,0,GATEWAY_ERROR,internal_error,timeout,1
2278,Wallet,HDFC Bank,12,5,1,1,BAD_REQUEST_ERROR,invalid_expiry,invalid,0
3907,UPI,IDFC First,10,2,0,0,BAD_REQUEST_ERROR,issuer_general_decline,dropoff,1
851,UPI,Axis Bank,16,4,0,0,GATEWAY_ERROR,internal_error,timeout,1
890,Netbanking,SBI,5,0,0,0,BAD_REQUEST_ERROR,user_cancelled,dropoff,0
1594,Card,Yes Bank,1,0,1,0,BAD_REQUEST_ERROR,user_cancelled,dropoff,0
1006,Wallet,Axis Bank,14,0,3,0,BAD_REQUEST_ERROR,insufficient_funds,funds,0
959,UPI,Yes Bank,18,2,1,1,BAD_REQUEST_ERROR,insufficient_funds,funds,0
1272,UPI,ICICI Bank,6,1,2,0,GATEWAY_ERROR,internal_error,timeout,1
9240,UPI,Axis Bank,0,2,0,0,BAD_REQUEST_ERROR,issuer_general_decline,decline,0
2558,Netbanking,Yes Bank,12,0,2,1,GATEWAY_ERROR,internal_error,timeout,0
2228,Netbanking,Kotak Mahindra,16,0,0,1,GATEWAY_ERROR,internal_error,timeout,1
1020,Card,Yes Bank,9,2,0,1,BAD_REQUEST_ERROR,invalid_cvv,invalid,0
1938,UPI,Kotak Mahindra,3,0,1,0,BAD_REQUEST_ERROR,user_cancelled,dropoff,1
318,UPI,Kotak Mahindra,20,4,0,1,BAD_REQUEST_ERROR,issuer_general_decline,dropoff,1
1314,Netbanking,HDFC Bank,9,3,0,1,BAD_REQUEST_ERROR,invalid_expiry,invalid,1
1719,UPI,Kotak Mahindra,0,6,0,1,GATEWAY_ERROR,issuer_unavailable,timeout,1
2103,UPI,ICICI Bank,11,3,3,1,BAD_REQUEST_ERROR,otp_timeout,dropoff,1
3265,Netbanking,SBI,23,5,0,0,BAD_REQUEST_ERROR,user_cancelled,dropoff,0
3554,Card,ICICI Bank,2,4,3,1,BAD_REQUEST_ERROR,invalid_cvv,invalid,0
8060,UPI,IDFC First,11,3,1,1,GATEWAY_ERROR,issuer_unavailable,timeout,1
2987,Netbanking,SBI,7,6,2,1,BAD_REQUEST_ERROR,user_cancelled,dropoff,0
5103,Card,ICICI Bank,23,5,1,1,BAD_REQUEST_ERROR,user_cancelled,dropoff,1
1190,Netbanking,ICICI Bank,11,1,0,0,GATEWAY_ERROR,internal_error,timeout,1
591,UPI,Kotak Mahindra,1,1,0,0,GATEWAY_ERROR,issuer_unavailable,timeout,0
1179,Wallet,SBI,7,5,2,0,BAD_REQUEST_ERROR,user_cancelled,risk,0
313,Card,SBI,4,6,1,0,BAD_REQUEST_ERROR,otp_timeout,dropoff,1
3714,Netbanking,Yes Bank,19,3,0,0,BAD_REQUEST_ERROR,insufficient_funds,funds,0
1721,Card,IDFC First,12,3,1,1,GATEWAY_ERROR,issuer_unavailable,timeout,0
3418,Card,Axis Bank,23,4,2,0,BAD_REQUEST_ERROR,otp_timeout,dropoff,1
4047,UPI,Kotak Mahindra,15,0,2,0,GATEWAY_ERROR,issuer_risk_block,risk,0
760,Card,Yes Bank,4,4,2,1,BAD_REQUEST_ERROR,insufficient_funds,funds,0
3326,Netbanking,Axis Bank,13,1,0,0,GATEWAY_ERROR,issuer_unavailable,timeout,1
5258,Card,IDFC First,16,1,0,0,GATEWAY_ERROR,issuer_risk_block,risk,0
3249,UPI,Yes Bank,18,5,0,1,BAD_REQUEST_ERROR,insufficient_funds,funds,1
1804,UPI,SBI,14,3,1,0,GATEWAY_ERROR,issuer_risk_block,risk,0
825,UPI,Axis Bank,22,3,3,0,BAD_REQUEST_ERROR,insufficient_funds,funds,0
1163,Netbanking,Kotak Mahindra,2,2,3,0,BAD_REQUEST_ERROR,insufficient_funds,funds,0
9174,UPI,SBI,4,5,3,1,BAD_REQUEST_ERROR,issuer_general_decline,decline,1
2373,Netbanking,ICICI Bank,3,3,0,1,BAD_REQUEST_ERROR,invalid_cvv,invalid,0
1300,Card,HDFC Bank,4,6,0,0,GATEWAY_ERROR,issuer_risk_block,risk,0
16513,Card,HDFC Bank,22,6,2,0,BAD_REQUEST_ERROR,user_cancelled,dropoff,1
2522,UPI,HDFC Bank,12,6,0,1,BAD_REQUEST_ERROR,issuer_general_decline,decline,0
1874,Card,HDFC Bank,8,6,0,0,GATEWAY_ERROR,issuer_unavailable,timeout,1
7365,Card,IDFC First,11,5,0,1,BAD_REQUEST_ERROR,user_cancelled,dropoff,0
3986,Wallet,Kotak Mahindra,19,1,1,0,GATEWAY_ERROR,internal_error,timeout,1
9321,Card,Kotak Mahindra,16,3,0,0,BAD_REQUEST_ERROR,invalid_cvv,invalid,1
18625,Card,HDFC Bank,6,5,2,0,GATEWAY_ERROR,issuer_unavailable,timeout,1
2920,Netbanking,Axis Bank,9,5,0,0,BAD_REQUEST_ERROR,invalid_expiry,invalid,1
3151,Card,IDFC First,21,3,2,0,BAD_REQUEST_ERROR,insufficient_funds,funds,0
273,Card,Kotak Mahindra,10,2,0,0,GATEWAY_ERROR,internal_error,invalid,1
1404,UPI,HDFC Bank,4,6,2,0,GATEWAY_ERROR,issuer_unavailable,timeout,1
1027,Wallet,SBI,3,6,1,1,GATEWAY_ERROR,issuer_unavailable,timeout,1
5822,Netbanking,Axis Bank,2,5,1,0,GATEWAY_ERROR,internal_error,timeout,1
7780,Card,HDFC Bank,9,0,0,0,BAD_REQUEST_ERROR,otp_timeout,dropoff,0
1868,UPI,IDFC First,10,0,3,0,BAD_REQUEST_ERROR,issuer_general_decline,decline,0
639,Netbanking,IDFC First,12,2,0,1,BAD_REQUEST_ERROR,insufficient_funds,funds,0
3025,UPI,Axis Bank,13,0,0,0,BAD_REQUEST_ERROR,user_cancelled,dropoff,1
1214,Card,Kotak Mahindra,22,3,0,1,BAD_REQUEST_ERROR,insufficient_funds,funds,0
368,UPI,Yes Bank,0,2,1,1,BAD_REQUEST_ERROR,invalid_cvv,invalid,1
368,Wallet,Kotak Mahindra,9,4,2,0,BAD_REQUEST_ERROR,invalid_cvv,invalid,1
2350,Card,ICICI Bank,7,1,0,0,BAD_REQUEST_ERROR,user_cancelled,dropoff,0
2363,Card,IDFC First,10,3,0,0,GATEWAY_ERROR,internal_error,timeout,0
20244,UPI,Yes Bank,20,5,0,1,BAD_REQUEST_ERROR,invalid_expiry,invalid,0
121,Wallet,Yes Bank,5,4,1,1,BAD_REQUEST_ERROR,invalid_expiry,invalid,0
753,UPI,ICICI Bank,0,3,0,1,BAD_REQUEST_ERROR,issuer_general_decline,decline,0
115,Card,HDFC Bank,16,1,1,0,BAD_REQUEST_ERROR,insufficient_funds,funds,0
3063,Wallet,Yes Bank,11,3,0,0,GATEWAY_ERROR,issuer_risk_block,risk,0
150,UPI,Yes Bank,10,4,0,1,BAD_REQUEST_ERROR,user_cancelled,dropoff,1
16079,Card,ICICI Bank,16,5,0,0,BAD_REQUEST_ERROR,insufficient_funds,funds,0
2837,Card,SBI,19,1,0,0,BAD_REQUEST_ERROR,invalid_expiry,invalid,1
4401,UPI,ICICI Bank,4,0,2,0,BAD_REQUEST_ERROR,issuer_general_decline,decline,0
1582,UPI,Yes Bank,14,6,1,1,GATEWAY_ERROR,issuer_unavailable,timeout,0
894,UPI,SBI,13,5,0,0,GATEWAY_ERROR,internal_error,timeout,1
523,Card,Axis Bank,21,6,0,0,BAD_REQUEST_ERROR,otp_timeout,dropoff,1
1536,UPI,Axis Bank,2,6,0,1,BAD_REQUEST_ERROR,user_cancelled,dropoff,1
14002,Card,SBI,9,6,0,0,BAD_REQUEST_ERROR,issuer_general_decline,decline,1
5483,Card,HDFC Bank,4,3,0,0,BAD_REQUEST_ERROR,insufficient_funds,funds,0
1285,Card,Yes Bank,23,5,2,0,GATEWAY_ERROR,issuer_risk_block,risk,0
4046,Netbanking,SBI,16,4,0,1,BAD_REQUEST_ERROR,otp_timeout,dropoff,0
179,Card,ICICI Bank,17,0,0,0,BAD_REQUEST_ERROR,user_cancelled,dropoff,1
2447,Card,Yes Bank,14,6,0,0,BAD_REQUEST_ERROR,invalid_cvv,invalid,1
2749,UPI,Axis Bank,22,1,0,1,BAD_REQUEST_ERROR,user_cancelled,decline,1
1247,Card,SBI,6,5,0,0,BAD_REQUEST_ERROR,issuer_general_decline,decline,0
10198,Wallet,HDFC Bank,13,3,1,0,BAD_REQUEST_ERROR,user_cancelled,funds,0
3447,Card,ICICI Bank,8,1,0,1,BAD_REQUEST_ERROR,user_cancelled,dropoff,1
3461,Card,SBI,7,6,0,1,GATEWAY_ERROR,issuer_unavailable,timeout,0
888,Card,Yes Bank,0,5,2,0,BAD_REQUEST_ERROR,invalid_cvv,invalid,0
1276,Card,Kotak Mahindra,12,5,1,1,BAD_REQUEST_ERROR,issuer_general_decline,decline,0
2225,Card,ICICI Bank,13,3,2,1,GATEWAY_ERROR,issuer_risk_block,risk,0
2667,UPI,IDFC First,13,6,2,0,BAD_REQUEST_ERROR,invalid_expiry,invalid,0
3321,Card,IDFC First,10,1,0,0,GATEWAY_ERROR,issuer_unavailable,timeout,1
2071,UPI,Kotak Mahindra,1,3,0,1,BAD_REQUEST_ERROR,invalid_expiry,invalid,1
968,Wallet,ICICI Bank,12,5,0,1,BAD_REQUEST_ERROR,invalid_cvv,invalid,1
1426,Netbanking,SBI,5,0,1,1,GATEWAY_ERROR,issuer_unavailable,timeout,1
383,Card,Kotak Mahindra,9,4,0,0,GATEWAY_ERROR,internal_error,timeout,1
2535,UPI,Yes Bank,7,5,0,1,BAD_REQUEST_ERROR,invalid_cvv,invalid,1
2396,Card,IDFC First,5,3,0,1,GATEWAY_ERROR,issuer_risk_block,risk,0
924,Card,Axis Bank,4,5,0,1,GATEWAY_ERROR,issuer_risk_block,risk,0
891,UPI,IDFC First,0,2,0,0,BAD_REQUEST_ERROR,user_cancelled,dropoff,1
3557,UPI,Yes Bank,3,1,0,1,BAD_REQUEST_ERROR,otp_timeout,dropoff,1
4789,UPI,Yes Bank,8,4,0,0,BAD_REQUEST_ERROR,invalid_cvv,invalid,1
1269,Card,IDFC First,14,4,2,0,BAD_REQUEST_ERROR,invalid_cvv,invalid,0
1569,UPI,IDFC First,5,2,0,1,BAD_REQUEST_ERROR,issuer_general_decline,decline,1
5420,Wallet,HDFC Bank,22,5,0,0,BAD_REQUEST_ERROR,invalid_cvv,invalid,1
2182,UPI,HDFC Bank,20,0,0,0,BAD_REQUEST_ERROR,invalid_expiry,invalid,1
1003,UPI,ICICI Bank,7,1,0,0,BAD_REQUEST_ERROR,user_cancelled,dropoff,1
1403,Netbanking,Yes Bank,1,2,0,1,BAD_REQUEST_ERROR,otp_timeout,dropoff,0
13799,Netbanking,Yes Bank,15,2,0,0,GATEWAY_ERROR,issuer_risk_block,risk,0
1731,UPI,IDFC First,17,1,0,1,BAD_REQUEST_ERROR,invalid_cvv,invalid,0
876,Card,Axis Bank,15,6,1,0,GATEWAY_ERROR,issuer_risk_block,risk,0
4718,UPI,Axis Bank,16,1,1,0,BAD_REQUEST_ERROR,otp_timeout,dropoff,1
4903,UPI,Yes Bank,10,6,2,1,GATEWAY_ERROR,issuer_risk_block,risk,0
1062,Netbanking,Kotak Mahindra,22,3,0,0,GATEWAY_ERROR,internal_error,timeout,1
635,Card,HDFC Bank,9,1,0,0,GATEWAY_ERROR,issuer_unavailable,timeout,1
13092,UPI,IDFC First,23,3,0,1,BAD_REQUEST_ERROR,issuer_general_decline,decline,0
1106,Card,IDFC First,0,1,0,1,BAD_REQUEST_ERROR,invalid_cvv,invalid,0
2802,Netbanking,SBI,15,6,0,0,GATEWAY_ERROR,issuer_unavailable,timeout,1
4721,Netbanking,Axis Bank,18,5,0,0,BAD_REQUEST_ERROR,user_cancelled,dropoff,1
14541,Card,ICICI Bank,2,1,1,1,GATEWAY_ERROR,issuer_risk_block,risk,0
976,Wallet,Kotak Mahindra,17,2,2,0,BAD_REQUEST_ERROR,otp_timeout,dropoff,1
657,UPI,HDFC Bank,22,1,1,0,BAD_REQUEST_ERROR,user_cancelled,dropoff,1
6846,UPI,IDFC First,3,3,0,0,GATEWAY_ERROR,internal_error,timeout,1
1819,Wallet,HDFC Bank,0,4,0,1,BAD_REQUEST_ERROR,invalid_expiry,invalid,0
1979,UPI,ICICI Bank,2,5,0,0,GATEWAY_ERROR,issuer_unavailable,timeout,0
2573,Netbanking,Yes Bank,3,1,1,0,BAD_REQUEST_ERROR,insufficient_funds,funds,0
2072,UPI,SBI,0,1,0,1,BAD_REQUEST_ERROR,invalid_expiry,invalid,0
2076,UPI,HDFC Bank,20,0,1,1,BAD_REQUEST_ERROR,otp_timeout,dropoff,1
911,Card,HDFC Bank,14,4,0,0,BAD_REQUEST_ERROR,invalid_expiry,invalid,1
421,Card,Axis Bank,13,1,1,0,GATEWAY_ERROR,internal_error,timeout,1
2333,UPI,HDFC Bank,2,1,3,0,BAD_REQUEST_ERROR,insufficient_funds,funds,0
536,UPI,Yes Bank,11,3,0,1,BAD_REQUEST_ERROR,invalid_cvv,invalid,1
1333,UPI,Kotak Mahindra,19,0,3,0,BAD_REQUEST_ERROR,user_cancelled,dropoff,0
5356,Card,ICICI Bank,18,4,0,0,GATEWAY_ERROR,issuer_unavailable,timeout,1
10286,UPI,HDFC Bank,11,5,2,1,GATEWAY_ERROR,issuer_unavailable,timeout,1
1015,Card,Kotak Mahindra,18,6,0,0,BAD_REQUEST_ERROR,insufficient_funds,funds,0
3329,Card,Kotak Mahindra,18,0,0,0,BAD_REQUEST_ERROR,user_cancelled,dropoff,1
528,UPI,SBI,18,5,1,0,BAD_REQUEST_ERROR,invalid_cvv,invalid,0
876,Card,Kotak Mahindra,7,3,0,0,GATEWAY_ERROR,issuer_unavailable,timeout,1
422,Card,Kotak Mahindra,2,1,0,0,BAD_REQUEST_ERROR,invalid_cvv,invalid,0
5171,Netbanking,SBI,16,4,0,1,GATEWAY_ERROR,issuer_risk_block,risk,0
2622,UPI,ICICI Bank,16,4,0,0,GATEWAY_ERROR,internal_error,timeout,1
3212,Card,SBI,1,4,2,1,BAD_REQUEST_ERROR,invalid_expiry,invalid,1
1262,Card,ICICI Bank,9,0,0,0,BAD_REQUEST_ERROR,invalid_expiry,invalid,1
457,Wallet,ICICI Bank,1,2,1,1,BAD_REQUEST_ERROR,insufficient_funds,funds,0
1002,UPI,HDFC Bank,17,5,1,0,BAD_REQUEST_ERROR,invalid_cvv,invalid,1
2268,Card,IDFC First,15,0,1,0,GATEWAY_ERROR,internal_error,timeout,1
3215,Netbanking,SBI,19,0,0,0,BAD_REQUEST_ERROR,user_cancelled,dropoff,1
1361,Card,HDFC Bank,10,0,0,0,BAD_REQUEST_ERROR,insufficient_funds,funds,0
5314,Netbanking,HDFC Bank,10,2,2,0,GATEWAY_ERROR,internal_error,timeout,1
1981,UPI,IDFC First,9,0,2,0,BAD_REQUEST_ERROR,insufficient_funds,funds,0
1044,Netbanking,Axis Bank,2,5,0,0,GATEWAY_ERROR,issuer_unavailable,funds,1
3471,UPI,IDFC First,7,0,3,0,BAD_REQUEST_ERROR,otp_timeout,dropoff,0
3395,Netbanking,ICICI Bank,23,0,0,0,BAD_REQUEST_ERROR,insufficient_funds,funds,0
3377,Card,ICICI Bank,19,4,0,0,BAD_REQUEST_ERROR,otp_timeout,dropoff,1
1324,Card,Kotak Mahindra,18,1,0,0,BAD_REQUEST_ERROR,issuer_general_decline,decline,0
2361,Card,HDFC Bank,1,6,1,0,BAD_REQUEST_ERROR,insufficient_funds,funds,0
856,UPI,Axis Bank,16,5,0,0,BAD_REQUEST_ERROR,insufficient_funds,funds,0
3060,Wallet,Yes Bank,0,2,1,0,BAD_REQUEST_ERROR,insufficient_funds,funds,0
1975,UPI,ICICI Bank,23,6,1,1,BAD_REQUEST_ERROR,invalid_cvv,invalid,0
6205,UPI,Kotak Mahindra,9,5,1,0,BAD_REQUEST_ERROR,issuer_general_decline,dropoff,0
1308,Netbanking,Axis Bank,23,3,1,0,BAD_REQUEST_ERROR,insufficient_funds,funds,0
1054,UPI,IDFC First,20,4,1,0,BAD_REQUEST_ERROR,otp_timeout,dropoff,1
3594,Card,Axis Bank,22,5,3,0,BAD_REQUEST_ERROR,invalid_expiry,invalid,1
519,UPI,ICICI Bank,10,6,3,0,BAD_REQUEST_ERROR,user_cancelled,dropoff,1
863,Netbanking,ICICI Bank,14,2,1,1,BAD_REQUEST_ERROR,otp_timeout,dropoff,0
2247,Netbanking,Yes Bank,0,2,1,0,BAD_REQUEST_ERROR,user_cancelled,dropoff,1
1369,Card,Kotak Mahindra,9,4,0,0,BAD_REQUEST_ERROR,invalid_cvv,invalid,0
1744,UPI,SBI,15,4,1,1,GATEWAY_ERROR,internal_error,timeout,1
1458,UPI,Yes Bank,10,5,1,0,BAD_REQUEST_ERROR,otp_timeout,dropoff,1
9012,Card,SBI,0,4,0,1,BAD_REQUEST_ERROR,insufficient_funds,timeout,1
5666,Card,Axis Bank,20,5,0,1,GATEWAY_ERROR,internal_error,timeout,1
1966,Netbanking,Axis Bank,5,5,0,0,BAD_REQUEST_ERROR,user_cancelled,dropoff,0
1591,UPI,Yes Bank,23,1,1,1,GATEWAY_ERROR,issuer_risk_block,risk,0
4125,UPI,Yes Bank,8,3,1,0,BAD_REQUEST_ERROR,issuer_general_decline,decline,0
163,Card,HDFC Bank,5,5,0,0,BAD_REQUEST_ERROR,issuer_general_decline,decline,1
2644,UPI,Yes Bank,18,2,0,0,BAD_REQUEST_ERROR,invalid_cvv,invalid,1
2104,Card,Axis Bank,13,6,0,0,BAD_REQUEST_ERROR,invalid_cvv,invalid,0
905,UPI,Kotak Mahindra,4,5,0,0,BAD_REQUEST_ERROR,insufficient_funds,dropoff,1
1342,UPI,HDFC Bank,15,4,2,0,GATEWAY_ERROR,internal_error,timeout,1
15185,Wallet,ICICI Bank,1,3,1,0,BAD_REQUEST_ERROR,issuer_general_decline,decline,0
396,UPI,Kotak Mahindra,17,1,0,0,BAD_REQUEST_ERROR,user_cancelled,dropoff,0
14726,Netbanking,IDFC First,2,2,0,0,GATEWAY_ERROR,internal_error,timeout,1
1820,UPI,Kotak Mahindra,6,5,0,0,BAD_REQUEST_ERROR,insufficient_funds,funds,0
6038,Card,HDFC Bank,8,6,2,0,BAD_REQUEST_ERROR,invalid_cvv,invalid,1
1022,UPI,Kotak Mahindra,21,4,0,0,GATEWAY_ERROR,internal_error,timeout,1
219,Card,IDFC First,19,1,0,0,BAD_REQUEST_ERROR,invalid_cvv,invalid,1
1441,Card,IDFC First,8,0,1,1,GATEWAY_ERROR,issuer_risk_block,risk,1
234,UPI,IDFC First,8,5,0,0,BAD_REQUEST_ERROR,issuer_general_decline,decline,0
1984,UPI,HDFC Bank,11,4,0,0,BAD_REQUEST_ERROR,invalid_expiry,invalid,1
424,Card,Yes Bank,8,6,0,1,BAD_REQUEST_ERROR,otp_timeout,dropoff,1
927,Netbanking,Kotak Mahindra,16,5,1,0,GATEWAY_ERROR,issuer_risk_block,risk,0
3880,Card,ICICI Bank,7,1,0,0,BAD_REQUEST_ERROR,invalid_expiry,invalid,0
3767,Card,Yes Bank,0,1,1,1,BAD_REQUEST_ERROR,invalid_expiry,invalid,1
3532,UPI,HDFC Bank,0,2,0,0,BAD_REQUEST_ERROR,insufficient_funds,funds,0
3570,Card,IDFC First,16,3,1,0,BAD_REQUEST_ERROR,invalid_cvv,invalid,1
617,UPI,IDFC First,2,4,1,1,BAD_REQUEST_ERROR,insufficient_funds,funds,0
2326,UPI,Axis Bank,10,2,1,0,BAD_REQUEST_ERROR,insufficient_funds,funds,0
1063,Netbanking,HDFC Bank,8,2,0,1,BAD_REQUEST_ERROR,issuer_general_decline,decline,0
5138,UPI,HDFC Bank,5,1,0,1,BAD_REQUEST_ERROR,insufficient_funds,timeout,1
1124,Card,Kotak Mahindra,14,4,0,1,BAD_REQUEST_ERROR,user_cancelled,dropoff,1
1628,UPI,Axis Bank,20,1,1,0,BAD_REQUEST_ERROR,user_cancelled,dropoff,1
1946,Card,SBI,6,2,0,0,BAD_REQUEST_ERROR,invalid_expiry,invalid,0
5879,UPI,ICICI Bank,20,6,0,0,BAD_REQUEST_ERROR,otp_timeout,dropoff,1
3812,UPI,HDFC Bank,20,3,0,0,BAD_REQUEST_ERROR,invalid_cvv,invalid,1
3681,UPI,SBI,21,4,0,1,BAD_REQUEST_ERROR,issuer_general_decline,funds,0
3276,UPI,SBI,13,5,2,0,GATEWAY_ERROR,internal_error,timeout,0
433,Card,Yes Bank,17,0,0,0,BAD_REQUEST_ERROR,invalid_expiry,invalid,1
3372,UPI,Kotak Mahindra,13,3,0,1,GATEWAY_ERROR,internal_error,timeout,1
2424,UPI,ICICI Bank,22,0,0,0,BAD_REQUEST_ERROR,invalid_cvv,invalid,0
2218,Netbanking,IDFC First,14,1,2,1,BAD_REQUEST_ERROR,invalid_expiry,invalid,1
1487,UPI,Axis Bank,19,4,1,0,GATEWAY_ERROR,issuer_risk_block,timeout,1
1749,UPI,Yes Bank,6,1,0,1,GATEWAY_ERROR,issuer_unavailable,timeout,1
2132,UPI,Kotak Mahindra,2,0,1,0,BAD_REQUEST_ERROR,invalid_expiry,invalid,1
1176,UPI,Kotak Mahindra,14,5,0,0,BAD_REQUEST_ERROR,issuer_general_decline,decline,0
856,Card,ICICI Bank,8,1,3,0,GATEWAY_ERROR,issuer_risk_block,risk,0
6367,Card,HDFC Bank,14,0,0,1,GATEWAY_ERROR,issuer_unavailable,timeout,1
1258,UPI,Yes Bank,13,2,1,0,BAD_REQUEST_ERROR,invalid_expiry,invalid,0
2446,Card,IDFC First,14,3,0,1,BAD_REQUEST_ERROR,issuer_general_decline,decline,0
1438,UPI,Yes Bank,11,4,0,1,BAD_REQUEST_ERROR,user_cancelled,dropoff,0
3074,UPI,Yes Bank,3,2,2,0,BAD_REQUEST_ERROR,invalid_expiry,invalid,0
5623,UPI,ICICI Bank,1,6,0,0,GATEWAY_ERROR,issuer_risk_block,risk,0
1157,UPI,Kotak Mahindra,1,3,0,0,GATEWAY_ERROR,issuer_unavailable,timeout,1
657,UPI,ICICI Bank,15,3,1,1,BAD_REQUEST_ERROR,user_cancelled,dropoff,1
979,UPI,Kotak Mahindra,8,0,1,1,BAD_REQUEST_ERROR,issuer_general_decline,decline,0
151,UPI,HDFC Bank,23,1,0,0,BAD_REQUEST_ERROR,user_cancelled,dropoff,1
2843,UPI,Yes Bank,6,3,1,0,BAD_REQUEST_ERROR,user_cancelled,dropoff,1
3205,UPI,SBI,3,5,1,0,BAD_REQUEST_ERROR,insufficient_funds,funds,0
100,UPI,ICICI Bank,18,4,0,1,GATEWAY_ERROR,internal_error,timeout,1
2982,Netbanking,Yes Bank,0,3,0,1,BAD_REQUEST_ERROR,invalid_expiry,invalid,1
2011,UPI,Kotak Mahindra,6,0,1,1,BAD_REQUEST_ERROR,invalid_cvv,invalid,1
2212,Card,HDFC Bank,15,1,0,1,BAD_REQUEST_ERROR,user_cancelled,dropoff,1
4119,UPI,Axis Bank,20,5,0,1,GATEWAY_ERROR,issuer_risk_block,risk,0
925,Card,IDFC First,7,3,0,1,BAD_REQUEST_ERROR,issuer_general_decline,decline,0
2585,UPI,Kotak Mahindra,12,6,1,0,GATEWAY_ERROR,issuer_unavailable,timeout,1
1099,Card,IDFC First,12,0,0,0,BAD_REQUEST_ERROR,insufficient_funds,funds,0
1587,UPI,IDFC First,22,2,1,1,BAD_REQUEST_ERROR,otp_timeout,dropoff,1
2602,UPI,HDFC Bank,4,4,3,0,GATEWAY_ERROR,internal_error,timeout,0
2429,Netbanking,Axis Bank,15,1,0,0,BAD_REQUEST_ERROR,issuer_general_decline,decline,0
1204,Netbanking,ICICI Bank,8,5,0,0,GATEWAY_ERROR,issuer_risk_block,risk,0
487,Netbanking,Yes Bank,11,6,0,0,GATEWAY_ERROR,issuer_risk_block,risk,0
601,Card,ICICI Bank,6,3,0,0,BAD_REQUEST_ERROR,insufficient_funds,funds,0
2655,UPI,ICICI Bank,20,0,2,1,BAD_REQUEST_ERROR,insufficient_funds,funds,0
1702,UPI,ICICI Bank,4,0,0,1,BAD_REQUEST_ERROR,issuer_general_decline,timeout,1
887,UPI,Yes Bank,8,5,0,1,GATEWAY_ERROR,issuer_risk_block,risk,0
1769,UPI,IDFC First,12,1,1,0,BAD_REQUEST_ERROR,invalid_cvv,invalid,0
5157,UPI,HDFC Bank,22,4,2,0,GATEWAY_ERROR,issuer_risk_block,risk,0
1911,UPI,SBI,0,0,1,0,GATEWAY_ERROR,internal_error,timeout,1
1823,UPI,ICICI Bank,20,6,1,0,GATEWAY_ERROR,internal_error,timeout,1
1617,Netbanking,HDFC Bank,17,4,0,0,GATEWAY_ERROR,internal_error,timeout,0
672,UPI,HDFC Bank,18,1,1,1,BAD_REQUEST_ERROR,invalid_cvv,invalid,0
1609,Card,HDFC Bank,11,3,0,1,BAD_REQUEST_ERROR,user_cancelled,dropoff,0
3391,Wallet,Yes Bank,15,3,2,1,BAD_REQUEST_ERROR,issuer_general_decline,decline,0
2357,Card,Axis Bank,1,6,0,1,BAD_REQUEST_ERROR,invalid_cvv,invalid,0
1965,Wallet,SBI,18,0,1,1,BAD_REQUEST_ERROR,invalid_expiry,invalid,0
1720,UPI,ICICI Bank,10,1,0,0,BAD_REQUEST_ERROR,issuer_general_decline,decline,0
1231,UPI,SBI,16,6,0,0,BAD_REQUEST_ERROR,invalid_expiry,invalid,0
529,Card,IDFC First,23,5,0,0,BAD_REQUEST_ERROR,user_cancelled,dropoff,1
10186,UPI,ICICI Bank,14,0,1,0,BAD_REQUEST_ERROR,insufficient_funds,funds,1
828,UPI,HDFC Bank,23,5,0,0,BAD_REQUEST_ERROR,otp_timeout,dropoff,1
791,Card,HDFC Bank,17,4,0,1,GATEWAY_ERROR,issuer_unavailable,timeout,1
2696,Card,SBI,18,4,1,0,BAD_REQUEST_ERROR,issuer_general_decline,decline,0
1062,Card,ICICI Bank,22,5,0,0,BAD_REQUEST_ERROR,user_cancelled,dropoff,1
1855,Netbanking,Yes Bank,21,3,2,0,GATEWAY_ERROR,issuer_risk_block,risk,0
7118,UPI,HDFC Bank,2,1,0,0,GATEWAY_ERROR,internal_error,timeout,0
4044,Card,ICICI Bank,18,1,1,0,BAD_REQUEST_ERROR,insufficient_funds,funds,0
503,UPI,ICICI Bank,4,0,0,1,BAD_REQUEST_ERROR,invalid_expiry,invalid,1
1959,UPI,Axis Bank,16,6,1,0,BAD_REQUEST_ERROR,invalid_cvv,invalid,0
785,Card,IDFC First,12,0,0,1,GATEWAY_ERROR,issuer_unavailable,timeout,1
10534,Card,Kotak Mahindra,12,1,0,0,BAD_REQUEST_ERROR,issuer_general_decline,decline,0
2434,Netbanking,Axis Bank,14,3,1,0,BAD_REQUEST_ERROR,issuer_general_decline,decline,1
482,Wallet,IDFC First,0,2,1,0,GATEWAY_ERROR,issuer_risk_block,risk,0
467,UPI,Kotak Mahindra,12,1,2,1,BAD_REQUEST_ERROR,issuer_general_decline,decline,0
894,UPI,Kotak Mahindra,11,2,0,0,GATEWAY_ERROR,issuer_risk_block,risk,0
1769,Card,HDFC Bank,17,0,0,0,BAD_REQUEST_ERROR,user_cancelled,dropoff,0
233,Card,HDFC Bank,10,0,0,0,BAD_REQUEST_ERROR,insufficient_funds,decline,0
1756,Card,Yes Bank,4,0,0,0,BAD_REQUEST_ERROR,otp_timeout,dropoff,1
1193,Netbanking,Yes Bank,4,6,0,0,BAD_REQUEST_ERROR,invalid_expiry,invalid,0
3933,UPI,Axis Bank,14,1,0,1,BAD_REQUEST_ERROR,invalid_cvv,invalid,0
9051,Netbanking,IDFC First,20,3,1,1,GATEWAY_ERROR,internal_error,timeout,1
704,UPI,Axis Bank,6,2,0,0,BAD_REQUEST_ERROR,insufficient_funds,decline,1
2034,Card,ICICI Bank,15,6,0,1,BAD_REQUEST_ERROR,insufficient_funds,funds,0
9052,UPI,Kotak Mahindra,9,6,3,1,GATEWAY_ERROR,issuer_risk_block,risk,0
832,UPI,IDFC First,17,0,1,0,BAD_REQUEST_ERROR,invalid_expiry,invalid,1
859,Card,Yes Bank,6,4,3,0,GATEWAY_ERROR,issuer_unavailable,timeout,1
3017,Card,Axis Bank,12,4,0,1,BAD_REQUEST_ERROR,invalid_expiry,invalid,0
2938,Card,Axis Bank,16,1,0,1,GATEWAY_ERROR,issuer_unavailable,timeout,1
1323,Wallet,Kotak Mahindra,1,2,2,0,BAD_REQUEST_ERROR,user_cancelled,dropoff,1
1507,Card,HDFC Bank,13,3,1,0,BAD_REQUEST_ERROR,insufficient_funds,funds,0
982,UPI,Kotak Mahindra,11,5,0,1,GATEWAY_ERROR,internal_error,timeout,1
539,Wallet,SBI,20,1,0,1,BAD_REQUEST_ERROR,user_cancelled,dropoff,1
1244,UPI,Axis Bank,5,3,3,1,BAD_REQUEST_ERROR,otp_timeout,dropoff,1
643,UPI,HDFC Bank,3,5,0,0,GATEWAY_ERROR,issuer_risk_block,risk,0
495,Netbanking,HDFC Bank,14,5,0,1,BAD_REQUEST_ERROR,otp_timeout,dropoff,1
2725,Card,HDFC Bank,22,6,0,0,GATEWAY_ERROR,internal_error,timeout,1
976,UPI,Axis Bank,0,5,1,1,GATEWAY_ERROR,issuer_risk_block,risk,0
1323,UPI,Yes Bank,0,2,2,1,BAD_REQUEST_ERROR,invalid_expiry,invalid,1
1552,UPI,HDFC Bank,17,4,0,0,BAD_REQUEST_ERROR,invalid_expiry,invalid,1
3507,Card,IDFC First,13,3,3,1,BAD_REQUEST_ERROR,user_cancelled,invalid,0
1835,UPI,Yes Bank,15,5,1,1,BAD_REQUEST_ERROR,insufficient_funds,funds,1
5260,Card,ICICI Bank,8,2,1,0,BAD_REQUEST_ERROR,invalid_cvv,invalid,1
2431,UPI,Yes Bank,9,3,0,0,GATEWAY_ERROR,internal_error,timeout,1
5856,UPI,Kotak Mahindra,2,0,2,0,BAD_REQUEST_ERROR,otp_timeout,dropoff,1
1015,Card,HDFC Bank,21,1,0,0,GATEWAY_ERROR,issuer_risk_block,risk,0
1768,Netbanking,Kotak Mahindra,6,3,0,0,GATEWAY_ERROR,issuer_unavailable,timeout,1
3149,UPI,Axis Bank,19,3,0,0,BAD_REQUEST_ERROR,invalid_expiry,invalid,1
719,Wallet,Axis Bank,0,4,2,0,BAD_REQUEST_ERROR,user_cancelled,dropoff,0
949,UPI,IDFC First,14,3,1,0,BAD_REQUEST_ERROR,user_cancelled,dropoff,0
4856,Netbanking,Yes Bank,14,1,0,1,BAD_REQUEST_ERROR,invalid_cvv,invalid,0
4743,Card,IDFC First,8,0,0,0,GATEWAY_ERROR,issuer_risk_block,risk,0
5395,Card,HDFC Bank,23,2,0,1,BAD_REQUEST_ERROR,issuer_general_decline,risk,0
1082,UPI,IDFC First,18,5,2,0,GATEWAY_ERROR,issuer_unavailable,timeout,0
7645,UPI,Yes Bank,16,6,0,0,BAD_REQUEST_ERROR,otp_timeout,dropoff,1
1833,UPI,Yes Bank,22,2,1,0,BAD_REQUEST_ERROR,invalid_expiry,invalid,1
1453,Card,Yes Bank,23,4,0,0,BAD_REQUEST_ERROR,user_cancelled,dropoff,0
3410,Netbanking,SBI,18,0,0,0,BAD_REQUEST_ERROR,invalid_expiry,invalid,0
6317,UPI,HDFC Bank,8,0,0,0,BAD_REQUEST_ERROR,issuer_general_decline,decline,1
693,UPI,Axis Bank,16,1,0,0,BAD_REQUEST_ERROR,user_cancelled,dropoff,0
723,Card,Axis Bank,10,1,2,1,BAD_REQUEST_ERROR,user_cancelled,dropoff,0
1938,UPI,HDFC Bank,6,1,2,1,BAD_REQUEST_ERROR,invalid_expiry,invalid,0
642,Netbanking,Yes Bank,5,1,1,0,BAD_REQUEST_ERROR,invalid_cvv,invalid,0
3606,UPI,Axis Bank,12,2,1,1,GATEWAY_ERROR,issuer_risk_block,risk,0
2697,UPI,ICICI Bank,21,2,0,0,GATEWAY_ERROR,issuer_risk_block,risk,0
329,UPI,SBI,5,4,3,0,GATEWAY_ERROR,internal_error,timeout,1
12725,Card,IDFC First,12,2,0,0,BAD_REQUEST_ERROR,issuer_general_decline,decline,0
1908,UPI,Axis Bank,15,5,0,0,GATEWAY_ERROR,internal_error,timeout,1
3427,UPI,Yes Bank,9,2,1,1,GATEWAY_ERROR,issuer_unavailable,timeout,0
4448,UPI,HDFC Bank,7,1,3,0,GATEWAY_ERROR,internal_error,timeout,1
927,Card,HDFC Bank,6,6,0,0,BAD_REQUEST_ERROR,user_cancelled,dropoff,0
5819,UPI,Yes Bank,13,0,1,0,BAD_REQUEST_ERROR,invalid_expiry,invalid,0
1977,Card,HDFC Bank,15,1,0,0,BAD_REQUEST_ERROR,insufficient_funds,funds,0
611,Card,HDFC Bank,5,2,1,1,GATEWAY_ERROR,issuer_unavailable,timeout,0
2207,UPI,Kotak Mahindra,23,6,2,0,BAD_REQUEST_ERROR,issuer_general_decline,decline,1
1111,UPI,SBI,5,5,0,1,BAD_REQUEST_ERROR,invalid_cvv,invalid,1
1386,Netbanking,SBI,6,0,0,0,GATEWAY_ERROR,issuer_unavailable,timeout,1
1103,UPI,Yes Bank,13,1,2,0,GATEWAY_ERROR,internal_error,timeout,1
3839,Netbanking,ICICI Bank,19,0,2,1,BAD_REQUEST_ERROR,invalid_expiry,invalid,1
1654,Netbanking,Yes Bank,23,5,3,0,BAD_REQUEST_ERROR,otp_timeout,dropoff,0
1031,UPI,SBI,5,4,0,1,BAD_REQUEST_ERROR,invalid_expiry,invalid,1
232,UPI,HDFC Bank,21,4,1,1,BAD_REQUEST_ERROR,invalid_expiry,invalid,1
1135,Wallet,Kotak Mahindra,20,5,0,0,GATEWAY_ERROR,issuer_unavailable,timeout,1
1418,UPI,HDFC Bank,22,1,1,0,BAD_REQUEST_ERROR,user_cancelled,dropoff,1
14903,UPI,ICICI Bank,16,0,2,0,BAD_REQUEST_ERROR,insufficient_funds,funds,0
607,Netbanking,ICICI Bank,10,2,1,0,GATEWAY_ERROR,issuer_unavailable,timeout,1
3725,Card,IDFC First,1,0,0,0,BAD_REQUEST_ERROR,invalid_cvv,invalid,1
552,Netbanking,ICICI Bank,16,2,0,0,BAD_REQUEST_ERROR,issuer_general_decline,funds,1
2044,UPI,Kotak Mahindra,17,3,2,0,BAD_REQUEST_ERROR,user_cancelled,dropoff,1
516,Card,Axis Bank,0,0,0,0,BAD_REQUEST_ERROR,insufficient_funds,funds,0
3776,Card,HDFC Bank,6,3,0,1,BAD_REQUEST_ERROR,user_cancelled,dropoff,0
1132,Netbanking,Kotak Mahindra,13,0,0,0,BAD_REQUEST_ERROR,insufficient_funds,funds,0
5067,UPI,ICICI Bank,20,2,0,0,BAD_REQUEST_ERROR,otp_timeout,dropoff,1
12339,UPI,SBI,9,5,0,0,GATEWAY_ERROR,internal_error,timeout,1
5651,Card,Axis Bank,17,5,1,0,BAD_REQUEST_ERROR,invalid_expiry,invalid,1
2676,UPI,HDFC Bank,4,3,0,0,GATEWAY_ERROR,issuer_risk_block,risk,0
860,UPI,IDFC First,7,6,1,0,BAD_REQUEST_ERROR,user_cancelled,dropoff,0
3092,UPI,Kotak Mahindra,8,3,0,1,BAD_REQUEST_ERROR,invalid_expiry,invalid,0
790,Card,IDFC First,23,0,0,0,GATEWAY_ERROR,issuer_unavailable,timeout,1
605,UPI,SBI,6,4,1,1,BAD_REQUEST_ERROR,user_cancelled,dropoff,1
16751,Card,SBI,14,4,3,0,BAD_REQUEST_ERROR,invalid_cvv,invalid,0
3712,Card,Kotak Mahindra,20,6,2,1,GATEWAY_ERROR,issuer_unavailable,timeout,1
1641,Netbanking,SBI,3,6,1,0,BAD_REQUEST_ERROR,invalid_cvv,invalid,0
2375,Wallet,IDFC First,13,6,0,0,BAD_REQUEST_ERROR,user_cancelled,dropoff,1
517,UPI,IDFC First,3,6,3,0,GATEWAY_ERROR,issuer_risk_block,risk,0
6945,UPI,IDFC First,3,0,0,0,BAD_REQUEST_ERROR,issuer_general_decline,decline,0
578,Card,SBI,5,3,1,1,BAD_REQUEST_ERROR,issuer_general_decline,decline,1
1337,Wallet,SBI,10,2,0,1,BAD_REQUEST_ERROR,user_cancelled,dropoff,0
1539,UPI,Kotak Mahindra,17,4,0,1,BAD_REQUEST_ERROR,invalid_cvv,invalid,0
1593,UPI,IDFC First,18,3,1,0,BAD_REQUEST_ERROR,otp_timeout,dropoff,1
957,Netbanking,Kotak Mahindra,22,0,1,1,BAD_REQUEST_ERROR,invalid_expiry,invalid,1
1027,Netbanking,Kotak Mahindra,11,6,0,1,BAD_REQUEST_ERROR,user_cancelled,timeout,1
8212,UPI,HDFC Bank,10,2,0,1,BAD_REQUEST_ERROR,otp_timeout,dropoff,1
1039,Netbanking,Yes Bank,17,6,2,0,BAD_REQUEST_ERROR,otp_timeout,dropoff,0
650,Card,Yes Bank,14,5,1,0,GATEWAY_ERROR,issuer_unavailable,timeout,1
2965,UPI,Yes Bank,21,0,1,1,BAD_REQUEST_ERROR,invalid_cvv,invalid,1
2486,Card,Kotak Mahindra,13,6,1,1,BAD_REQUEST_ERROR,invalid_cvv,invalid,1
810,UPI,HDFC Bank,7,5,1,0,BAD_REQUEST_ERROR,issuer_general_decline,decline,1
339,UPI,SBI,16,0,0,1,BAD_REQUEST_ERROR,insufficient_funds,funds,0
2624,Netbanking,HDFC Bank,23,3,2,0,BAD_REQUEST_ERROR,issuer_general_decline,decline,0
7255,Card,Axis Bank,21,1,1,1,BAD_REQUEST_ERROR,user_cancelled,dropoff,0
9349,UPI,IDFC First,8,0,2,0,BAD_REQUEST_ERROR,issuer_general_decline,decline,0
1291,Netbanking,SBI,13,0,0,0,BAD_REQUEST_ERROR,insufficient_funds,funds,0
4642,UPI,HDFC Bank,17,5,0,0,BAD_REQUEST_ERROR,user_cancelled,dropoff,1
1481,UPI,SBI,18,4,0,1,BAD_REQUEST_ERROR,otp_timeout,dropoff,0
262,UPI,Kotak Mahindra,2,1,0,0,GATEWAY_ERROR,issuer_risk_block,risk,0
3784,UPI,Yes Bank,14,5,0,0,GATEWAY_ERROR,issuer_risk_block,risk,0
528,UPI,Axis Bank,2,1,0,1,BAD_REQUEST_ERROR,invalid_expiry,invalid,1
666,Card,SBI,12,2,0,1,BAD_REQUEST_ERROR,user_cancelled,risk,0
5277,Wallet,HDFC Bank,16,5,1,0,BAD_REQUEST_ERROR,otp_timeout,dropoff,1
304,Card,SBI,7,3,0,1,GATEWAY_ERROR,issuer_unavailable,timeout,1
1475,Netbanking,ICICI Bank,9,0,0,0,BAD_REQUEST_ERROR,invalid_cvv,invalid,0
6503,UPI,ICICI Bank,14,1,0,0,GATEWAY_ERROR,issuer_unavailable,timeout,1
630,UPI,Axis Bank,2,4,2,0,GATEWAY_ERROR,internal_error,timeout,1
4116,Netbanking,SBI,11,2,0,0,GATEWAY_ERROR,internal_error,timeout,1
966,Card,IDFC First,0,3,3,0,BAD_REQUEST_ERROR,insufficient_funds,funds,0
2068,Netbanking,Yes Bank,10,5,0,1,BAD_REQUEST_ERROR,invalid_cvv,invalid,1
355,UPI,HDFC Bank,21,2,0,0,BAD_REQUEST_ERROR,invalid_expiry,invalid,0
953,UPI,Kotak Mahindra,17,1,0,0,BAD_REQUEST_ERROR,insufficient_funds,funds,0
5761,Card,Yes Bank,3,3,0,0,BAD_REQUEST_ERROR,otp_timeout,dropoff,0
8176,UPI,Yes Bank,10,0,1,1,BAD_REQUEST_ERROR,otp_timeout,dropoff,1
2059,UPI,Yes Bank,23,1,2,0,GATEWAY_ERROR,issuer_unavailable,funds,0
825,Netbanking,Kotak Mahindra,22,0,2,0,BAD_REQUEST_ERROR,otp_timeout,dropoff,1
1364,UPI,Kotak Mahindra,17,3,0,0,BAD_REQUEST_ERROR,user_cancelled,dropoff,1
6341,Card,ICICI Bank,9,2,1,1,GATEWAY_ERROR,internal_error,timeout,1
447,UPI,ICICI Bank,12,5,0,1,BAD_REQUEST_ERROR,insufficient_funds,funds,1
1050,UPI,Kotak Mahindra,14,4,0,1,BAD_REQUEST_ERROR,otp_timeout,decline,0
267,Netbanking,HDFC Bank,4,1,0,0,BAD_REQUEST_ERROR,user_cancelled,risk,0
5697,UPI,HDFC Bank,9,1,0,1,GATEWAY_ERROR,issuer_risk_block,risk,1
1129,Netbanking,IDFC First,3,2,2,0,GATEWAY_ERROR,issuer_risk_block,risk,0
7773,UPI,SBI,14,3,0,1,GATEWAY_ERROR,internal_error,timeout,1
3903,Wallet,SBI,19,1,1,1,BAD_REQUEST_ERROR,issuer_general_decline,decline,1
1386,UPI,SBI,17,5,0,0,GATEWAY_ERROR,issuer_risk_block,risk,0
570,Wallet,IDFC First,5,1,0,0,BAD_REQUEST_ERROR,user_cancelled,risk,0
9039,Card,SBI,13,1,1,1,BAD_REQUEST_ERROR,otp_timeout,dropoff,1
1038,Wallet,ICICI Bank,21,2,0,0,GATEWAY_ERROR,issuer_unavailable,timeout,1
5043,Card,HDFC Bank,17,1,0,1,BAD_REQUEST_ERROR,issuer_general_decline,decline,0
891,UPI,Axis Bank,12,6,0,0,BAD_REQUEST_ERROR,otp_timeout,dropoff,1
5286,Card,IDFC First,8,2,1,1,BAD_REQUEST_ERROR,otp_timeout,dropoff,0
1739,Card,Kotak Mahindra,19,2,0,1,BAD_REQUEST_ERROR,invalid_expiry,invalid,0
4249,Wallet,Yes Bank,17,6,0,0,BAD_REQUEST_ERROR,insufficient_funds,funds,0
1390,Netbanking,IDFC First,6,6,0,0,GATEWAY_ERROR,internal_error,timeout,1
8767,Card,ICICI Bank,1,6,0,0,BAD_REQUEST_ERROR,user_cancelled,risk,0
2145,UPI,Yes Bank,1,3,0,0,GATEWAY_ERROR,issuer_risk_block,risk,0
3003,Card,SBI,8,2,1,1,BAD_REQUEST_ERROR,insufficient_funds,funds,1
561,UPI,ICICI Bank,0,3,1,1,BAD_REQUEST_ERROR,user_cancelled,dropoff,1
8458,UPI,ICICI Bank,2,6,0,1,GATEWAY_ERROR,issuer_unavailable,timeout,1
5224,Netbanking,HDFC Bank,17,5,2,0,GATEWAY_ERROR,issuer_risk_block,risk,0
260,UPI,Yes Bank,11,2,0,1,BAD_REQUEST_ERROR,invalid_cvv,invalid,0
2398,Card,ICICI Bank,3,2,1,1,GATEWAY_ERROR,issuer_risk_block,risk,0
1515,Card,Kotak Mahindra,17,5,2,0,BAD_REQUEST_ERROR,user_cancelled,dropoff,1
1463,UPI,Yes Bank,9,5,1,1,GATEWAY_ERROR,issuer_unavailable,timeout,1
1593,Card,Axis Bank,12,5,0,0,GATEWAY_ERROR,issuer_risk_block,risk,0
503,Card,IDFC First,9,6,0,1,GATEWAY_ERROR,issuer_risk_block,risk,0
2245,Wallet,Axis Bank,23,2,0,0,GATEWAY_ERROR,issuer_unavailable,timeout,0
656,Card,SBI,5,2,2,1,BAD_REQUEST_ERROR,insufficient_funds,timeout,0
581,Netbanking,HDFC Bank,16,6,0,0,GATEWAY_ERROR,internal_error,timeout,1
3150,UPI,Yes Bank,4,1,1,1,BAD_REQUEST_ERROR,invalid_cvv,invalid,1
14884,Netbanking,Kotak Mahindra,10,1,0,1,BAD_REQUEST_ERROR,invalid_cvv,invalid,1
5869,UPI,HDFC Bank,11,2,2,0,BAD_REQUEST_ERROR,invalid_cvv,invalid,0
1959,Wallet,HDFC Bank,3,1,1,1,BAD_REQUEST_ERROR,invalid_cvv,invalid,0
2306,Card,HDFC Bank,8,3,0,1,BAD_REQUEST_ERROR,invalid_expiry,invalid,1
2282,Card,SBI,13,2,1,0,BAD_REQUEST_ERROR,invalid_expiry,invalid,1
1620,Card,SBI,5,5,1,0,BAD_REQUEST_ERROR,issuer_general_decline,decline,1
2203,UPI,ICICI Bank,15,3,0,0,BAD_REQUEST_ERROR,user_cancelled,dropoff,1
3142,Card,SBI,4,3,0,1,BAD_REQUEST_ERROR,insufficient_funds,funds,0
3057,Card,IDFC First,21,5,0,0,BAD_REQUEST_ERROR,invalid_cvv,invalid,1
255,UPI,SBI,22,1,0,0,BAD_REQUEST_ERROR,insufficient_funds,funds,0
474,Card,HDFC Bank,15,3,1,1,BAD_REQUEST_ERROR,invalid_expiry,invalid,0
1601,Netbanking,IDFC First,14,5,1,0,BAD_REQUEST_ERROR,invalid_expiry,invalid,0
1529,UPI,Kotak Mahindra,11,3,3,1,BAD_REQUEST_ERROR,user_cancelled,dropoff,1
1341,UPI,SBI,1,1,0,1,BAD_REQUEST_ERROR,otp_timeout,dropoff,0
598,Netbanking,IDFC First,6,3,1,0,BAD_REQUEST_ERROR,otp_timeout,dropoff,1
7858,Wallet,SBI,6,0,1,0,BAD_REQUEST_ERROR,invalid_cvv,funds,0
306,UPI,IDFC First,7,6,1,1,BAD_REQUEST_ERROR,otp_timeout,dropoff,1
1913,UPI,SBI,4,1,1,0,BAD_REQUEST_ERROR,insufficient_funds,funds,1
1981,UPI,Axis Bank,20,5,1,0,BAD_REQUEST_ERROR,insufficient_funds,funds,0
2959,Card,HDFC Bank,2,1,0,1,BAD_REQUEST_ERROR,issuer_general_decline,decline,0
223,UPI,HDFC Bank,3,1,0,1,GATEWAY_ERROR,issuer_risk_block,risk,0
8597,Card,Kotak Mahindra,20,4,2,0,BAD_REQUEST_ERROR,invalid_cvv,invalid,1
1585,Card,ICICI Bank,2,6,3,0,GATEWAY_ERROR,issuer_unavailable,timeout,1
1470,Netbanking,Kotak Mahindra,18,4,0,0,BAD_REQUEST_ERROR,invalid_expiry,invalid,0
463,UPI,HDFC Bank,3,3,0,0,GATEWAY_ERROR,issuer_risk_block,risk,0
3549,Wallet,Axis Bank,9,6,3,0,GATEWAY_ERROR,issuer_unavailable,timeout,0
2099,Netbanking,Axis Bank,9,6,1,0,BAD_REQUEST_ERROR,issuer_general_decline,decline,0
1015,Wallet,Axis Bank,5,3,0,0,GATEWAY_ERROR,internal_error,timeout,1
1288,Card,ICICI Bank,22,0,1,0,GATEWAY_ERROR,issuer_unavailable,timeout,1
7457,Card,Axis Bank,15,2,1,1,BAD_REQUEST_ERROR,user_cancelled,dropoff,0
7610,Card,ICICI Bank,23,0,1,1,BAD_REQUEST_ERROR,invalid_expiry,risk,0
2650,Wallet,ICICI Bank,9,0,1,0,GATEWAY_ERROR,issuer_unavailable,timeout,0
1195,Card,Kotak Mahindra,22,0,1,0,BAD_REQUEST_ERROR,issuer_general_decline,decline,0
1447,UPI,IDFC First,19,6,2,0,BAD_REQUEST_ERROR,invalid_expiry,invalid,1
787,UPI,ICICI Bank,14,1,3,0,BAD_REQUEST_ERROR,issuer_general_decline,decline,1
8359,Card,Yes Bank,17,6,0,0,BAD_REQUEST_ERROR,invalid_cvv,invalid,0
4066,Card,Axis Bank,18,3,1,0,BAD_REQUEST_ERROR,issuer_general_decline,decline,0
1031,UPI,Yes Bank,3,1,0,0,BAD_REQUEST_ERROR,insufficient_funds,funds,0
5368,Card,ICICI Bank,13,0,0,0,GATEWAY_ERROR,internal_error,timeout,0
16555,Card,Kotak Mahindra,12,4,0,0,GATEWAY_ERROR,internal_error,timeout,1
2089,Card,Kotak Mahindra,22,2,2,0,BAD_REQUEST_ERROR,user_cancelled,dropoff,1
1011,Netbanking,Yes Bank,10,6,0,0,GATEWAY_ERROR,internal_error,timeout,0
1600,Card,Yes Bank,0,2,1,1,BAD_REQUEST_ERROR,insufficient_funds,funds,0
1593,Card,ICICI Bank,19,2,0,1,BAD_REQUEST_ERROR,issuer_general_decline,decline,0
10131,Wallet,Kotak Mahindra,5,0,0,1,BAD_REQUEST_ERROR,otp_timeout,dropoff,1
100,Card,Kotak Mahindra,12,4,2,0,BAD_REQUEST_ERROR,user_cancelled,dropoff,1
4649,UPI,HDFC Bank,12,0,1,0,GATEWAY_ERROR,issuer_risk_block,risk,0
4775,UPI,ICICI Bank,17,6,0,1,BAD_REQUEST_ERROR,insufficient_funds,funds,1
2798,Card,Yes Bank,22,1,0,0,GATEWAY_ERROR,issuer_unavailable,timeout,1
1442,UPI,HDFC Bank,6,0,0,1,BAD_REQUEST_ERROR,issuer_general_decline,dropoff,1
858,Card,SBI,17,1,3,1,GATEWAY_ERROR,internal_error,funds,1
659,Netbanking,IDFC First,16,6,2,0,BAD_REQUEST_ERROR,otp_timeout,dropoff,1
1310,Netbanking,Axis Bank,10,2,2,0,BAD_REQUEST_ERROR,user_cancelled,dropoff,1
1814,Wallet,SBI,15,1,0,1,BAD_REQUEST_ERROR,invalid_cvv,invalid,0
751,Wallet,HDFC Bank,16,4,0,1,BAD_REQUEST_ERROR,user_cancelled,dropoff,1
2324,UPI,Yes Bank,18,3,0,0,BAD_REQUEST_ERROR,otp_timeout,dropoff,0
4802,UPI,ICICI Bank,14,4,0,0,GATEWAY_ERROR,issuer_risk_block,risk,1
9810,UPI,ICICI Bank,18,2,1,0,GATEWAY_ERROR,issuer_unavailable,timeout,1
419,UPI,SBI,6,2,0,0,BAD_REQUEST_ERROR,issuer_general_decline,invalid,1
1182,UPI,ICICI Bank,3,1,0,1,BAD_REQUEST_ERROR,otp_timeout,dropoff,0
1729,Card,HDFC Bank,3,0,0,0,BAD_REQUEST_ERROR,insufficient_funds,funds,0
2646,UPI,ICICI Bank,20,2,0,0,BAD_REQUEST_ERROR,invalid_cvv,invalid,0
2011,Card,Yes Bank,20,1,0,0,BAD_REQUEST_ERROR,invalid_cvv,invalid,1
739,Wallet,Axis Bank,23,1,1,0,BAD_REQUEST_ERROR,insufficient_funds,funds,0
12873,UPI,SBI,23,4,0,1,BAD_REQUEST_ERROR,invalid_cvv,invalid,1
799,UPI,HDFC Bank,9,1,0,0,BAD_REQUEST_ERROR,issuer_general_decline,decline,0
812,Card,ICICI Bank,21,0,0,1,BAD_REQUEST_ERROR,insufficient_funds,funds,0
1692,Card,ICICI Bank,10,4,1,0,BAD_REQUEST_ERROR,invalid_cvv,invalid,0
3134,UPI,Axis Bank,6,6,1,1,BAD_REQUEST_ERROR,invalid_expiry,invalid,0
2394,Netbanking,ICICI Bank,15,6,3,0,BAD_REQUEST_ERROR,issuer_general_decline,decline,0
2226,UPI,HDFC Bank,23,0,3,1,BAD_REQUEST_ERROR,insufficient_funds,funds,0
6068,UPI,Yes Bank,7,2,1,0,GATEWAY_ERROR,issuer_unavailable,timeout,0
4234,Card,Yes Bank,23,5,0,0,GATEWAY_ERROR,issuer_unavailable,timeout,1
302,Card,Yes Bank,18,4,1,1,BAD_REQUEST_ERROR,invalid_cvv,invalid,0
1411,UPI,Axis Bank,7,5,3,1,BAD_REQUEST_ERROR,issuer_general_decline,decline,0
524,UPI,SBI,14,6,1,1,BAD_REQUEST_ERROR,insufficient_funds,funds,0
1221,UPI,SBI,6,4,1,0,GATEWAY_ERROR,issuer_unavailable,timeout,1
6834,UPI,HDFC Bank,21,1,0,0,BAD_REQUEST_ERROR,invalid_cvv,decline,1
993,UPI,HDFC Bank,2,5,2,0,GATEWAY_ERROR,issuer_unavailable,timeout,1
542,Card,ICICI Bank,20,4,2,1,BAD_REQUEST_ERROR,invalid_cvv,invalid,0
904,UPI,Kotak Mahindra,7,1,1,1,GATEWAY_ERROR,internal_error,timeout,0
577,Netbanking,ICICI Bank,22,1,0,0,BAD_REQUEST_ERROR,invalid_cvv,invalid,1
3479,Netbanking,IDFC First,9,0,0,0,BAD_REQUEST_ERROR,user_cancelled,dropoff,0
1648,Card,HDFC Bank,20,5,1,0,BAD_REQUEST_ERROR,issuer_general_decline,dropoff,1
44459,Wallet,HDFC Bank,16,0,2,0,GATEWAY_ERROR,issuer_risk_block,risk,0
3154,Card,IDFC First,0,3,1,0,BAD_REQUEST_ERROR,insufficient_funds,funds,0
2168,UPI,ICICI Bank,13,2,0,0,GATEWAY_ERROR,issuer_unavailable,timeout,1
554,Card,SBI,21,2,3,0,BAD_REQUEST_ERROR,issuer_general_decline,decline,0
963,Card,IDFC First,12,4,0,0,BAD_REQUEST_ERROR,issuer_general_decline,decline,1
921,UPI,ICICI Bank,7,1,3,0,BAD_REQUEST_ERROR,user_cancelled,dropoff,0
723,Card,HDFC Bank,0,6,0,1,BAD_REQUEST_ERROR,insufficient_funds,funds,0
271,Card,SBI,8,3,1,0,BAD_REQUEST_ERROR,invalid_cvv,invalid,0
6058,UPI,SBI,22,1,0,0,GATEWAY_ERROR,issuer_risk_block,risk,0
2186,Card,ICICI Bank,1,6,1,1,BAD_REQUEST_ERROR,user_cancelled,dropoff,1
3127,Wallet,HDFC Bank,7,1,1,0,BAD_REQUEST_ERROR,insufficient_funds,funds,0
443,Card,Yes Bank,13,6,1,0,GATEWAY_ERROR,issuer_risk_block,risk,0
7991,UPI,HDFC Bank,22,2,0,0,GATEWAY_ERROR,internal_error,timeout,1
4157,UPI,Kotak Mahindra,20,6,1,0,BAD_REQUEST_ERROR,issuer_general_decline,decline,0
3102,Card,IDFC First,3,0,1,1,BAD_REQUEST_ERROR,otp_timeout,dropoff,1
2896,UPI,Axis Bank,9,3,1,1,GATEWAY_ERROR,issuer_unavailable,timeout,1
16625,Card,Kotak Mahindra,6,2,1,1,BAD_REQUEST_ERROR,issuer_general_decline,decline,0
2209,UPI,Kotak Mahindra,7,2,1,0,BAD_REQUEST_ERROR,otp_timeout,risk,0
920,UPI,Yes Bank,3,4,2,0,BAD_REQUEST_ERROR,otp_timeout,dropoff,0
1865,UPI,ICICI Bank,6,3,0,0,BAD_REQUEST_ERROR,otp_timeout,dropoff,0
2724,Card,IDFC First,16,6,1,1,BAD_REQUEST_ERROR,invalid_expiry,invalid,0
9447,Netbanking,SBI,10,4,0,0,BAD_REQUEST_ERROR,otp_timeout,dropoff,0
257,UPI,HDFC Bank,5,1,3,1,GATEWAY_ERROR,internal_error,timeout,1
385,Card,IDFC First,21,5,1,1,BAD_REQUEST_ERROR,insufficient_funds,funds,0
16698,UPI,Kotak Mahindra,2,3,0,0,BAD_REQUEST_ERROR,invalid_expiry,invalid,1
4028,Card,HDFC Bank,15,0,0,1,GATEWAY_ERROR,issuer_risk_block,risk,0
9665,UPI,Kotak Mahindra,22,2,0,1,BAD_REQUEST_ERROR,otp_timeout,dropoff,1
2914,Card,Yes Bank,12,3,0,0,GATEWAY_ERROR,internal_error,timeout,1
259,UPI,Axis Bank,12,3,0,0,BAD_REQUEST_ERROR,issuer_general_decline,decline,0
471,Card,Axis Bank,17,2,0,1,BAD_REQUEST_ERROR,issuer_general_decline,decline,1
9915,Card,Yes Bank,12,0,1,0,BAD_REQUEST_ERROR,otp_timeout,dropoff,1
878,UPI,SBI,1,4,0,1,BAD_REQUEST_ERROR,issuer_general_decline,decline,1
595,Card,ICICI Bank,11,0,2,0,BAD_REQUEST_ERROR,user_cancelled,dropoff,0
2920,Card,Yes Bank,17,0,0,0,GATEWAY_ERROR,issuer_risk_block,risk,0
2071,UPI,IDFC First,9,4,0,1,BAD_REQUEST_ERROR,invalid_cvv,invalid,0
5006,Netbanking,HDFC Bank,12,1,1,0,BAD_REQUEST_ERROR,issuer_general_decline,decline,0
3667,UPI,SBI,1,3,0,1,BAD_REQUEST_ERROR,invalid_expiry,invalid,0
785,Card,Yes Bank,1,1,0,1,BAD_REQUEST_ERROR,invalid_expiry,invalid,1
1794,Card,HDFC Bank,12,0,0,1,GATEWAY_ERROR,issuer_unavailable,timeout,0
588,UPI,ICICI Bank,19,5,0,0,GATEWAY_ERROR,issuer_unavailable,timeout,1
1956,Card,ICICI Bank,17,0,2,0,GATEWAY_ERROR,issuer_risk_block,risk,0
14621,UPI,Yes Bank,18,4,3,0,GATEWAY_ERROR,internal_error,timeout,1
12794,Card,SBI,2,3,0,0,BAD_REQUEST_ERROR,user_cancelled,dropoff,1
7502,UPI,Kotak Mahindra,9,6,0,0,GATEWAY_ERROR,issuer_unavailable,timeout,1
588,UPI,SBI,12,5,0,0,BAD_REQUEST_ERROR,issuer_general_decline,decline,1
205,Card,Yes Bank,4,4,0,0,GATEWAY_ERROR,issuer_risk_block,risk,0
745,UPI,SBI,11,2,1,0,BAD_REQUEST_ERROR,insufficient_funds,funds,1
792,Card,Axis Bank,16,1,3,1,BAD_REQUEST_ERROR,otp_timeout,timeout,1
1244,Wallet,HDFC Bank,6,5,0,0,BAD_REQUEST_ERROR,insufficient_funds,funds,0
867,Card,ICICI Bank,16,1,0,1,BAD_REQUEST_ERROR,user_cancelled,dropoff,1
8181,UPI,ICICI Bank,5,6,1,1,BAD_REQUEST_ERROR,invalid_cvv,invalid,0
2120,Card,Kotak Mahindra,15,3,0,0,BAD_REQUEST_ERROR,invalid_cvv,invalid,1
1271,UPI,ICICI Bank,12,5,0,0,BAD_REQUEST_ERROR,invalid_cvv,invalid,0
1829,Netbanking,IDFC First,2,3,0,0,BAD_REQUEST_ERROR,invalid_cvv,invalid,1
5165,UPI,ICICI Bank,20,4,0,1,BAD_REQUEST_ERROR,insufficient_funds,funds,0
5108,Wallet,ICICI Bank,9,5,0,0,GATEWAY_ERROR,internal_error,dropoff,1
2954,Card,ICICI Bank,22,5,0,0,GATEWAY_ERROR,issuer_unavailable,timeout,1
27898,Card,HDFC Bank,12,5,0,1,GATEWAY_ERROR,issuer_unavailable,timeout,1
953,Netbanking,Axis Bank,1,3,0,0,BAD_REQUEST_ERROR,user_cancelled,dropoff,0
1308,Wallet,IDFC First,3,5,0,0,GATEWAY_ERROR,issuer_unavailable,timeout,1
1199,UPI,Yes Bank,21,4,1,0,BAD_REQUEST_ERROR,invalid_cvv,invalid,1
5591,UPI,HDFC Bank,23,0,2,0,GATEWAY_ERROR,issuer_unavailable,timeout,1
6080,UPI,Yes Bank,12,3,0,0,BAD_REQUEST_ERROR,invalid_expiry,invalid,1
2670,UPI,Axis Bank,19,3,0,0,GATEWAY_ERROR,internal_error,timeout,1
2052,Card,Axis Bank,12,6,0,1,BAD_REQUEST_ERROR,otp_timeout,dropoff,1
6663,Wallet,IDFC First,4,3,2,0,BAD_REQUEST_ERROR,issuer_general_decline,decline,0
938,Netbanking,Yes Bank,7,5,1,0,BAD_REQUEST_ERROR,issuer_general_decline,decline,0
11456,Netbanking,Axis Bank,20,3,1,0,GATEWAY_ERROR,issuer_unavailable,timeout,1
4916,UPI,IDFC First,19,6,0,1,GATEWAY_ERROR,issuer_risk_block,risk,0
2300,UPI,IDFC First,2,3,1,0,BAD_REQUEST_ERROR,invalid_expiry,invalid,0
1326,UPI,Kotak Mahindra,17,6,3,1,GATEWAY_ERROR,issuer_risk_block,decline,1
6662,Card,Yes Bank,19,6,0,1,BAD_REQUEST_ERROR,invalid_expiry,invalid,1
507,Card,IDFC First,21,1,0,0,GATEWAY_ERROR,issuer_unavailable,timeout,1
3583,Netbanking,IDFC First,12,1,0,0,BAD_REQUEST_ERROR,otp_timeout,dropoff,1
1873,UPI,IDFC First,16,4,3,1,BAD_REQUEST_ERROR,invalid_cvv,invalid,0
1035,Netbanking,SBI,18,6,0,0,GATEWAY_ERROR,issuer_unavailable,timeout,1
1555,Card,ICICI Bank,16,1,0,1,GATEWAY_ERROR,issuer_risk_block,risk,0
8906,Netbanking,HDFC Bank,20,3,1,0,BAD_REQUEST_ERROR,otp_timeout,dropoff,1
2190,Card,ICICI Bank,21,4,0,0,GATEWAY_ERROR,issuer_risk_block,risk,0
242,UPI,Yes Bank,21,3,2,1,BAD_REQUEST_ERROR,issuer_general_decline,decline,0
6627,Netbanking,IDFC First,18,5,0,1,GATEWAY_ERROR,internal_error,timeout,1
2938,UPI,Kotak Mahindra,8,4,1,1,GATEWAY_ERROR,issuer_unavailable,timeout,1
5924,Netbanking,IDFC First,20,1,0,0,BAD_REQUEST_ERROR,user_cancelled,dropoff,1
309,Netbanking,IDFC First,11,6,2,0,BAD_REQUEST_ERROR,invalid_cvv,invalid,0
3844,Netbanking,SBI,17,2,0,1,BAD_REQUEST_ERROR,invalid_expiry,invalid,1
628,Wallet,HDFC Bank,7,0,0,1,GATEWAY_ERROR,issuer_risk_block,dropoff,1
3043,Card,Yes Bank,12,5,1,0,BAD_REQUEST_ERROR,invalid_cvv,invalid,1
4642,Card,ICICI Bank,21,0,0,0,BAD_REQUEST_ERROR,insufficient_funds,funds,0
580,Card,Yes Bank,2,4,0,0,GATEWAY_ERROR,issuer_risk_block,risk,0
1895,UPI,IDFC First,11,5,0,0,GATEWAY_ERROR,internal_error,timeout,1
2255,UPI,Yes Bank,20,3,0,0,BAD_REQUEST_ERROR,insufficient_funds,funds,0
201,Netbanking,SBI,13,5,0,1,BAD_REQUEST_ERROR,issuer_general_decline,decline,1
3371,UPI,IDFC First,14,6,3,1,BAD_REQUEST_ERROR,insufficient_funds,funds,0
7029,Card,Kotak Mahindra,13,5,0,0,BAD_REQUEST_ERROR,insufficient_funds,funds,1
1286,UPI,Yes Bank,5,2,0,0,BAD_REQUEST_ERROR,otp_timeout,dropoff,1
8309,Wallet,IDFC First,11,5,0,1,BAD_REQUEST_ERROR,issuer_general_decline,decline,1
635,Netbanking,Axis Bank,2,0,0,0,BAD_REQUEST_ERROR,insufficient_funds,funds,0
524,UPI,Yes Bank,6,5,0,0,GATEWAY_ERROR,issuer_unavailable,timeout,1
5467,Card,Axis Bank,19,4,3,1,BAD_REQUEST_ERROR,user_cancelled,dropoff,1
1507,Card,Kotak Mahindra,5,6,0,0,GATEWAY_ERROR,issuer_unavailable,timeout,1
2187,UPI,ICICI Bank,22,4,3,0,BAD_REQUEST_ERROR,issuer_general_decline,decline,0
4799,Card,ICICI Bank,2,5,1,1,BAD_REQUEST_ERROR,user_cancelled,dropoff,0
767,UPI,Yes Bank,11,3,0,0,BAD_REQUEST_ERROR,issuer_general_decline,decline,0
3078,UPI,IDFC First,3,4,0,0,GATEWAY_ERROR,issuer_unavailable,timeout,1
21689,UPI,Yes Bank,4,3,1,1,BAD_REQUEST_ERROR,issuer_general_decline,decline,0
981,UPI,SBI,3,0,1,0,BAD_REQUEST_ERROR,otp_timeout,dropoff,1
6013,Wallet,Yes Bank,10,5,0,0,BAD_REQUEST_ERROR,insufficient_funds,funds,0
726,Card,ICICI Bank,17,4,0,0,BAD_REQUEST_ERROR,invalid_expiry,invalid,1
731,UPI,ICICI Bank,18,3,0,1,BAD_REQUEST_ERROR,otp_timeout,dropoff,1
6585,Card,SBI,14,4,0,0,BAD_REQUEST_ERROR,insufficient_funds,funds,0
3702,UPI,Yes Bank,7,1,3,1,GATEWAY_ERROR,issuer_unavailable,invalid,0
2789,UPI,Kotak Mahindra,18,2,0,0,GATEWAY_ERROR,internal_error,timeout,1
3577,Card,Kotak Mahindra,0,0,2,1,BAD_REQUEST_ERROR,otp_timeout,dropoff,1
45523,UPI,SBI,15,4,1,0,GATEWAY_ERROR,issuer_unavailable,timeout,0
232,Card,Kotak Mahindra,15,0,0,1,BAD_REQUEST_ERROR,user_cancelled,dropoff,1
14186,UPI,SBI,9,6,0,0,BAD_REQUEST_ERROR,issuer_general_decline,decline,0
690,Wallet,SBI,7,4,0,1,BAD_REQUEST_ERROR,otp_timeout,dropoff,1
639,UPI,Kotak Mahindra,5,3,1,0,BAD_REQUEST_ERROR,user_cancelled,dropoff,0
4330,Card,Axis Bank,10,1,0,0,GATEWAY_ERROR,issuer_risk_block,risk,0
1811,Netbanking,Axis Bank,7,5,0,1,BAD_REQUEST_ERROR,issuer_general_decline,decline,0
1799,Netbanking,ICICI Bank,11,1,0,1,BAD_REQUEST_ERROR,user_cancelled,dropoff,0
1708,Netbanking,SBI,0,5,2,0,BAD_REQUEST_ERROR,issuer_general_decline,decline,0
5941,Card,Yes Bank,19,1,2,0,BAD_REQUEST_ERROR,issuer_general_decline,decline,0
4231,Wallet,Kotak Mahindra,10,0,0,0,GATEWAY_ERROR,issuer_unavailable,timeout,1
860,Netbanking,SBI,2,5,1,1,GATEWAY_ERROR,internal_error,timeout,1
5011,Netbanking,HDFC Bank,2,3,1,0,BAD_REQUEST_ERROR,invalid_expiry,invalid,0
3243,UPI,Axis Bank,5,0,1,0,GATEWAY_ERROR,issuer_unavailable,timeout,1
5018,Wallet,Yes Bank,6,0,0,1,BAD_REQUEST_ERROR,user_cancelled,dropoff,1
332,Netbanking,SBI,14,3,0,0,BAD_REQUEST_ERROR,insufficient_funds,funds,0
3574,UPI,Kotak Mahindra,11,4,1,0,BAD_REQUEST_ERROR,user_cancelled,dropoff,0
5733,Card,ICICI Bank,11,2,0,1,BAD_REQUEST_ERROR,insufficient_funds,funds,0
3128,UPI,Kotak Mahindra,18,2,0,0,BAD_REQUEST_ERROR,invalid_expiry,invalid,0
734,Wallet,SBI,15,4,0,0,BAD_REQUEST_ERROR,insufficient_funds,funds,0
2510,UPI,Yes Bank,0,5,0,0,BAD_REQUEST_ERROR,issuer_general_decline,decline,1
3918,Card,ICICI Bank,17,6,2,0,BAD_REQUEST_ERROR,otp_timeout,dropoff,1
3207,Wallet,SBI,19,0,2,0,BAD_REQUEST_ERROR,otp_timeout,dropoff,0
2549,Card,ICICI Bank,12,3,0,1,GATEWAY_ERROR,issuer_risk_block,risk,0
1674,Wallet,Kotak Mahindra,7,3,0,0,GATEWAY_ERROR,issuer_risk_block,risk,0
5386,UPI,HDFC Bank,14,4,0,0,BAD_REQUEST_ERROR,user_cancelled,dropoff,1
1482,Netbanking,Axis Bank,16,2,1,0,BAD_REQUEST_ERROR,insufficient_funds,funds,0
1000,Netbanking,SBI,11,3,0,0,BAD_REQUEST_ERROR,insufficient_funds,funds,0
7106,Wallet,HDFC Bank,12,2,0,1,GATEWAY_ERROR,internal_error,timeout,1
657,Card,Yes Bank,21,5,0,0,BAD_REQUEST_ERROR,issuer_general_decline,decline,0
485,Card,HDFC Bank,21,5,1,0,GATEWAY_ERROR,issuer_unavailable,timeout,1
3893,Netbanking,Kotak Mahindra,5,1,1,1,BAD_REQUEST_ERROR,invalid_expiry,invalid,0
1634,UPI,ICICI Bank,17,4,0,1,BAD_REQUEST_ERROR,invalid_cvv,invalid,0
647,Card,IDFC First,17,3,0,0,BAD_REQUEST_ERROR,issuer_general_decline,decline,0
1975,Netbanking,Kotak Mahindra,3,4,1,0,BAD_REQUEST_ERROR,otp_timeout,dropoff,1
1133,Card,IDFC First,19,1,1,0,BAD_REQUEST_ERROR,issuer_general_decline,decline,0
5583,Wallet,IDFC First,15,0,1,0,GATEWAY_ERROR,issuer_unavailable,timeout,0
281,UPI,ICICI Bank,20,3,0,1,BAD_REQUEST_ERROR,user_cancelled,invalid,1
1721,Card,HDFC Bank,4,5,0,0,BAD_REQUEST_ERROR,issuer_general_decline,decline,0
1476,Card,HDFC Bank,2,2,0,0,BAD_REQUEST_ERROR,invalid_expiry,invalid,1
5654,Card,IDFC First,19,1,0,1,BAD_REQUEST_ERROR,invalid_expiry,invalid,1
1057,Card,ICICI Bank,21,3,3,1,BAD_REQUEST_ERROR,invalid_expiry,invalid,1
2531,UPI,SBI,23,1,0,0,GATEWAY_ERROR,internal_error,timeout,1
5581,Netbanking,Axis Bank,20,2,1,0,GATEWAY_ERROR,issuer_risk_block,risk,1
384,Card,Kotak Mahindra,5,1,0,1,BAD_REQUEST_ERROR,invalid_cvv,invalid,1
1331,Wallet,HDFC Bank,11,3,0,0,BAD_REQUEST_ERROR,otp_timeout,dropoff,1
12890,UPI,SBI,2,3,0,1,BAD_REQUEST_ERROR,invalid_cvv,invalid,1
625,Card,HDFC Bank,15,5,0,0,BAD_REQUEST_ERROR,invalid_expiry,invalid,1
5832,Wallet,SBI,17,5,0,0,BAD_REQUEST_ERROR,invalid_expiry,invalid,1
2475,Wallet,ICICI Bank,23,0,0,1,GATEWAY_ERROR,internal_error,timeout,1
868,UPI,ICICI Bank,23,2,1,1,BAD_REQUEST_ERROR,invalid_expiry,invalid,1
1434,UPI,ICICI Bank,7,3,1,1,BAD_REQUEST_ERROR,otp_timeout,dropoff,1
1198,Card,Axis Bank,14,4,0,0,GATEWAY_ERROR,internal_error,timeout,1
5286,UPI,Kotak Mahindra,23,4,0,1,BAD_REQUEST_ERROR,invalid_cvv,invalid,1
961,Wallet,HDFC Bank,17,6,0,0,BAD_REQUEST_ERROR,invalid_expiry,invalid,1
280,Card,Yes Bank,21,6,3,0,GATEWAY_ERROR,issuer_risk_block,risk,0
902,Card,Kotak Mahindra,7,3,2,0,BAD_REQUEST_ERROR,insufficient_funds,funds,0
7379,Card,Axis Bank,9,5,0,0,BAD_REQUEST_ERROR,insufficient_funds,funds,0
826,Wallet,Axis Bank,23,4,0,1,BAD_REQUEST_ERROR,invalid_cvv,invalid,0
1405,UPI,Yes Bank,4,0,1,1,GATEWAY_ERROR,issuer_risk_block,risk,0
6224,Card,Yes Bank,17,6,0,1,GATEWAY_ERROR,issuer_unavailable,timeout,0
3889,Card,HDFC Bank,9,6,1,1,BAD_REQUEST_ERROR,user_cancelled,dropoff,0
1685,Wallet,Yes Bank,0,3,3,1,BAD_REQUEST_ERROR,invalid_expiry,invalid,1
863,UPI,IDFC First,6,6,0,0,GATEWAY_ERROR,internal_error,timeout,1
7742,UPI,Kotak Mahindra,3,3,0,1,BAD_REQUEST_ERROR,user_cancelled,dropoff,1
4403,UPI,ICICI Bank,19,6,2,0,BAD_REQUEST_ERROR,insufficient_funds,funds,0
504,UPI,ICICI Bank,17,5,0,0,BAD_REQUEST_ERROR,invalid_expiry,invalid,0
1174,Card,Kotak Mahindra,23,3,2,0,BAD_REQUEST_ERROR,invalid_cvv,invalid,1
19211,Card,Axis Bank,7,4,0,0,GATEWAY_ERROR,issuer_unavailable,timeout,1
4009,Card,ICICI Bank,23,5,1,0,BAD_REQUEST_ERROR,insufficient_funds,funds,0
9957,Card,SBI,2,3,1,1,GATEWAY_ERROR,internal_error,timeout,0
712,UPI,Axis Bank,18,3,1,1,GATEWAY_ERROR,issuer_unavailable,dropoff,1
28236,UPI,ICICI Bank,10,0,0,0,BAD_REQUEST_ERROR,issuer_general_decline,decline,1
1171,Netbanking,ICICI Bank,17,0,0,0,GATEWAY_ERROR,internal_error,timeout,1
5513,Card,SBI,8,5,1,0,BAD_REQUEST_ERROR,invalid_expiry,invalid,1
8393,Netbanking,ICICI Bank,14,5,1,0,GATEWAY_ERROR,internal_error,timeout,0
2357,Wallet,HDFC Bank,14,1,0,0,GATEWAY_ERROR,issuer_risk_block,risk,0
1603,Card,Kotak Mahindra,0,6,3,0,BAD_REQUEST_ERROR,invalid_cvv,invalid,1
9878,Card,HDFC Bank,0,4,0,0,BAD_REQUEST_ERROR,user_cancelled,dropoff,1
3034,UPI,Kotak Mahindra,19,6,1,0,BAD_REQUEST_ERROR,issuer_general_decline,dropoff,1
748,Card,ICICI Bank,4,0,0,0,BAD_REQUEST_ERROR,invalid_expiry,invalid,1
4216,Card,ICICI Bank,21,2,0,1,BAD_REQUEST_ERROR,user_cancelled,dropoff,1
2004,UPI,Kotak Mahindra,19,2,0,0,BAD_REQUEST_ERROR,issuer_general_decline,decline,0
915,UPI,Axis Bank,17,1,1,0,BAD_REQUEST_ERROR,insufficient_funds,funds,0
448,Card,HDFC Bank,15,1,0,0,GATEWAY_ERROR,issuer_unavailable,timeout,1
239,Wallet,ICICI Bank,6,1,0,0,BAD_REQUEST_ERROR,issuer_general_decline,decline,1
9806,UPI,Yes Bank,12,5,0,1,BAD_REQUEST_ERROR,user_cancelled,dropoff,1
5299,UPI,SBI,9,1,1,1,BAD_REQUEST_ERROR,issuer_general_decline,decline,1
1955,Card,Axis Bank,23,4,0,1,BAD_REQUEST_ERROR,invalid_expiry,invalid,0
3518,UPI,Kotak Mahindra,2,2,1,0,GATEWAY_ERROR,issuer_risk_block,risk,0
1605,Wallet,HDFC Bank,19,3,1,0,BAD_REQUEST_ERROR,issuer_general_decline,decline,0
1304,Wallet,Kotak Mahindra,16,3,0,0,GATEWAY_ERROR,internal_error,timeout,1
1202,UPI,SBI,12,5,1,0,BAD_REQUEST_ERROR,otp_timeout,dropoff,1
1376,Wallet,IDFC First,10,4,0,0,BAD_REQUEST_ERROR,issuer_general_decline,decline,0
2008,Netbanking,ICICI Bank,16,6,0,1,BAD_REQUEST_ERROR,issuer_general_decline,invalid,1
3274,Netbanking,Axis Bank,19,3,2,0,GATEWAY_ERROR,internal_error,timeout,1
5875,Card,HDFC Bank,21,1,0,0,BAD_REQUEST_ERROR,user_cancelled,dropoff,1
399,UPI,ICICI Bank,7,5,1,0,GATEWAY_ERROR,internal_error,timeout,0
4538,Netbanking,HDFC Bank,20,1,1,0,BAD_REQUEST_ERROR,invalid_cvv,invalid,0
1294,Card,Axis Bank,0,2,1,0,BAD_REQUEST_ERROR,otp_timeout,dropoff,0
997,Netbanking,Yes Bank,20,0,0,0,GATEWAY_ERROR,internal_error,timeout,1
1345,Card,SBI,10,4,0,0,BAD_REQUEST_ERROR,user_cancelled,dropoff,1
1751,UPI,SBI,22,2,0,1,BAD_REQUEST_ERROR,invalid_cvv,invalid,1
7672,Wallet,IDFC First,13,3,0,1,BAD_REQUEST_ERROR,issuer_general_decline,decline,0
4574,UPI,ICICI Bank,14,6,0,0,BAD_REQUEST_ERROR,insufficient_funds,timeout,1
7860,Wallet,SBI,18,1,0,0,GATEWAY_ERROR,internal_error,timeout,1
1522,Card,Kotak Mahindra,16,3,0,0,BAD_REQUEST_ERROR,invalid_expiry,invalid,0
5529,UPI,ICICI Bank,10,6,2,1,BAD_REQUEST_ERROR,issuer_general_decline,decline,1
380,Card,Kotak Mahindra,10,3,1,0,BAD_REQUEST_ERROR,insufficient_funds,funds,0
1554,Card,Kotak Mahindra,12,3,0,1,BAD_REQUEST_ERROR,issuer_general_decline,decline,0
2104,Wallet,SBI,1,6,3,0,GATEWAY_ERROR,issuer_unavailable,risk,0
542,Netbanking,ICICI Bank,14,1,1,0,BAD_REQUEST_ERROR,otp_timeout,dropoff,0
694,UPI,IDFC First,19,0,0,0,GATEWAY_ERROR,issuer_risk_block,risk,0
100,Wallet,SBI,19,5,2,0,BAD_REQUEST_ERROR,insufficient_funds,dropoff,1
1412,UPI,Axis Bank,20,1,1,1,BAD_REQUEST_ERROR,invalid_cvv,invalid,1
1599,Netbanking,ICICI Bank,4,6,0,1,BAD_REQUEST_ERROR,user_cancelled,dropoff,1
2318,UPI,Axis Bank,11,6,0,1,BAD_REQUEST_ERROR,invalid_cvv,invalid,1
461,Card,ICICI Bank,17,3,0,1,BAD_REQUEST_ERROR,invalid_cvv,invalid,1
3796,Card,Axis Bank,22,4,1,1,BAD_REQUEST_ERROR,user_cancelled,dropoff,0
4427,Netbanking,Axis Bank,3,2,0,0,BAD_REQUEST_ERROR,invalid_cvv,invalid,1
2445,Netbanking,SBI,15,5,0,0,GATEWAY_ERROR,issuer_unavailable,timeout,1
3577,Netbanking,HDFC Bank,9,5,2,0,BAD_REQUEST_ERROR,invalid_cvv,invalid,1
1118,Card,SBI,16,1,0,1,BAD_REQUEST_ERROR,otp_timeout,dropoff,1
248,UPI,Axis Bank,17,5,0,1,BAD_REQUEST_ERROR,insufficient_funds,funds,0
332,Card,Kotak Mahindra,19,1,0,1,GATEWAY_ERROR,internal_error,timeout,1
10941,UPI,Yes Bank,14,0,0,1,BAD_REQUEST_ERROR,otp_timeout,dropoff,1
522,UPI,HDFC Bank,18,0,0,1,GATEWAY_ERROR,internal_error,timeout,0
4842,Card,HDFC Bank,16,4,1,0,BAD_REQUEST_ERROR,issuer_general_decline,decline,0
1273,Card,Kotak Mahindra,14,6,1,0,BAD_REQUEST_ERROR,issuer_general_decline,decline,0
1354,Wallet,Yes Bank,19,5,1,1,GATEWAY_ERROR,issuer_unavailable,timeout,1
1788,Card,Kotak Mahindra,8,2,3,0,GATEWAY_ERROR,issuer_unavailable,timeout,1
2976,Card,SBI,7,4,0,0,BAD_REQUEST_ERROR,invalid_cvv,invalid,1
1407,Netbanking,HDFC Bank,3,3,0,1,BAD_REQUEST_ERROR,otp_timeout,dropoff,1
1850,Netbanking,HDFC Bank,7,3,0,0,BAD_REQUEST_ERROR,invalid_expiry,invalid,1
4324,Netbanking,Axis Bank,21,4,0,0,BAD_REQUEST_ERROR,issuer_general_decline,decline,1
1056,UPI,Kotak Mahindra,4,2,2,0,BAD_REQUEST_ERROR,insufficient_funds,decline,0
352,UPI,Kotak Mahindra,13,1,0,0,GATEWAY_ERROR,issuer_unavailable,timeout,1
2512,Netbanking,Axis Bank,7,2,1,0,BAD_REQUEST_ERROR,issuer_general_decline,decline,0
1964,Card,ICICI Bank,9,0,0,0,BAD_REQUEST_ERROR,insufficient_funds,funds,0
3025,Card,Kotak Mahindra,22,3,0,0,BAD_REQUEST_ERROR,invalid_expiry,invalid,0
11774,UPI,Axis Bank,10,1,0,0,BAD_REQUEST_ERROR,invalid_cvv,invalid,0
3521,Card,Kotak Mahindra,22,0,0,1,BAD_REQUEST_ERROR,user_cancelled,dropoff,1
4583,UPI,ICICI Bank,9,0,0,1,GATEWAY_ERROR,internal_error,timeout,1
334,Card,HDFC Bank,19,2,0,0,GATEWAY_ERROR,issuer_unavailable,invalid,0
2060,Card,SBI,8,3,0,0,BAD_REQUEST_ERROR,insufficient_funds,funds,0
1947,UPI,ICICI Bank,7,5,0,1,BAD_REQUEST_ERROR,user_cancelled,dropoff,1
3106,Card,Yes Bank,17,1,0,0,BAD_REQUEST_ERROR,otp_timeout,dropoff,1
597,UPI,SBI,7,6,0,1,BAD_REQUEST_ERROR,otp_timeout,dropoff,0
642,UPI,IDFC First,13,3,0,1,BAD_REQUEST_ERROR,invalid_expiry,decline,0
1469,UPI,Kotak Mahindra,0,6,1,1,BAD_REQUEST_ERROR,user_cancelled,dropoff,1
991,Wallet,HDFC Bank,9,3,0,1,BAD_REQUEST_ERROR,issuer_general_decline,decline,0
464,Card,IDFC First,7,3,0,1,BAD_REQUEST_ERROR,otp_timeout,dropoff,1
6664,UPI,Axis Bank,15,1,0,0,BAD_REQUEST_ERROR,insufficient_funds,funds,0
788,UPI,Kotak Mahindra,1,5,0,0,GATEWAY_ERROR,issuer_unavailable,timeout,1
1727,Netbanking,HDFC Bank,14,5,1,0,BAD_REQUEST_ERROR,user_cancelled,dropoff,0
853,UPI,IDFC First,6,5,3,1,BAD_REQUEST_ERROR,otp_timeout,dropoff,1
1563,Wallet,Yes Bank,22,1,0,1,BAD_REQUEST_ERROR,invalid_cvv,invalid,1
207,Netbanking,Yes Bank,4,3,0,1,BAD_REQUEST_ERROR,invalid_expiry,invalid,1
321,Wallet,Axis Bank,19,6,0,1,GATEWAY_ERROR,issuer_risk_block,risk,0
6847,UPI,ICICI Bank,13,6,0,1,GATEWAY_ERROR,internal_error,timeout,1
1515,Card,IDFC First,16,1,1,0,GATEWAY_ERROR,issuer_unavailable,timeout,1
1283,UPI,Kotak Mahindra,4,5,0,0,BAD_REQUEST_ERROR,invalid_cvv,invalid,0
900,UPI,Kotak Mahindra,15,1,0,0,BAD_REQUEST_ERROR,otp_timeout,dropoff,0
487,Card,ICICI Bank,1,5,0,0,BAD_REQUEST_ERROR,invalid_cvv,invalid,0
1693,Netbanking,HDFC Bank,7,1,0,0,BAD_REQUEST_ERROR,user_cancelled,dropoff,1
1042,UPI,SBI,8,3,0,1,BAD_REQUEST_ERROR,issuer_general_decline,decline,1
731,Netbanking,HDFC Bank,23,4,0,1,BAD_REQUEST_ERROR,issuer_general_decline,decline,0
1329,UPI,Yes Bank,16,4,0,0,BAD_REQUEST_ERROR,invalid_cvv,invalid,0
417,UPI,ICICI Bank,3,4,0,0,GATEWAY_ERROR,issuer_unavailable,timeout,1
1865,UPI,IDFC First,8,1,0,0,BAD_REQUEST_ERROR,user_cancelled,dropoff,1
3767,UPI,Kotak Mahindra,21,2,1,0,GATEWAY_ERROR,issuer_unavailable,timeout,1
4381,UPI,HDFC Bank,14,5,0,0,BAD_REQUEST_ERROR,invalid_expiry,invalid,1
548,Netbanking,ICICI Bank,14,3,0,0,BAD_REQUEST_ERROR,invalid_cvv,invalid,0
1337,Wallet,Kotak Mahindra,10,6,0,0,BAD_REQUEST_ERROR,issuer_general_decline,decline,0
1346,Card,IDFC First,16,6,1,0,BAD_REQUEST_ERROR,issuer_general_decline,decline,0
2749,Wallet,SBI,18,1,0,1,BAD_REQUEST_ERROR,otp_timeout,dropoff,1
552,UPI,ICICI Bank,14,0,2,1,BAD_REQUEST_ERROR,issuer_general_decline,decline,0
992,Card,HDFC Bank,21,6,0,1,BAD_REQUEST_ERROR,invalid_cvv,invalid,0
4732,Card,Axis Bank,23,4,3,0,BAD_REQUEST_ERROR,issuer_general_decline,decline,0
3251,UPI,HDFC Bank,17,2,0,0,GATEWAY_ERROR,issuer_unavailable,timeout,1
4872,UPI,Kotak Mahindra,3,3,1,1,GATEWAY_ERROR,issuer_unavailable,timeout,1
2887,UPI,ICICI Bank,15,3,0,0,BAD_REQUEST_ERROR,otp_timeout,dropoff,1
2839,Card,Axis Bank,23,6,0,0,BAD_REQUEST_ERROR,user_cancelled,dropoff,1
7274,UPI,Kotak Mahindra,18,3,0,1,GATEWAY_ERROR,internal_error,timeout,1
2170,Netbanking,HDFC Bank,12,2,0,0,BAD_REQUEST_ERROR,invalid_expiry,invalid,0
505,Card,Yes Bank,17,0,1,0,GATEWAY_ERROR,internal_error,timeout,1
9116,Wallet,ICICI Bank,13,0,1,1,BAD_REQUEST_ERROR,insufficient_funds,funds,0
386,Netbanking,Kotak Mahindra,15,6,0,0,BAD_REQUEST_ERROR,issuer_general_decline,decline,0
2202,UPI,ICICI Bank,23,3,0,1,BAD_REQUEST_ERROR,user_cancelled,dropoff,1
3916,Card,Yes Bank,19,1,3,0,BAD_REQUEST_ERROR,invalid_cvv,invalid,1
1026,Card,IDFC First,0,4,2,0,BAD_REQUEST_ERROR,issuer_general_decline,decline,0
1747,Card,HDFC Bank,10,1,0,0,GATEWAY_ERROR,issuer_risk_block,risk,0
1071,Card,Axis Bank,20,0,0,0,GATEWAY_ERROR,issuer_unavailable,timeout,1
513,UPI,Yes Bank,13,2,2,0,BAD_REQUEST_ERROR,user_cancelled,dropoff,1
469,Wallet,Axis Bank,6,2,0,0,GATEWAY_ERROR,issuer_unavailable,timeout,1
4315,Netbanking,ICICI Bank,10,3,1,0,GATEWAY_ERROR,internal_error,timeout,1
2279,Card,SBI,3,2,0,0,BAD_REQUEST_ERROR,insufficient_funds,funds,0
1592,Card,Kotak Mahindra,7,3,2,1,BAD_REQUEST_ERROR,insufficient_funds,funds,0
9050,UPI,IDFC First,9,0,2,1,GATEWAY_ERROR,issuer_risk_block,risk,0
1031,UPI,HDFC Bank,4,3,2,1,BAD_REQUEST_ERROR,invalid_expiry,invalid,0
8122,Netbanking,SBI,12,6,2,1,BAD_REQUEST_ERROR,insufficient_funds,funds,0
3339,Wallet,ICICI Bank,1,1,0,0,GATEWAY_ERROR,issuer_unavailable,timeout,1
847,UPI,IDFC First,9,0,1,1,BAD_REQUEST_ERROR,insufficient_funds,funds,0
2632,Card,Yes Bank,10,4,0,0,BAD_REQUEST_ERROR,invalid_cvv,invalid,0
950,UPI,ICICI Bank,20,2,0,0,BAD_REQUEST_ERROR,insufficient_funds,funds,0
519,UPI,HDFC Bank,23,5,0,1,BAD_REQUEST_ERROR,insufficient_funds,funds,1
1304,Card,SBI,14,4,0,1,GATEWAY_ERROR,issuer_unavailable,timeout,1
576,UPI,SBI,16,0,0,0,BAD_REQUEST_ERROR,invalid_expiry,invalid,1
1027,UPI,Yes Bank,17,1,1,1,BAD_REQUEST_ERROR,invalid_cvv,invalid,1
2978,UPI,Yes Bank,15,4,1,0,GATEWAY_ERROR,internal_error,timeout,1
731,Card,IDFC First,8,0,0,0,GATEWAY_ERROR,issuer_risk_block,risk,0
6025,Netbanking,HDFC Bank,10,1,0,0,GATEWAY_ERROR,issuer_unavailable,timeout,1
589,UPI,HDFC Bank,9,5,0,0,BAD_REQUEST_ERROR,otp_timeout,dropoff,1
11431,UPI,SBI,17,3,1,0,BAD_REQUEST_ERROR,user_cancelled,dropoff,1
346,Card,Kotak Mahindra,8,5,2,1,BAD_REQUEST_ERROR,otp_timeout,dropoff,1
1161,UPI,Kotak Mahindra,22,6,2,0,BAD_REQUEST_ERROR,otp_timeout,dropoff,1
2000,Netbanking,SBI,23,3,0,0,GATEWAY_ERROR,issuer_unavailable,timeout,1
1769,UPI,HDFC Bank,0,0,1,0,BAD_REQUEST_ERROR,invalid_cvv,invalid,1
2329,UPI,ICICI Bank,5,3,3,0,GATEWAY_ERROR,issuer_unavailable,timeout,0
1313,UPI,HDFC Bank,9,5,0,1,GATEWAY_ERROR,issuer_risk_block,risk,1
915,Card,ICICI Bank,10,1,1,0,BAD_REQUEST_ERROR,invalid_cvv,invalid,1
2976,Wallet,IDFC First,22,4,1,0,BAD_REQUEST_ERROR,user_cancelled,dropoff,0
2936,UPI,Yes Bank,9,6,0,0,BAD_REQUEST_ERROR,otp_timeout,dropoff,0
1853,UPI,IDFC First,2,1,0,0,GATEWAY_ERROR,issuer_risk_block,risk,0
2338,Wallet,Axis Bank,4,0,2,0,GATEWAY_ERROR,issuer_risk_block,risk,0
626,UPI,Kotak Mahindra,6,3,0,0,BAD_REQUEST_ERROR,insufficient_funds,funds,0
593,UPI,SBI,17,5,0,0,BAD_REQUEST_ERROR,invalid_cvv,invalid,1
517,Netbanking,Kotak Mahindra,2,4,0,0,BAD_REQUEST_ERROR,issuer_general_decline,decline,0
3827,UPI,Kotak Mahindra,10,4,0,0,BAD_REQUEST_ERROR,user_cancelled,dropoff,1
3039,Card,Kotak Mahindra,9,0,0,0,BAD_REQUEST_ERROR,invalid_cvv,invalid,0
2550,Netbanking,Axis Bank,1,1,1,1,BAD_REQUEST_ERROR,invalid_expiry,timeout,1
1781,UPI,Yes Bank,3,0,0,0,GATEWAY_ERROR,issuer_unavailable,timeout,1
4529,UPI,Axis Bank,8,6,0,0,GATEWAY_ERROR,issuer_unavailable,timeout,1
1971,Card,ICICI Bank,15,1,0,1,BAD_REQUEST_ERROR,user_cancelled,dropoff,0
2780,UPI,ICICI Bank,1,3,1,1,GATEWAY_ERROR,issuer_risk_block,risk,0
2913,Card,Kotak Mahindra,10,4,0,1,BAD_REQUEST_ERROR,user_cancelled,invalid,0
1098,UPI,HDFC Bank,14,2,1,0,BAD_REQUEST_ERROR,insufficient_funds,funds,0
2016,UPI,Kotak Mahindra,23,5,2,0,BAD_REQUEST_ERROR,user_cancelled,dropoff,0
1006,UPI,IDFC First,15,1,0,0,GATEWAY_ERROR,internal_error,timeout,1
732,UPI,Axis Bank,15,0,1,0,BAD_REQUEST_ERROR,otp_timeout,dropoff,1
2700,UPI,HDFC Bank,7,6,1,0,GATEWAY_ERROR,issuer_risk_block,risk,0
2937,Netbanking,HDFC Bank,20,6,3,0,BAD_REQUEST_ERROR,otp_timeout,dropoff,1
4297,Card,Yes Bank,22,2,1,0,BAD_REQUEST_ERROR,invalid_expiry,invalid,0
1522,Card,Yes Bank,7,0,0,0,GATEWAY_ERROR,internal_error,timeout,1
1601,Netbanking,SBI,1,3,1,0,GATEWAY_ERROR,internal_error,timeout,1
804,Card,SBI,15,4,0,1,BAD_REQUEST_ERROR,user_cancelled,dropoff,0
2681,UPI,Yes Bank,5,2,0,0,BAD_REQUEST_ERROR,invalid_expiry,invalid,0
3733,UPI,ICICI Bank,17,6,0,1,BAD_REQUEST_ERROR,issuer_general_decline,decline,0
4950,Wallet,ICICI Bank,9,2,2,0,BAD_REQUEST_ERROR,user_cancelled,dropoff,0
2528,Netbanking,Kotak Mahindra,6,1,1,0,BAD_REQUEST_ERROR,invalid_cvv,invalid,0
673,Card,ICICI Bank,7,0,0,0,BAD_REQUEST_ERROR,invalid_cvv,invalid,1
1606,UPI,ICICI Bank,4,0,0,0,BAD_REQUEST_ERROR,issuer_general_decline,decline,1
6540,Wallet,Kotak Mahindra,21,5,0,0,BAD_REQUEST_ERROR,user_cancelled,dropoff,1
13736,UPI,Kotak Mahindra,21,6,1,1,BAD_REQUEST_ERROR,otp_timeout,dropoff,1
5384,Netbanking,Kotak Mahindra,4,3,0,0,GATEWAY_ERROR,issuer_risk_block,risk,0
4426,Card,ICICI Bank,10,6,1,1,BAD_REQUEST_ERROR,user_cancelled,dropoff,1
4670,Wallet,Yes Bank,20,6,0,0,BAD_REQUEST_ERROR,issuer_general_decline,decline,1
8551,Card,IDFC First,22,3,0,1,BAD_REQUEST_ERROR,issuer_general_decline,decline,1
2788,Wallet,IDFC First,22,0,2,0,BAD_REQUEST_ERROR,issuer_general_decline,decline,1
455,Netbanking,Yes Bank,15,0,1,1,BAD_REQUEST_ERROR,user_cancelled,dropoff,0
849,UPI,HDFC Bank,12,3,0,1,GATEWAY_ERROR,issuer_risk_block,risk,0
472,UPI,HDFC Bank,10,6,0,0,BAD_REQUEST_ERROR,insufficient_funds,funds,0
167,Netbanking,ICICI Bank,21,2,0,0,GATEWAY_ERROR,issuer_unavailable,timeout,0
2059,UPI,Kotak Mahindra,19,0,2,1,BAD_REQUEST_ERROR,invalid_cvv,invalid,1
4761,UPI,Kotak Mahindra,9,6,1,0,GATEWAY_ERROR,internal_error,timeout,0
8217,Wallet,Axis Bank,0,5,1,0,GATEWAY_ERROR,issuer_unavailable,timeout,0
698,Card,SBI,15,2,0,1,BAD_REQUEST_ERROR,insufficient_funds,funds,0
2271,Card,Yes Bank,2,3,0,1,BAD_REQUEST_ERROR,issuer_general_decline,decline,0
233,Netbanking,HDFC Bank,1,0,0,0,BAD_REQUEST_ERROR,insufficient_funds,funds,0
2201,Netbanking,Kotak Mahindra,22,2,0,0,BAD_REQUEST_ERROR,user_cancelled,dropoff,1
1415,UPI,Yes Bank,23,1,2,0,GATEWAY_ERROR,issuer_unavailable,timeout,0
4836,UPI,Kotak Mahindra,8,1,0,0,BAD_REQUEST_ERROR,insufficient_funds,funds,0
3741,Card,SBI,17,0,1,1,BAD_REQUEST_ERROR,otp_timeout,dropoff,1
1614,UPI,ICICI Bank,23,4,1,1,BAD_REQUEST_ERROR,insufficient_funds,funds,1
1495,Card,SBI,3,3,3,0,GATEWAY_ERROR,issuer_unavailable,timeout,1
2204,UPI,Yes Bank,18,1,3,1,BAD_REQUEST_ERROR,insufficient_funds,funds,0
700,Wallet,ICICI Bank,17,1,0,0,BAD_REQUEST_ERROR,user_cancelled,dropoff,0
855,UPI,SBI,17,4,0,0,GATEWAY_ERROR,issuer_unavailable,timeout,1
1434,UPI,Axis Bank,7,2,2,0,GATEWAY_ERROR,issuer_unavailable,timeout,1
1344,UPI,Axis Bank,18,1,0,1,GATEWAY_ERROR,issuer_unavailable,timeout,1
1135,Card,ICICI Bank,11,5,2,0,BAD_REQUEST_ERROR,otp_timeout,dropoff,0
874,Card,Kotak Mahindra,8,0,0,1,GATEWAY_ERROR,issuer_unavailable,timeout,1
1814,UPI,Kotak Mahindra,0,3,1,0,BAD_REQUEST_ERROR,invalid_expiry,invalid,0
507,UPI,Yes Bank,8,6,0,1,GATEWAY_ERROR,issuer_unavailable,timeout,1
5526,Card,IDFC First,9,6,1,0,BAD_REQUEST_ERROR,insufficient_funds,funds,0
1266,Card,ICICI Bank,17,6,3,0,GATEWAY_ERROR,internal_error,timeout,1
1957,Netbanking,Kotak Mahindra,13,4,0,0,BAD_REQUEST_ERROR,invalid_expiry,invalid,0
601,UPI,ICICI Bank,2,2,0,0,BAD_REQUEST_ERROR,otp_timeout,dropoff,0
6738,UPI,IDFC First,13,1,0,0,BAD_REQUEST_ERROR,user_cancelled,dropoff,0
1720,Wallet,Axis Bank,10,2,0,1,BAD_REQUEST_ERROR,insufficient_funds,funds,1
2537,Netbanking,ICICI Bank,1,3,1,0,GATEWAY_ERROR,issuer_risk_block,risk,1
1971,Card,Axis Bank,16,6,0,1,BAD_REQUEST_ERROR,issuer_general_decline,decline,0
1399,UPI,HDFC Bank,15,4,1,0,BAD_REQUEST_ERROR,otp_timeout,dropoff,1
444,Card,HDFC Bank,3,3,0,1,BAD_REQUEST_ERROR,invalid_cvv,invalid,1
1336,Netbanking,IDFC First,3,6,1,0,BAD_REQUEST_ERROR,issuer_general_decline,decline,1
3083,Card,Kotak Mahindra,23,6,1,1,BAD_REQUEST_ERROR,otp_timeout,dropoff,1
3076,Card,Axis Bank,3,4,0,1,GATEWAY_ERROR,issuer_unavailable,timeout,1
1867,UPI,Kotak Mahindra,19,3,0,0,GATEWAY_ERROR,internal_error,risk,1
1952,Wallet,ICICI Bank,12,4,2,1,BAD_REQUEST_ERROR,insufficient_funds,funds,0
3441,Wallet,Yes Bank,14,6,0,0,BAD_REQUEST_ERROR,issuer_general_decline,decline,1
601,UPI,ICICI Bank,4,2,1,1,BAD_REQUEST_ERROR,insufficient_funds,funds,0
556,Card,SBI,14,4,0,0,BAD_REQUEST_ERROR,otp_timeout,timeout,1
2810,Netbanking,Yes Bank,5,2,0,0,BAD_REQUEST_ERROR,otp_timeout,dropoff,0
536,Wallet,ICICI Bank,21,3,3,0,BAD_REQUEST_ERROR,user_cancelled,dropoff,1
397,Netbanking,ICICI Bank,20,6,3,0,BAD_REQUEST_ERROR,insufficient_funds,funds,0
924,Netbanking,HDFC Bank,20,6,0,1,BAD_REQUEST_ERROR,invalid_cvv,invalid,0
234,Card,IDFC First,20,6,1,0,BAD_REQUEST_ERROR,user_cancelled,dropoff,0
798,UPI,HDFC Bank,3,1,0,0,BAD_REQUEST_ERROR,otp_timeout,dropoff,0
3293,UPI,HDFC Bank,5,6,0,0,BAD_REQUEST_ERROR,invalid_expiry,invalid,1
638,UPI,HDFC Bank,5,5,1,0,BAD_REQUEST_ERROR,user_cancelled,dropoff,0
6193,Card,Yes Bank,20,0,0,0,GATEWAY_ERROR,issuer_unavailable,timeout,1
944,Card,Kotak Mahindra,8,0,0,0,BAD_REQUEST_ERROR,otp_timeout,dropoff,1
582,Card,Axis Bank,17,3,1,0,BAD_REQUEST_ERROR,otp_timeout,dropoff,1
1304,Card,HDFC Bank,17,4,0,0,GATEWAY_ERROR,issuer_unavailable,invalid,1
12647,Netbanking,ICICI Bank,9,6,1,0,GATEWAY_ERROR,issuer_unavailable,timeout,1
2075,Netbanking,IDFC First,12,3,0,0,BAD_REQUEST_ERROR,invalid_cvv,invalid,1
7809,UPI,ICICI Bank,8,2,0,1,BAD_REQUEST_ERROR,issuer_general_decline,decline,0
1317,UPI,HDFC Bank,3,0,0,0,GATEWAY_ERROR,issuer_risk_block,risk,0
3996,Card,ICICI Bank,19,2,1,0,BAD_REQUEST_ERROR,invalid_cvv,invalid,1
13849,Card,SBI,12,6,1,0,GATEWAY_ERROR,issuer_unavailable,timeout,1
2478,Card,SBI,16,4,2,1,GATEWAY_ERROR,internal_error,timeout,1
247,Card,HDFC Bank,17,2,1,1,GATEWAY_ERROR,issuer_unavailable,timeout,1
1628,UPI,ICICI Bank,4,3,1,0,BAD_REQUEST_ERROR,otp_timeout,dropoff,1
603,UPI,Axis Bank,21,6,2,0,BAD_REQUEST_ERROR,invalid_cvv,timeout,1
5211,UPI,Yes Bank,3,6,3,1,BAD_REQUEST_ERROR,invalid_expiry,invalid,1
1737,Card,Kotak Mahindra,9,0,0,1,BAD_REQUEST_ERROR,insufficient_funds,funds,0
3336,UPI,HDFC Bank,11,5,0,0,BAD_REQUEST_ERROR,issuer_general_decline,risk,0
1143,Netbanking,IDFC First,8,5,1,0,BAD_REQUEST_ERROR,user_cancelled,dropoff,1
5673,Card,ICICI Bank,15,3,3,0,BAD_REQUEST_ERROR,user_cancelled,dropoff,0
351,Card,Axis Bank,7,4,0,1,BAD_REQUEST_ERROR,invalid_cvv,invalid,1
2272,UPI,Yes Bank,5,6,1,1,GATEWAY_ERROR,internal_error,timeout,1
3049,UPI,ICICI Bank,23,2,1,0,GATEWAY_ERROR,issuer_risk_block,risk,0
7993,Netbanking,Yes Bank,19,0,2,1,BAD_REQUEST_ERROR,invalid_cvv,invalid,1
2575,Netbanking,Kotak Mahindra,19,1,0,0,BAD_REQUEST_ERROR,invalid_expiry,invalid,1
2349,UPI,Yes Bank,9,0,0,1,BAD_REQUEST_ERROR,user_cancelled,dropoff,0
4172,Netbanking,ICICI Bank,4,3,1,1,BAD_REQUEST_ERROR,insufficient_funds,dropoff,0
1138,Card,Yes Bank,10,0,2,0,BAD_REQUEST_ERROR,issuer_general_decline,decline,0
3529,Wallet,Kotak Mahindra,16,2,1,0,GATEWAY_ERROR,issuer_unavailable,decline,1
2183,UPI,ICICI Bank,12,6,0,0,GATEWAY_ERROR,internal_error,timeout,1
371,Card,IDFC First,5,2,0,0,GATEWAY_ERROR,issuer_risk_block,risk,0
623,UPI,Kotak Mahindra,11,2,1,1,BAD_REQUEST_ERROR,issuer_general_decline,decline,1
3546,Card,Kotak Mahindra,17,1,0,0,BAD_REQUEST_ERROR,insufficient_funds,funds,0
3020,UPI,Axis Bank,6,5,1,0,BAD_REQUEST_ERROR,issuer_general_decline,decline,1
1560,Netbanking,Yes Bank,13,4,0,0,BAD_REQUEST_ERROR,user_cancelled,dropoff,1
8801,Netbanking,Axis Bank,1,1,0,1,GATEWAY_ERROR,issuer_unavailable,timeout,1
3984,UPI,Yes Bank,14,0,3,0,BAD_REQUEST_ERROR,user_cancelled,funds,0
1480,UPI,ICICI Bank,16,4,2,1,GATEWAY_ERROR,issuer_unavailable,timeout,1
1935,Card,SBI,11,0,0,0,GATEWAY_ERROR,issuer_unavailable,timeout,1
788,UPI,IDFC First,2,0,1,1,BAD_REQUEST_ERROR,issuer_general_decline,dropoff,1
874,Card,ICICI Bank,23,0,0,0,BAD_REQUEST_ERROR,otp_timeout,dropoff,1
7277,UPI,IDFC First,12,6,1,0,GATEWAY_ERROR,internal_error,timeout,1
775,Wallet,SBI,4,0,0,0,GATEWAY_ERROR,issuer_unavailable,timeout,1
9949,Card,Yes Bank,13,5,0,0,GATEWAY_ERROR,issuer_risk_block,risk,1
2010,Card,Axis Bank,15,1,0,0,BAD_REQUEST_ERROR,invalid_expiry,invalid,1
981,Card,IDFC First,8,4,0,1,BAD_REQUEST_ERROR,otp_timeout,dropoff,1
3080,Card,SBI,20,4,0,1,BAD_REQUEST_ERROR,otp_timeout,dropoff,1
663,Netbanking,IDFC First,23,4,2,0,BAD_REQUEST_ERROR,insufficient_funds,funds,0
2094,UPI,IDFC First,6,2,0,0,BAD_REQUEST_ERROR,invalid_cvv,invalid,0
8259,Netbanking,HDFC Bank,2,1,0,1,GATEWAY_ERROR,issuer_risk_block,risk,0
2267,UPI,SBI,20,1,0,1,GATEWAY_ERROR,internal_error,timeout,1
3930,UPI,Kotak Mahindra,4,2,0,0,BAD_REQUEST_ERROR,issuer_general_decline,decline,1
8360,Card,IDFC First,20,5,0,1,BAD_REQUEST_ERROR,invalid_expiry,invalid,0
2593,Netbanking,Yes Bank,21,2,0,0,BAD_REQUEST_ERROR,invalid_cvv,invalid,0
6313,UPI,Axis Bank,14,5,0,1,BAD_REQUEST_ERROR,otp_timeout,dropoff,0
1345,Netbanking,Kotak Mahindra,23,3,2,1,BAD_REQUEST_ERROR,invalid_cvv,invalid,1
3715,Card,HDFC Bank,7,0,1,0,BAD_REQUEST_ERROR,insufficient_funds,funds,0
5856,Card,ICICI Bank,10,2,0,0,BAD_REQUEST_ERROR,otp_timeout,dropoff,0
4862,Card,HDFC Bank,13,2,0,1,GATEWAY_ERROR,issuer_risk_block,risk,0
2503,Netbanking,Kotak Mahindra,8,6,0,0,GATEWAY_ERROR,internal_error,timeout,1
2702,Card,IDFC First,15,6,2,0,GATEWAY_ERROR,issuer_risk_block,risk,0
5017,Card,Kotak Mahindra,3,4,0,0,GATEWAY_ERROR,internal_error,timeout,1
5784,UPI,IDFC First,8,5,3,0,GATEWAY_ERROR,internal_error,timeout,0
961,Wallet,HDFC Bank,17,0,0,1,BAD_REQUEST_ERROR,issuer_general_decline,decline,0
1618,UPI,ICICI Bank,17,6,0,0,BAD_REQUEST_ERROR,insufficient_funds,funds,0
6422,Card,Kotak Mahindra,19,5,0,1,BAD_REQUEST_ERROR,invalid_expiry,invalid,0
798,Wallet,Yes Bank,14,0,1,0,BAD_REQUEST_ERROR,invalid_expiry,invalid,1
2691,Card,ICICI Bank,2,6,3,1,BAD_REQUEST_ERROR,issuer_general_decline,decline,0
417,UPI,Kotak Mahindra,0,0,1,0,BAD_REQUEST_ERROR,invalid_cvv,invalid,1
1730,Card,Kotak Mahindra,22,5,0,0,BAD_REQUEST_ERROR,user_cancelled,invalid,0
1243,Netbanking,HDFC Bank,22,3,0,0,GATEWAY_ERROR,issuer_risk_block,risk,0
425,Card,SBI,17,4,0,0,BAD_REQUEST_ERROR,invalid_cvv,invalid,1
1011,UPI,Axis Bank,0,3,0,0,BAD_REQUEST_ERROR,insufficient_funds,funds,1
1035,UPI,HDFC Bank,6,3,0,1,BAD_REQUEST_ERROR,insufficient_funds,funds,0
4271,UPI,Axis Bank,20,3,0,0,BAD_REQUEST_ERROR,otp_timeout,dropoff,0
2334,UPI,Axis Bank,18,0,2,0,BAD_REQUEST_ERROR,insufficient_funds,funds,0
1860,Card,Yes Bank,0,0,2,1,GATEWAY_ERROR,issuer_risk_block,risk,0
11083,UPI,Axis Bank,9,0,0,1,GATEWAY_ERROR,issuer_unavailable,timeout,1
3978,UPI,Yes Bank,11,2,1,0,BAD_REQUEST_ERROR,insufficient_funds,funds,0
1167,Wallet,Yes Bank,5,4,0,1,BAD_REQUEST_ERROR,insufficient_funds,funds,0
904,UPI,IDFC First,7,1,0,0,BAD_REQUEST_ERROR,invalid_expiry,invalid,1
1345,UPI,ICICI Bank,18,5,0,1,GATEWAY_ERROR,issuer_unavailable,timeout,1
1175,Card,SBI,20,6,1,0,BAD_REQUEST_ERROR,otp_timeout,dropoff,0
671,Card,ICICI Bank,21,6,0,0,GATEWAY_ERROR,issuer_unavailable,timeout,1
3959,Wallet,Yes Bank,0,6,0,0,BAD_REQUEST_ERROR,invalid_cvv,invalid,0
6112,UPI,HDFC Bank,2,0,0,1,BAD_REQUEST_ERROR,issuer_general_decline,decline,0
2235,Card,Yes Bank,18,4,0,1,BAD_REQUEST_ERROR,otp_timeout,dropoff,1
3131,UPI,Kotak Mahindra,13,1,1,0,BAD_REQUEST_ERROR,otp_timeout,dropoff,1
3779,Netbanking,ICICI Bank,9,5,0,1,BAD_REQUEST_ERROR,otp_timeout,dropoff,1
3901,Card,Yes Bank,3,4,1,0,BAD_REQUEST_ERROR,insufficient_funds,funds,0
288,Wallet,ICICI Bank,4,3,0,1,BAD_REQUEST_ERROR,user_cancelled,dropoff,0
1080,UPI,ICICI Bank,0,4,0,1,GATEWAY_ERROR,internal_error,timeout,0
1839,Card,ICICI Bank,10,0,0,0,BAD_REQUEST_ERROR,insufficient_funds,funds,0
231,Card,Axis Bank,22,5,0,1,BAD_REQUEST_ERROR,otp_timeout,dropoff,1
1008,Card,ICICI Bank,13,2,0,0,BAD_REQUEST_ERROR,invalid_expiry,invalid,1
795,UPI,ICICI Bank,18,2,0,0,GATEWAY_ERROR,issuer_risk_block,risk,0
1885,Wallet,Yes Bank,21,3,0,1,BAD_REQUEST_ERROR,invalid_cvv,invalid,1
4209,Card,Axis Bank,9,1,0,1,GATEWAY_ERROR,issuer_unavailable,timeout,1
945,UPI,Kotak Mahindra,6,6,2,0,BAD_REQUEST_ERROR,invalid_cvv,invalid,0
1797,Netbanking,ICICI Bank,15,4,3,1,BAD_REQUEST_ERROR,insufficient_funds,funds,0
955,Wallet,Yes Bank,2,6,3,0,GATEWAY_ERROR,internal_error,timeout,1
1882,Wallet,HDFC Bank,18,4,0,0,BAD_REQUEST_ERROR,insufficient_funds,funds,0
1990,Netbanking,Axis Bank,3,3,0,0,GATEWAY_ERROR,internal_error,timeout,0
1499,Card,Kotak Mahindra,17,1,0,1,BAD_REQUEST_ERROR,invalid_cvv,invalid,0
2160,Netbanking,Axis Bank,12,6,1,1,BAD_REQUEST_ERROR,insufficient_funds,funds,1
796,Card,SBI,3,3,0,1,BAD_REQUEST_ERROR,user_cancelled,dropoff,1
183,Wallet,ICICI Bank,20,1,0,0,BAD_REQUEST_ERROR,issuer_general_decline,decline,0
419,UPI,SBI,22,4,0,0,BAD_REQUEST_ERROR,otp_timeout,dropoff,0
2625,Netbanking,HDFC Bank,17,1,2,0,BAD_REQUEST_ERROR,otp_timeout,dropoff,1
2987,Card,HDFC Bank,18,6,0,1,BAD_REQUEST_ERROR,invalid_expiry,invalid,1
4066,UPI,IDFC First,19,1,0,1,BAD_REQUEST_ERROR,otp_timeout,dropoff,1
1509,Card,Kotak Mahindra,14,5,3,0,BAD_REQUEST_ERROR,issuer_general_decline,decline,0
2089,UPI,Axis Bank,11,6,2,1,BAD_REQUEST_ERROR,insufficient_funds,funds,1
6556,Card,IDFC First,2,5,0,0,BAD_REQUEST_ERROR,issuer_general_decline,decline,1
11127,Netbanking,Kotak Mahindra,10,0,0,1,BAD_REQUEST_ERROR,insufficient_funds,funds,0
2688,Card,Kotak Mahindra,3,1,0,1,BAD_REQUEST_ERROR,invalid_expiry,invalid,1
2186,UPI,Yes Bank,9,4,1,0,GATEWAY_ERROR,internal_error,timeout,1
1185,Card,ICICI Bank,9,2,0,1,BAD_REQUEST_ERROR,user_cancelled,dropoff,0
4141,UPI,Axis Bank,20,1,0,1,GATEWAY_ERROR,internal_error,timeout,1
2532,Card,Axis Bank,6,0,0,1,BAD_REQUEST_ERROR,issuer_general_decline,decline,0
3001,UPI,IDFC First,6,2,1,0,GATEWAY_ERROR,internal_error,dropoff,0
3145,Netbanking,SBI,8,4,0,0,GATEWAY_ERROR,issuer_unavailable,timeout,1
4666,UPI,IDFC First,9,0,0,1,GATEWAY_ERROR,issuer_unavailable,timeout,1
3755,Card,IDFC First,2,4,0,1,BAD_REQUEST_ERROR,invalid_cvv,invalid,1
6447,UPI,Yes Bank,22,2,0,1,BAD_REQUEST_ERROR,user_cancelled,dropoff,1
1597,UPI,HDFC Bank,3,1,1,0,GATEWAY_ERROR,issuer_risk_block,risk,0
2204,Card,SBI,5,2,2,1,BAD_REQUEST_ERROR,user_cancelled,dropoff,0
675,Netbanking,Yes Bank,6,2,0,0,GATEWAY_ERROR,issuer_risk_block,risk,0
9693,Card,HDFC Bank,19,0,2,1,BAD_REQUEST_ERROR,invalid_expiry,invalid,0
6810,UPI,Kotak Mahindra,16,4,0,0,BAD_REQUEST_ERROR,user_cancelled,dropoff,1
1279,Netbanking,IDFC First,18,6,0,0,GATEWAY_ERROR,issuer_unavailable,timeout,0
821,Card,HDFC Bank,19,0,1,0,GATEWAY_ERROR,internal_error,timeout,1
1166,Card,IDFC First,20,6,3,0,BAD_REQUEST_ERROR,invalid_expiry,invalid,0
222,Netbanking,ICICI Bank,0,5,0,1,GATEWAY_ERROR,issuer_risk_block,risk,0
2803,Card,Kotak Mahindra,1,1,3,0,GATEWAY_ERROR,issuer_risk_block,risk,0
5497,UPI,IDFC First,11,1,1,0,BAD_REQUEST_ERROR,otp_timeout,dropoff,0
1563,Netbanking,Axis Bank,2,3,1,0,GATEWAY_ERROR,issuer_risk_block,risk,0
193,UPI,SBI,15,1,0,0,BAD_REQUEST_ERROR,otp_timeout,dropoff,1
499,UPI,SBI,20,4,1,0,BAD_REQUEST_ERROR,invalid_cvv,invalid,1
246,UPI,Axis Bank,18,1,1,0,BAD_REQUEST_ERROR,invalid_cvv,invalid,0
2374,UPI,Yes Bank,5,2,0,0,BAD_REQUEST_ERROR,invalid_expiry,invalid,1
911,Card,IDFC First,5,5,2,0,BAD_REQUEST_ERROR,insufficient_funds,funds,0
1187,UPI,ICICI Bank,22,3,0,0,GATEWAY_ERROR,issuer_risk_block,funds,1
1355,Wallet,Yes Bank,22,4,0,0,GATEWAY_ERROR,issuer_risk_block,risk,0
4432,Card,IDFC First,11,5,0,0,BAD_REQUEST_ERROR,user_cancelled,dropoff,0
740,UPI,SBI,6,6,0,0,BAD_REQUEST_ERROR,issuer_general_decline,decline,1
9068,UPI,ICICI Bank,14,2,2,0,BAD_REQUEST_ERROR,invalid_cvv,invalid,0
1129,UPI,ICICI Bank,16,6,1,0,BAD_REQUEST_ERROR,otp_timeout,dropoff,1
1797,Netbanking,ICICI Bank,16,5,0,0,BAD_REQUEST_ERROR,invalid_cvv,invalid,0
6489,Card,Yes Bank,6,4,0,1,GATEWAY_ERROR,internal_error,timeout,1
5374,Card,IDFC First,1,5,0,0,BAD_REQUEST_ERROR,invalid_cvv,invalid,0
2007,UPI,SBI,11,2,0,0,BAD_REQUEST_ERROR,issuer_general_decline,decline,0
3774,Netbanking,IDFC First,16,0,1,0,BAD_REQUEST_ERROR,user_cancelled,dropoff,0
2701,Card,HDFC Bank,22,3,0,1,GATEWAY_ERROR,issuer_risk_block,risk,0
21486,Card,ICICI Bank,3,6,1,0,BAD_REQUEST_ERROR,user_cancelled,dropoff,0
1482,UPI,ICICI Bank,0,4,2,0,BAD_REQUEST_ERROR,invalid_expiry,invalid,0
2766,UPI,HDFC Bank,3,6,0,0,BAD_REQUEST_ERROR,invalid_cvv,invalid,0
3862,UPI,HDFC Bank,0,1,2,0,GATEWAY_ERROR,internal_error,invalid,0
1008,Card,ICICI Bank,22,1,2,1,GATEWAY_ERROR,internal_error,timeout,1
1600,UPI,Kotak Mahindra,15,1,2,0,BAD_REQUEST_ERROR,user_cancelled,dropoff,0
765,UPI,Kotak Mahindra,0,2,0,0,BAD_REQUEST_ERROR,otp_timeout,dropoff,1
1078,Netbanking,Yes Bank,17,0,0,0,BAD_REQUEST_ERROR,insufficient_funds,funds,0
1153,Card,SBI,19,4,1,0,BAD_REQUEST_ERROR,issuer_general_decline,decline,0
2781,Wallet,SBI,18,2,0,1,BAD_REQUEST_ERROR,issuer_general_decline,decline,0
3218,UPI,HDFC Bank,5,5,0,0,BAD_REQUEST_ERROR,invalid_cvv,invalid,1
1349,Card,Axis Bank,23,4,0,0,GATEWAY_ERROR,issuer_unavailable,risk,0
4083,Wallet,HDFC Bank,4,5,0,1,BAD_REQUEST_ERROR,otp_timeout,dropoff,1
3179,UPI,IDFC First,22,6,1,1,BAD_REQUEST_ERROR,invalid_expiry,invalid,1
2598,UPI,SBI,19,1,0,0,GATEWAY_ERROR,internal_error,timeout,1
2349,UPI,IDFC First,1,2,0,0,GATEWAY_ERROR,internal_error,timeout,1
779,UPI,SBI,1,6,0,1,BAD_REQUEST_ERROR,user_cancelled,dropoff,1
1996,UPI,Axis Bank,6,6,0,0,BAD_REQUEST_ERROR,insufficient_funds,funds,1
1199,Card,Yes Bank,18,5,1,0,BAD_REQUEST_ERROR,issuer_general_decline,risk,0
7454,UPI,Kotak Mahindra,23,3,3,1,BAD_REQUEST_ERROR,invalid_expiry,invalid,0
3642,Netbanking,SBI,20,0,2,0,BAD_REQUEST_ERROR,insufficient_funds,funds,1
18263,UPI,ICICI Bank,15,6,1,0,BAD_REQUEST_ERROR,issuer_general_decline,decline,0
6033,Netbanking,ICICI Bank,17,6,0,0,BAD_REQUEST_ERROR,insufficient_funds,funds,0
2019,UPI,Axis Bank,12,0,2,0,BAD_REQUEST_ERROR,invalid_cvv,invalid,0
5668,Card,Axis Bank,19,1,1,0,BAD_REQUEST_ERROR,issuer_general_decline,decline,1
3562,Wallet,SBI,12,3,0,0,BAD_REQUEST_ERROR,issuer_general_decline,decline,1
2123,Netbanking,SBI,0,1,1,0,BAD_REQUEST_ERROR,invalid_cvv,invalid,1
1045,UPI,SBI,15,3,1,0,BAD_REQUEST_ERROR,user_cancelled,dropoff,1
3090,Wallet,Kotak Mahindra,7,2,0,0,BAD_REQUEST_ERROR,user_cancelled,dropoff,0
1529,Card,HDFC Bank,5,4,0,0,GATEWAY_ERROR,issuer_risk_block,risk,0
3060,Card,Kotak Mahindra,16,6,0,0,BAD_REQUEST_ERROR,otp_timeout,dropoff,1
5996,UPI,Yes Bank,20,0,0,1,GATEWAY_ERROR,issuer_unavailable,timeout,1
2078,UPI,Kotak Mahindra,10,6,1,0,BAD_REQUEST_ERROR,invalid_expiry,invalid,0
3262,UPI,ICICI Bank,11,3,0,0,BAD_REQUEST_ERROR,insufficient_funds,funds,0
31247,Card,ICICI Bank,5,6,1,0,GATEWAY_ERROR,issuer_unavailable,timeout,0
5879,Card,Kotak Mahindra,13,1,0,0,BAD_REQUEST_ERROR,user_cancelled,dropoff,1
3875,UPI,SBI,1,1,1,0,BAD_REQUEST_ERROR,insufficient_funds,funds,0
3573,Card,Kotak Mahindra,6,6,0,0,BAD_REQUEST_ERROR,otp_timeout,dropoff,1
5800,UPI,HDFC Bank,6,4,2,0,BAD_REQUEST_ERROR,otp_timeout,dropoff,1
1518,UPI,Axis Bank,23,1,2,0,GATEWAY_ERROR,issuer_risk_block,risk,0
1092,UPI,HDFC Bank,0,4,0,0,BAD_REQUEST_ERROR,otp_timeout,dropoff,1
625,Card,Kotak Mahindra,14,3,0,0,BAD_REQUEST_ERROR,user_cancelled,dropoff,1
2401,Netbanking,Yes Bank,18,0,0,1,BAD_REQUEST_ERROR,otp_timeout,dropoff,1
4116,UPI,HDFC Bank,18,4,0,0,BAD_REQUEST_ERROR,otp_timeout,dropoff,1
1052,Card,IDFC First,13,2,0,0,BAD_REQUEST_ERROR,insufficient_funds,funds,0
668,Card,ICICI Bank,23,6,1,1,BAD_REQUEST_ERROR,invalid_expiry,invalid,1
12099,UPI,SBI,6,2,1,0,BAD_REQUEST_ERROR,invalid_expiry,invalid,1
869,Card,ICICI Bank,9,4,0,0,BAD_REQUEST_ERROR,user_cancelled,dropoff,1
12393,Card,Kotak Mahindra,7,6,3,0,GATEWAY_ERROR,issuer_risk_block,risk,0
3923,UPI,HDFC Bank,14,4,1,0,BAD_REQUEST_ERROR,insufficient_funds,funds,0
842,UPI,HDFC Bank,22,5,0,1,BAD_REQUEST_ERROR,invalid_cvv,invalid,0
8194,UPI,Kotak Mahindra,16,6,0,0,BAD_REQUEST_ERROR,issuer_general_decline,decline,1
643,Card,Kotak Mahindra,22,6,3,1,BAD_REQUEST_ERROR,user_cancelled,dropoff,1
1537,Card,Yes Bank,9,3,2,0,GATEWAY_ERROR,issuer_risk_block,risk,0
934,Netbanking,SBI,1,3,0,1,GATEWAY_ERROR,issuer_unavailable,timeout,1
993,Card,ICICI Bank,2,3,1,0,BAD_REQUEST_ERROR,insufficient_funds,funds,0
774,UPI,Yes Bank,11,5,0,0,GATEWAY_ERROR,internal_error,timeout,1
3851,UPI,Kotak Mahindra,6,6,0,1,BAD_REQUEST_ERROR,invalid_expiry,invalid,0
675,UPI,Kotak Mahindra,10,1,0,0,GATEWAY_ERROR,internal_error,timeout,1
2241,Wallet,ICICI Bank,16,3,2,0,BAD_REQUEST_ERROR,invalid_cvv,invalid,1
4319,Card,Axis Bank,18,2,1,0,BAD_REQUEST_ERROR,otp_timeout,decline,0
959,UPI,Yes Bank,14,1,0,0,BAD_REQUEST_ERROR,otp_timeout,dropoff,0
4210,UPI,Axis Bank,10,4,1,1,BAD_REQUEST_ERROR,invalid_cvv,invalid,1
2379,UPI,HDFC Bank,20,1,0,0,GATEWAY_ERROR,internal_error,timeout,1
363,UPI,HDFC Bank,23,0,0,0,GATEWAY_ERROR,internal_error,timeout,1
837,UPI,ICICI Bank,11,6,1,0,BAD_REQUEST_ERROR,otp_timeout,dropoff,1
532,UPI,SBI,13,0,1,1,BAD_REQUEST_ERROR,user_cancelled,dropoff,1
5398,Wallet,Kotak Mahindra,20,2,0,0,BAD_REQUEST_ERROR,invalid_expiry,invalid,1
6506,Card,Axis Bank,1,1,3,0,GATEWAY_ERROR,internal_error,timeout,1
2345,Card,IDFC First,10,1,0,0,GATEWAY_ERROR,internal_error,timeout,1
240,UPI,Yes Bank,9,6,0,1,GATEWAY_ERROR,issuer_unavailable,timeout,1
1664,UPI,HDFC Bank,2,2,0,1,BAD_REQUEST_ERROR,insufficient_funds,funds,0
586,UPI,IDFC First,14,1,0,0,BAD_REQUEST_ERROR,user_cancelled,dropoff,0
465,Wallet,SBI,10,1,0,1,BAD_REQUEST_ERROR,user_cancelled,dropoff,0
4676,Card,IDFC First,19,1,2,0,GATEWAY_ERROR,issuer_risk_block,risk,0
7392,UPI,ICICI Bank,0,1,0,0,BAD_REQUEST_ERROR,invalid_cvv,invalid,1
1551,Card,ICICI Bank,2,0,0,1,BAD_REQUEST_ERROR,insufficient_funds,funds,1
1787,Card,ICICI Bank,19,2,1,0,GATEWAY_ERROR,internal_error,decline,0
1346,Card,SBI,6,4,0,1,BAD_REQUEST_ERROR,user_cancelled,dropoff,1
2628,UPI,Axis Bank,14,6,0,0,BAD_REQUEST_ERROR,insufficient_funds,funds,0
1969,Card,HDFC Bank,16,1,0,0,BAD_REQUEST_ERROR,user_cancelled,dropoff,0
1714,UPI,IDFC First,15,6,1,1,BAD_REQUEST_ERROR,insufficient_funds,funds,0
712,UPI,SBI,8,0,2,0,GATEWAY_ERROR,internal_error,timeout,1
909,UPI,Kotak Mahindra,0,3,0,1,BAD_REQUEST_ERROR,issuer_general_decline,decline,0
3148,Netbanking,HDFC Bank,20,6,0,0,BAD_REQUEST_ERROR,invalid_expiry,invalid,0
862,Card,Yes Bank,3,0,0,1,BAD_REQUEST_ERROR,insufficient_funds,funds,0
1569,UPI,ICICI Bank,16,1,0,0,BAD_REQUEST_ERROR,invalid_expiry,invalid,1
1211,Wallet,HDFC Bank,19,1,3,1,BAD_REQUEST_ERROR,invalid_expiry,invalid,0
4788,UPI,SBI,2,2,2,0,BAD_REQUEST_ERROR,invalid_cvv,invalid,0
998,Card,IDFC First,9,2,0,0,GATEWAY_ERROR,internal_error,timeout,0
1352,Card,IDFC First,12,5,0,0,GATEWAY_ERROR,issuer_unavailable,timeout,0
673,Card,Kotak Mahindra,16,5,0,0,GATEWAY_ERROR,internal_error,timeout,0
17172,UPI,ICICI Bank,14,2,0,1,BAD_REQUEST_ERROR,otp_timeout,dropoff,1
336,UPI,HDFC Bank,12,1,0,1,BAD_REQUEST_ERROR,issuer_general_decline,decline,0
2168,Card,Axis Bank,12,5,0,1,BAD_REQUEST_ERROR,user_cancelled,dropoff,0
744,Netbanking,HDFC Bank,14,5,1,0,BAD_REQUEST_ERROR,user_cancelled,dropoff,0
959,Card,ICICI Bank,18,0,0,0,BAD_REQUEST_ERROR,issuer_general_decline,decline,1
2636,UPI,HDFC Bank,11,4,0,1,GATEWAY_ERROR,issuer_risk_block,risk,0
1256,UPI,IDFC First,0,4,0,1,BAD_REQUEST_ERROR,insufficient_funds,funds,0
7582,Netbanking,Axis Bank,6,6,3,0,GATEWAY_ERROR,issuer_risk_block,risk,0
357,UPI,ICICI Bank,15,4,1,0,BAD_REQUEST_ERROR,otp_timeout,dropoff,1
1029,UPI,Kotak Mahindra,16,0,1,0,BAD_REQUEST_ERROR,otp_timeout,dropoff,0
6864,Card,HDFC Bank,1,5,0,0,BAD_REQUEST_ERROR,invalid_cvv,invalid,0
450,UPI,ICICI Bank,8,1,0,0,GATEWAY_ERROR,internal_error,timeout,1
2802,Wallet,SBI,11,4,0,0,GATEWAY_ERROR,issuer_unavailable,timeout,1
6122,UPI,Kotak Mahindra,12,5,1,0,BAD_REQUEST_ERROR,issuer_general_decline,decline,0
5338,Card,Kotak Mahindra,20,1,1,0,GATEWAY_ERROR,issuer_risk_block,risk,0
1838,UPI,ICICI Bank,16,4,0,0,BAD_REQUEST_ERROR,insufficient_funds,funds,0
813,Wallet,ICICI Bank,23,6,0,0,BAD_REQUEST_ERROR,issuer_general_decline,decline,1
1678,UPI,IDFC First,1,6,1,1,BAD_REQUEST_ERROR,issuer_general_decline,decline,0
3067,UPI,ICICI Bank,11,5,0,0,BAD_REQUEST_ERROR,insufficient_funds,funds,0
1304,Netbanking,Yes Bank,13,3,0,1,BAD_REQUEST_ERROR,issuer_general_decline,decline,1
926,UPI,HDFC Bank,22,1,1,1,BAD_REQUEST_ERROR,otp_timeout,dropoff,1
1143,Netbanking,Yes Bank,3,5,3,0,GATEWAY_ERROR,issuer_risk_block,risk,0
917,Wallet,ICICI Bank,16,1,0,0,BAD_REQUEST_ERROR,invalid_cvv,invalid,1
179,Card,HDFC Bank,14,2,1,1,GATEWAY_ERROR,issuer_unavailable,timeout,1
1799,UPI,Yes Bank,14,2,1,0,GATEWAY_ERROR,internal_error,timeout,1
155,Card,Axis Bank,20,3,2,1,BAD_REQUEST_ERROR,user_cancelled,dropoff,1
1674,Card,Yes Bank,16,0,2,0,BAD_REQUEST_ERROR,user_cancelled,dropoff,1
20870,UPI,IDFC First,3,1,1,1,GATEWAY_ERROR,internal_error,timeout,0
2505,Card,HDFC Bank,4,4,1,1,GATEWAY_ERROR,internal_error,timeout,1
2491,UPI,HDFC Bank,21,6,3,0,BAD_REQUEST_ERROR,invalid_expiry,invalid,1
3446,Wallet,ICICI Bank,21,6,1,0,BAD_REQUEST_ERROR,invalid_cvv,invalid,1
564,UPI,Yes Bank,2,3,1,0,GATEWAY_ERROR,issuer_risk_block,risk,0
5043,Card,Yes Bank,1,1,1,1,BAD_REQUEST_ERROR,otp_timeout,dropoff,1
478,Card,IDFC First,14,4,1,0,BAD_REQUEST_ERROR,invalid_expiry,invalid,0
2435,UPI,Axis Bank,13,3,0,1,GATEWAY_ERROR,issuer_unavailable,timeout,1
4193,UPI,Yes Bank,7,3,0,0,BAD_REQUEST_ERROR,invalid_expiry,invalid,1
858,UPI,Yes Bank,9,5,0,0,BAD_REQUEST_ERROR,otp_timeout,dropoff,1
4595,UPI,IDFC First,21,2,1,1,BAD_REQUEST_ERROR,invalid_expiry,invalid,0
3798,Card,Kotak Mahindra,11,1,2,1,GATEWAY_ERROR,issuer_risk_block,risk,0
1172,UPI,HDFC Bank,4,4,3,0,BAD_REQUEST_ERROR,issuer_general_decline,decline,0
663,Netbanking,ICICI Bank,11,6,0,0,BAD_REQUEST_ERROR,invalid_cvv,invalid,0
1034,UPI,HDFC Bank,18,0,0,1,BAD_REQUEST_ERROR,issuer_general_decline,decline,0
1122,Card,SBI,14,5,2,1,BAD_REQUEST_ERROR,invalid_expiry,funds,0
1962,Card,Axis Bank,19,6,0,1,GATEWAY_ERROR,internal_error,timeout,1
864,Card,Kotak Mahindra,20,5,0,1,BAD_REQUEST_ERROR,invalid_expiry,invalid,0
869,Card,Axis Bank,19,4,0,1,BAD_REQUEST_ERROR,invalid_expiry,invalid,1
830,Netbanking,IDFC First,13,6,1,0,BAD_REQUEST_ERROR,invalid_expiry,invalid,0
17849,Netbanking,Yes Bank,6,3,0,1,BAD_REQUEST_ERROR,invalid_cvv,invalid,1
2674,UPI,Yes Bank,1,4,0,1,GATEWAY_ERROR,internal_error,invalid,1
1046,UPI,Axis Bank,2,0,0,0,BAD_REQUEST_ERROR,otp_timeout,dropoff,0
2712,Netbanking,Yes Bank,2,0,0,0,GATEWAY_ERROR,issuer_risk_block,risk,0
3655,UPI,IDFC First,1,0,1,1,BAD_REQUEST_ERROR,otp_timeout,dropoff,1
745,UPI,ICICI Bank,17,1,1,0,BAD_REQUEST_ERROR,invalid_expiry,invalid,0
3427,Netbanking,Kotak Mahindra,13,0,0,1,GATEWAY_ERROR,issuer_unavailable,timeout,1
1274,Card,SBI,12,5,0,0,BAD_REQUEST_ERROR,user_cancelled,dropoff,0
2057,UPI,ICICI Bank,7,3,0,0,BAD_REQUEST_ERROR,insufficient_funds,funds,0
13429,UPI,IDFC First,17,5,0,0,BAD_REQUEST_ERROR,otp_timeout,risk,0
35685,UPI,Axis Bank,0,3,0,1,BAD_REQUEST_ERROR,otp_timeout,dropoff,1
6776,UPI,HDFC Bank,23,0,0,0,BAD_REQUEST_ERROR,issuer_general_decline,decline,1
2666,Netbanking,ICICI Bank,8,4,0,0,BAD_REQUEST_ERROR,otp_timeout,risk,0
1299,Wallet,SBI,5,2,0,0,BAD_REQUEST_ERROR,issuer_general_decline,decline,0
829,UPI,SBI,11,5,1,0,GATEWAY_ERROR,internal_error,timeout,1
1224,UPI,IDFC First,7,2,1,0,BAD_REQUEST_ERROR,user_cancelled,invalid,1
1065,Wallet,Kotak Mahindra,16,4,1,0,GATEWAY_ERROR,internal_error,timeout,1
4197,UPI,SBI,17,0,1,1,GATEWAY_ERROR,issuer_unavailable,timeout,1
2130,UPI,IDFC First,13,3,0,0,GATEWAY_ERROR,issuer_risk_block,timeout,1
9442,Card,Axis Bank,14,3,0,0,BAD_REQUEST_ERROR,invalid_expiry,invalid,1
2946,Card,Yes Bank,21,0,0,0,BAD_REQUEST_ERROR,insufficient_funds,funds,0
1025,Netbanking,Yes Bank,13,1,0,1,GATEWAY_ERROR,issuer_unavailable,timeout,1
1110,Card,Yes Bank,9,4,1,0,GATEWAY_ERROR,internal_error,timeout,0
2692,UPI,HDFC Bank,8,3,1,0,BAD_REQUEST_ERROR,otp_timeout,dropoff,0
7511,Netbanking,Yes Bank,13,5,1,0,BAD_REQUEST_ERROR,user_cancelled,dropoff,1
1109,Wallet,ICICI Bank,3,1,3,1,BAD_REQUEST_ERROR,issuer_general_decline,decline,0
14358,Netbanking,Axis Bank,21,6,2,0,GATEWAY_ERROR,issuer_unavailable,timeout,1
6504,UPI,Yes Bank,14,2,0,1,GATEWAY_ERROR,internal_error,timeout,0
6277,Card,Axis Bank,23,2,0,1,GATEWAY_ERROR,internal_error,timeout,0
796,Wallet,Yes Bank,12,6,0,1,BAD_REQUEST_ERROR,issuer_general_decline,decline,1
1330,UPI,Kotak Mahindra,4,4,1,1,GATEWAY_ERROR,issuer_risk_block,invalid,1
3523,Card,IDFC First,23,4,0,0,BAD_REQUEST_ERROR,insufficient_funds,funds,0
2137,Card,IDFC First,4,1,0,1,GATEWAY_ERROR,issuer_risk_block,risk,0
1407,UPI,IDFC First,16,1,1,1,GATEWAY_ERROR,internal_error,risk,0
1227,Netbanking,Yes Bank,23,1,0,0,GATEWAY_ERROR,issuer_unavailable,timeout,1
7103,Wallet,IDFC First,1,5,2,0,BAD_REQUEST_ERROR,insufficient_funds,funds,0
4466,UPI,HDFC Bank,7,2,0,1,BAD_REQUEST_ERROR,user_cancelled,dropoff,1
4524,Card,HDFC Bank,4,3,0,0,BAD_REQUEST_ERROR,otp_timeout,dropoff,0
1537,Card,IDFC First,6,1,0,0,GATEWAY_ERROR,issuer_risk_block,risk,0
2498,UPI,Kotak Mahindra,21,4,0,1,BAD_REQUEST_ERROR,invalid_expiry,invalid,0
1242,UPI,ICICI Bank,15,6,0,0,BAD_REQUEST_ERROR,issuer_general_decline,decline,0
2150,Card,SBI,13,5,0,0,BAD_REQUEST_ERROR,invalid_cvv,invalid,0
18873,Card,Kotak Mahindra,0,5,1,1,BAD_REQUEST_ERROR,invalid_expiry,invalid,1
3039,Card,Yes Bank,2,6,0,0,BAD_REQUEST_ERROR,otp_timeout,dropoff,0
5059,Card,Axis Bank,3,5,1,0,GATEWAY_ERROR,internal_error,risk,0
1972,Card,Axis Bank,22,5,1,0,BAD_REQUEST_ERROR,invalid_cvv,invalid,0
420,Card,Kotak Mahindra,14,4,0,0,BAD_REQUEST_ERROR,invalid_expiry,invalid,1
6023,Card,Yes Bank,21,4,0,0,GATEWAY_ERROR,issuer_unavailable,timeout,0
497,Card,SBI,17,4,0,0,BAD_REQUEST_ERROR,issuer_general_decline,decline,0
17241,Card,IDFC First,3,3,0,0,BAD_REQUEST_ERROR,user_cancelled,dropoff,1
5189,UPI,IDFC First,12,6,0,0,BAD_REQUEST_ERROR,invalid_cvv,invalid,1
3580,Netbanking,Axis Bank,9,2,2,0,GATEWAY_ERROR,issuer_unavailable,timeout,0
3330,Card,Kotak Mahindra,18,6,0,0,BAD_REQUEST_ERROR,otp_timeout,dropoff,1
1930,Netbanking,Yes Bank,12,6,0,0,BAD_REQUEST_ERROR,user_cancelled,dropoff,1
1073,Netbanking,Kotak Mahindra,19,3,2,0,BAD_REQUEST_ERROR,invalid_cvv,invalid,0
3319,Card,IDFC First,21,2,0,0,BAD_REQUEST_ERROR,issuer_general_decline,decline,1
2252,Netbanking,SBI,18,0,1,0,BAD_REQUEST_ERROR,user_cancelled,dropoff,0
263,Card,Axis Bank,21,3,0,0,BAD_REQUEST_ERROR,user_cancelled,dropoff,0
3609,UPI,ICICI Bank,12,0,0,0,BAD_REQUEST_ERROR,user_cancelled,dropoff,1
1087,UPI,ICICI Bank,5,3,0,1,GATEWAY_ERROR,issuer_risk_block,risk,0
830,Card,Axis Bank,19,6,0,0,BAD_REQUEST_ERROR,otp_timeout,dropoff,1
266,Card,Axis Bank,19,5,1,0,BAD_REQUEST_ERROR,invalid_expiry,invalid,0
7774,UPI,SBI,13,3,0,0,BAD_REQUEST_ERROR,issuer_general_decline,decline,1
2146,Netbanking,IDFC First,4,0,2,0,GATEWAY_ERROR,internal_error,timeout,1
565,Card,Kotak Mahindra,23,0,0,0,BAD_REQUEST_ERROR,insufficient_funds,funds,0
3183,UPI,HDFC Bank,15,5,1,0,BAD_REQUEST_ERROR,issuer_general_decline,decline,1
1184,Card,Kotak Mahindra,0,0,0,0,BAD_REQUEST_ERROR,invalid_expiry,invalid,1
2434,Netbanking,IDFC First,7,3,0,1,BAD_REQUEST_ERROR,invalid_cvv,invalid,1
819,Card,ICICI Bank,11,2,0,0,BAD_REQUEST_ERROR,otp_timeout,dropoff,1
6587,Card,IDFC First,9,5,3,0,BAD_REQUEST_ERROR,user_cancelled,dropoff,1
694,Card,Yes Bank,22,6,1,0,BAD_REQUEST_ERROR,user_cancelled,dropoff,1
2114,UPI,ICICI Bank,0,4,2,1,BAD_REQUEST_ERROR,insufficient_funds,funds,0
14218,Card,ICICI Bank,20,5,2,0,BAD_REQUEST_ERROR,user_cancelled,dropoff,0
5847,Card,HDFC Bank,15,5,2,1,GATEWAY_ERROR,internal_error,timeout,0
11226,Card,Yes Bank,22,2,0,0,GATEWAY_ERROR,internal_error,timeout,1
4452,UPI,IDFC First,15,2,1,1,BAD_REQUEST_ERROR,issuer_general_decline,decline,0
1517,UPI,HDFC Bank,19,3,1,1,BAD_REQUEST_ERROR,invalid_cvv,invalid,1
2142,Netbanking,SBI,0,6,2,0,GATEWAY_ERROR,internal_error,timeout,1
1342,Netbanking,Kotak Mahindra,20,0,0,0,BAD_REQUEST_ERROR,user_cancelled,invalid,0
171,Card,HDFC Bank,1,2,3,1,GATEWAY_ERROR,issuer_risk_block,risk,0
193,UPI,Axis Bank,14,2,0,1,GATEWAY_ERROR,internal_error,timeout,1
211,Card,Axis Bank,20,0,0,0,GATEWAY_ERROR,internal_error,timeout,1
3912,Wallet,Yes Bank,10,0,0,0,BAD_REQUEST_ERROR,invalid_cvv,invalid,0
8549,UPI,IDFC First,14,2,0,0,BAD_REQUEST_ERROR,insufficient_funds,dropoff,0
1476,Netbanking,HDFC Bank,8,0,0,0,BAD_REQUEST_ERROR,insufficient_funds,funds,0
1682,Wallet,Axis Bank,13,0,2,1,BAD_REQUEST_ERROR,invalid_expiry,invalid,0
424,UPI,Yes Bank,16,5,1,1,GATEWAY_ERROR,issuer_unavailable,timeout,1
789,Card,IDFC First,4,5,2,0,GATEWAY_ERROR,issuer_risk_block,risk,0
1636,UPI,Yes Bank,8,5,0,0,BAD_REQUEST_ERROR,user_cancelled,dropoff,0
4791,Netbanking,HDFC Bank,10,0,0,0,BAD_REQUEST_ERROR,invalid_expiry,invalid,1
924,UPI,ICICI Bank,23,2,0,0,BAD_REQUEST_ERROR,invalid_expiry,risk,1
9835,Netbanking,HDFC Bank,15,2,0,0,BAD_REQUEST_ERROR,otp_timeout,dropoff,1
17543,UPI,HDFC Bank,12,1,0,0,BAD_REQUEST_ERROR,user_cancelled,dropoff,1
2219,UPI,Kotak Mahindra,21,4,2,0,GATEWAY_ERROR,internal_error,timeout,1
2125,UPI,Kotak Mahindra,14,2,0,0,GATEWAY_ERROR,internal_error,timeout,1
7593,UPI,Kotak Mahindra,7,0,1,1,BAD_REQUEST_ERROR,issuer_general_decline,decline,1
7956,Card,IDFC First,4,5,1,0,BAD_REQUEST_ERROR,user_cancelled,dropoff,1
1514,UPI,IDFC First,13,2,2,0,GATEWAY_ERROR,internal_error,decline,0
6909,Card,SBI,7,3,0,1,BAD_REQUEST_ERROR,invalid_expiry,invalid,1
1378,UPI,Kotak Mahindra,9,0,3,1,GATEWAY_ERROR,issuer_risk_block,risk,0
551,Wallet,ICICI Bank,17,4,0,0,BAD_REQUEST_ERROR,invalid_cvv,invalid,1
1351,Netbanking,Axis Bank,23,0,0,0,GATEWAY_ERROR,issuer_unavailable,risk,1
4148,Netbanking,HDFC Bank,9,3,1,1,GATEWAY_ERROR,issuer_risk_block,risk,0
2118,Wallet,HDFC Bank,3,1,1,0,BAD_REQUEST_ERROR,invalid_cvv,invalid,0
3287,UPI,ICICI Bank,22,1,0,1,BAD_REQUEST_ERROR,insufficient_funds,funds,0
857,UPI,Axis Bank,17,2,0,0,GATEWAY_ERROR,issuer_risk_block,risk,0
4044,UPI,SBI,22,0,0,1,BAD_REQUEST_ERROR,invalid_cvv,invalid,0
1887,UPI,SBI,7,6,2,0,BAD_REQUEST_ERROR,invalid_cvv,invalid,1
1714,UPI,Axis Bank,5,2,0,0,BAD_REQUEST_ERROR,invalid_cvv,invalid,1
4235,Card,HDFC Bank,11,3,1,0,BAD_REQUEST_ERROR,insufficient_funds,risk,0
373,Card,ICICI Bank,3,1,1,0,BAD_REQUEST_ERROR,issuer_general_decline,decline,0
2880,Card,Axis Bank,5,4,0,1,GATEWAY_ERROR,issuer_risk_block,risk,0
8968,Wallet,ICICI Bank,11,2,1,1,GATEWAY_ERROR,issuer_risk_block,risk,0
277,Netbanking,SBI,19,2,1,1,GATEWAY_ERROR,issuer_risk_block,risk,0
4457,UPI,SBI,23,3,0,0,GATEWAY_ERROR,issuer_risk_block,risk,0
7230,Card,Yes Bank,2,4,0,0,BAD_REQUEST_ERROR,invalid_cvv,invalid,0
1051,Wallet,IDFC First,12,6,0,1,GATEWAY_ERROR,internal_error,timeout,1
2204,Card,Axis Bank,18,0,0,0,GATEWAY_ERROR,internal_error,invalid,0
9723,Wallet,HDFC Bank,12,4,0,0,BAD_REQUEST_ERROR,invalid_expiry,timeout,1
4359,Wallet,SBI,8,2,0,0,GATEWAY_ERROR,internal_error,timeout,1
11620,Card,SBI,21,3,0,0,GATEWAY_ERROR,internal_error,decline,1
550,Card,ICICI Bank,7,3,1,0,BAD_REQUEST_ERROR,issuer_general_decline,decline,0
855,UPI,ICICI Bank,5,0,2,1,GATEWAY_ERROR,issuer_risk_block,risk,0
2046,UPI,ICICI Bank,2,5,2,1,GATEWAY_ERROR,issuer_risk_block,risk,0
4980,UPI,ICICI Bank,11,6,0,0,BAD_REQUEST_ERROR,invalid_cvv,invalid,1
1985,UPI,IDFC First,12,6,0,0,BAD_REQUEST_ERROR,user_cancelled,dropoff,1
5417,UPI,HDFC Bank,0,4,0,1,BAD_REQUEST_ERROR,issuer_general_decline,decline,1
2678,Card,Kotak Mahindra,3,6,1,0,BAD_REQUEST_ERROR,insufficient_funds,funds,0
8974,Card,Kotak Mahindra,4,5,0,0,BAD_REQUEST_ERROR,otp_timeout,dropoff,1
2572,UPI,HDFC Bank,14,6,2,1,BAD_REQUEST_ERROR,issuer_general_decline,dropoff,0
5144,Card,Kotak Mahindra,20,4,0,0,BAD_REQUEST_ERROR,otp_timeout,dropoff,1
3110,UPI,IDFC First,4,4,1,0,BAD_REQUEST_ERROR,insufficient_funds,funds,0
3298,UPI,ICICI Bank,3,2,0,0,BAD_REQUEST_ERROR,user_cancelled,dropoff,1
3151,Card,Axis Bank,3,3,1,0,BAD_REQUEST_ERROR,otp_timeout,dropoff,1
9354,Card,SBI,18,0,1,0,GATEWAY_ERROR,issuer_unavailable,timeout,0
1134,UPI,IDFC First,6,3,0,0,BAD_REQUEST_ERROR,user_cancelled,dropoff,1
2392,UPI,SBI,5,3,0,1,BAD_REQUEST_ERROR,invalid_cvv,invalid,0
1923,UPI,Axis Bank,12,4,1,0,BAD_REQUEST_ERROR,insufficient_funds,funds,0
3741,UPI,IDFC First,22,2,0,0,GATEWAY_ERROR,issuer_unavailable,timeout,1
1646,UPI,SBI,22,1,1,0,BAD_REQUEST_ERROR,otp_timeout,dropoff,1
4554,Card,IDFC First,10,6,1,1,BAD_REQUEST_ERROR,invalid_expiry,invalid,0
4175,UPI,IDFC First,0,5,1,0,BAD_REQUEST_ERROR,issuer_general_decline,decline,0
1935,Wallet,ICICI Bank,1,3,0,1,GATEWAY_ERROR,internal_error,timeout,1
2055,UPI,HDFC Bank,4,2,0,0,BAD_REQUEST_ERROR,user_cancelled,dropoff,0
1041,UPI,ICICI Bank,13,3,2,1,GATEWAY_ERROR,issuer_risk_block,risk,0
4672,Card,ICICI Bank,6,5,0,0,BAD_REQUEST_ERROR,insufficient_funds,funds,1
4744,UPI,ICICI Bank,16,6,1,0,BAD_REQUEST_ERROR,insufficient_funds,funds,0
1068,UPI,Kotak Mahindra,17,6,0,1,GATEWAY_ERROR,issuer_risk_block,risk,0
907,UPI,Yes Bank,20,6,1,0,BAD_REQUEST_ERROR,issuer_general_decline,decline,1
42909,UPI,ICICI Bank,9,1,1,1,GATEWAY_ERROR,internal_error,timeout,1
1577,Netbanking,Axis Bank,17,1,3,1,BAD_REQUEST_ERROR,invalid_cvv,decline,1
2519,Card,ICICI Bank,14,2,2,1,GATEWAY_ERROR,issuer_unavailable,timeout,1
1510,Card,Kotak Mahindra,20,4,1,0,BAD_REQUEST_ERROR,otp_timeout,dropoff,0
396,Wallet,HDFC Bank,15,1,2,0,BAD_REQUEST_ERROR,otp_timeout,dropoff,0
1489,Card,ICICI Bank,6,5,1,0,BAD_REQUEST_ERROR,user_cancelled,dropoff,1
1143,UPI,Yes Bank,12,3,0,0,BAD_REQUEST_ERROR,invalid_cvv,invalid,0
584,Netbanking,IDFC First,2,4,0,0,BAD_REQUEST_ERROR,insufficient_funds,funds,0
1015,UPI,HDFC Bank,12,1,1,0,BAD_REQUEST_ERROR,otp_timeout,dropoff,0
1628,UPI,SBI,7,6,0,0,GATEWAY_ERROR,internal_error,timeout,1
2878,UPI,IDFC First,22,5,0,0,BAD_REQUEST_ERROR,user_cancelled,dropoff,1
3350,UPI,Yes Bank,0,0,0,1,BAD_REQUEST_ERROR,otp_timeout,dropoff,0
8858,Card,IDFC First,13,5,1,1,GATEWAY_ERROR,issuer_unavailable,timeout,1
1930,Card,Yes Bank,11,1,2,1,GATEWAY_ERROR,issuer_unavailable,timeout,1
2703,UPI,Yes Bank,18,4,0,1,BAD_REQUEST_ERROR,invalid_cvv,invalid,0
1328,UPI,Kotak Mahindra,17,1,1,0,BAD_REQUEST_ERROR,issuer_general_decline,decline,1
922,UPI,HDFC Bank,4,3,1,1,BAD_REQUEST_ERROR,insufficient_funds,funds,0
14299,UPI,Axis Bank,13,1,1,0,GATEWAY_ERROR,issuer_unavailable,timeout,1
1725,UPI,ICICI Bank,7,1,0,1,BAD_REQUEST_ERROR,otp_timeout,dropoff,1
4488,Wallet,SBI,21,0,3,0,BAD_REQUEST_ERROR,otp_timeout,dropoff,1
3162,Netbanking,Yes Bank,15,6,0,0,BAD_REQUEST_ERROR,invalid_cvv,invalid,0
2478,Wallet,Kotak Mahindra,18,2,0,1,BAD_REQUEST_ERROR,insufficient_funds,funds,0
1739,UPI,Axis Bank,23,2,0,0,BAD_REQUEST_ERROR,invalid_cvv,invalid,1
1009,UPI,SBI,5,6,0,1,BAD_REQUEST_ERROR,invalid_cvv,invalid,1
667,UPI,Axis Bank,5,2,0,0,GATEWAY_ERROR,issuer_risk_block,invalid,0
4601,Card,HDFC Bank,18,5,0,1,GATEWAY_ERROR,internal_error,timeout,1
1797,UPI,SBI,12,0,0,0,BAD_REQUEST_ERROR,invalid_expiry,invalid,0
422,Wallet,Axis Bank,22,6,0,0,BAD_REQUEST_ERROR,user_cancelled,timeout,1
2610,Card,Kotak Mahindra,16,3,2,1,GATEWAY_ERROR,issuer_unavailable,timeout,1
892,UPI,Kotak Mahindra,0,3,1,1,GATEWAY_ERROR,issuer_unavailable,timeout,1
1439,Card,ICICI Bank,21,4,1,0,BAD_REQUEST_ERROR,issuer_general_decline,decline,0
662,Netbanking,IDFC First,14,1,0,1,BAD_REQUEST_ERROR,user_cancelled,dropoff,1
1316,Netbanking,ICICI Bank,10,5,0,0,BAD_REQUEST_ERROR,invalid_expiry,funds,0
3032,UPI,Axis Bank,15,2,1,0,GATEWAY_ERROR,issuer_risk_block,risk,0
4611,Netbanking,ICICI Bank,21,0,0,0,GATEWAY_ERROR,issuer_unavailable,timeout,0
1121,Card,SBI,11,3,0,1,GATEWAY_ERROR,issuer_risk_block,risk,0
1243,UPI,Yes Bank,17,4,1,0,BAD_REQUEST_ERROR,invalid_cvv,invalid,0
1437,Card,IDFC First,4,4,1,0,GATEWAY_ERROR,issuer_unavailable,timeout,0
576,UPI,Kotak Mahindra,19,6,0,0,BAD_REQUEST_ERROR,user_cancelled,dropoff,1
823,UPI,HDFC Bank,6,0,2,0,BAD_REQUEST_ERROR,otp_timeout,dropoff,0
12796,Card,HDFC Bank,10,6,0,1,BAD_REQUEST_ERROR,issuer_general_decline,decline,1
4083,Card,Kotak Mahindra,0,4,0,0,BAD_REQUEST_ERROR,invalid_expiry,invalid,1
1016,Netbanking,ICICI Bank,15,1,0,1,BAD_REQUEST_ERROR,otp_timeout,dropoff,0
1985,UPI,SBI,1,5,0,0,BAD_REQUEST_ERROR,invalid_expiry,invalid,1
586,Card,ICICI Bank,0,0,1,0,BAD_REQUEST_ERROR,user_cancelled,dropoff,1
3567,UPI,SBI,0,1,1,1,GATEWAY_ERROR,issuer_risk_block,risk,0
633,Card,Yes Bank,16,6,2,1,GATEWAY_ERROR,issuer_risk_block,risk,0
1076,UPI,Axis Bank,14,5,1,0,GATEWAY_ERROR,issuer_unavailable,timeout,1
2628,UPI,Kotak Mahindra,8,1,0,0,BAD_REQUEST_ERROR,invalid_expiry,invalid,1
1319,UPI,Axis Bank,9,3,2,0,BAD_REQUEST_ERROR,user_cancelled,dropoff,1
1054,Card,Kotak Mahindra,13,0,0,0,BAD_REQUEST_ERROR,issuer_general_decline,timeout,1
1079,UPI,HDFC Bank,7,3,2,1,GATEWAY_ERROR,issuer_unavailable,timeout,1
3646,UPI,ICICI Bank,5,4,2,1,BAD_REQUEST_ERROR,issuer_general_decline,decline,1
379,UPI,SBI,16,2,0,0,GATEWAY_ERROR,issuer_unavailable,timeout,1
1858,UPI,SBI,0,4,0,0,BAD_REQUEST_ERROR,issuer_general_decline,decline,0
41987,UPI,HDFC Bank,17,1,0,0,GATEWAY_ERROR,issuer_risk_block,risk,0
1561,UPI,Yes Bank,13,5,0,1,GATEWAY_ERROR,internal_error,timeout,0
1746,Card,Yes Bank,5,4,0,0,GATEWAY_ERROR,issuer_unavailable,timeout,1
317,Netbanking,IDFC First,12,1,0,0,BAD_REQUEST_ERROR,issuer_general_decline,decline,1
3986,Card,HDFC Bank,12,3,0,0,BAD_REQUEST_ERROR,invalid_cvv,invalid,1
2281,Card,IDFC First,7,4,0,1,GATEWAY_ERROR,issuer_risk_block,risk,0
840,Netbanking,Yes Bank,20,1,3,1,BAD_REQUEST_ERROR,invalid_expiry,invalid,1
7881,UPI,ICICI Bank,21,5,0,0,BAD_REQUEST_ERROR,invalid_expiry,invalid,1
7041,UPI,SBI,4,4,0,0,BAD_REQUEST_ERROR,issuer_general_decline,decline,1
1022,Wallet,IDFC First,21,2,0,1,BAD_REQUEST_ERROR,insufficient_funds,funds,0
3383,Card,HDFC Bank,13,3,1,0,BAD_REQUEST_ERROR,otp_timeout,dropoff,1
1482,Card,Yes Bank,22,1,2,0,BAD_REQUEST_ERROR,otp_timeout,dropoff,0
758,Card,HDFC Bank,7,2,0,0,BAD_REQUEST_ERROR,insufficient_funds,funds,1
1873,UPI,HDFC Bank,19,0,2,0,GATEWAY_ERROR,issuer_risk_block,risk,0
2911,Card,Yes Bank,12,3,1,1,BAD_REQUEST_ERROR,otp_timeout,dropoff,0
269,UPI,IDFC First,16,2,1,0,BAD_REQUEST_ERROR,issuer_general_decline,decline,0
1720,Card,SBI,21,4,2,0,BAD_REQUEST_ERROR,issuer_general_decline,decline,0
1691,Card,SBI,7,0,2,1,BAD_REQUEST_ERROR,insufficient_funds,funds,0
814,Wallet,HDFC Bank,4,6,0,0,GATEWAY_ERROR,issuer_risk_block,risk,0
2364,Card,IDFC First,9,1,1,1,BAD_REQUEST_ERROR,invalid_cvv,invalid,0
2977,UPI,HDFC Bank,0,2,1,1,BAD_REQUEST_ERROR,otp_timeout,dropoff,0
210,Netbanking,Yes Bank,8,5,2,0,BAD_REQUEST_ERROR,user_cancelled,dropoff,1
1060,UPI,IDFC First,23,3,0,1,BAD_REQUEST_ERROR,invalid_cvv,invalid,0
8350,Card,HDFC Bank,20,5,0,1,BAD_REQUEST_ERROR,user_cancelled,dropoff,1
593,UPI,Axis Bank,21,1,3,0,BAD_REQUEST_ERROR,user_cancelled,dropoff,1
1925,Card,Yes Bank,22,6,1,1,BAD_REQUEST_ERROR,invalid_cvv,invalid,0
4383,Wallet,ICICI Bank,18,3,0,0,GATEWAY_ERROR,issuer_unavailable,timeout,1
2492,UPI,HDFC Bank,15,1,0,0,BAD_REQUEST_ERROR,invalid_expiry,dropoff,1
3622,UPI,Axis Bank,20,1,2,0,GATEWAY_ERROR,internal_error,timeout,1
9295,UPI,SBI,6,5,2,0,BAD_REQUEST_ERROR,invalid_expiry,invalid,0
11008,UPI,Axis Bank,6,5,1,0,GATEWAY_ERROR,internal_error,timeout,1
2553,Card,ICICI Bank,15,4,0,0,BAD_REQUEST_ERROR,invalid_expiry,invalid,0
1477,Card,IDFC First,16,1,1,0,BAD_REQUEST_ERROR,invalid_cvv,invalid,0
2244,UPI,SBI,10,0,0,0,GATEWAY_ERROR,internal_error,timeout,1
645,Card,SBI,20,5,1,1,BAD_REQUEST_ERROR,otp_timeout,dropoff,1
8655,UPI,HDFC Bank,2,1,0,1,BAD_REQUEST_ERROR,user_cancelled,dropoff,0
1326,Netbanking,ICICI Bank,16,5,0,0,BAD_REQUEST_ERROR,user_cancelled,dropoff,1
1649,UPI,IDFC First,13,6,0,0,BAD_REQUEST_ERROR,otp_timeout,dropoff,1
1136,Card,Axis Bank,13,4,0,1,GATEWAY_ERROR,internal_error,timeout,1
370,UPI,HDFC Bank,10,1,0,0,GATEWAY_ERROR,issuer_risk_block,risk,1
679,UPI,ICICI Bank,15,5,0,1,BAD_REQUEST_ERROR,issuer_general_decline,decline,0
961,UPI,HDFC Bank,5,5,1,1,GATEWAY_ERROR,issuer_risk_block,risk,0
682,Card,IDFC First,18,3,0,0,GATEWAY_ERROR,issuer_risk_block,risk,0
1631,Netbanking,IDFC First,22,4,0,0,GATEWAY_ERROR,issuer_unavailable,timeout,0
10697,UPI,HDFC Bank,16,0,1,1,BAD_REQUEST_ERROR,insufficient_funds,risk,0
309,Netbanking,ICICI Bank,21,5,2,0,GATEWAY_ERROR,internal_error,timeout,1
2113,Card,Kotak Mahindra,18,0,2,1,GATEWAY_ERROR,issuer_unavailable,timeout,1
2933,Netbanking,HDFC Bank,21,6,0,1,BAD_REQUEST_ERROR,invalid_expiry,invalid,1
2464,Card,HDFC Bank,5,4,0,1,BAD_REQUEST_ERROR,issuer_general_decline,decline,1
1307,Netbanking,IDFC First,2,2,1,0,BAD_REQUEST_ERROR,invalid_expiry,invalid,1
2620,Card,Axis Bank,23,4,0,0,BAD_REQUEST_ERROR,invalid_expiry,invalid,1
4080,Wallet,ICICI Bank,23,1,0,1,GATEWAY_ERROR,internal_error,timeout,1
1349,Netbanking,HDFC Bank,7,3,1,1,BAD_REQUEST_ERROR,invalid_cvv,invalid,1
2983,UPI,Axis Bank,13,3,1,1,BAD_REQUEST_ERROR,otp_timeout,dropoff,1
594,UPI,Yes Bank,11,1,1,1,GATEWAY_ERROR,internal_error,timeout,1
4796,UPI,Yes Bank,9,6,1,0,GATEWAY_ERROR,issuer_unavailable,timeout,1
4106,Card,IDFC First,2,2,2,1,BAD_REQUEST_ERROR,invalid_cvv,invalid,1
1611,UPI,ICICI Bank,0,2,2,1,GATEWAY_ERROR,issuer_risk_block,risk,0
1782,UPI,Axis Bank,20,3,0,0,BAD_REQUEST_ERROR,invalid_expiry,invalid,1
1362,Card,Yes Bank,0,0,1,0,BAD_REQUEST_ERROR,otp_timeout,dropoff,0
540,UPI,ICICI Bank,10,3,2,1,BAD_REQUEST_ERROR,user_cancelled,dropoff,1
387,Netbanking,Kotak Mahindra,20,1,0,0,GATEWAY_ERROR,internal_error,timeout,1
2687,Wallet,IDFC First,2,6,0,1,BAD_REQUEST_ERROR,invalid_expiry,invalid,1
979,Netbanking,SBI,1,5,2,0,BAD_REQUEST_ERROR,issuer_general_decline,decline,0
4490,Card,IDFC First,0,1,0,0,BAD_REQUEST_ERROR,otp_timeout,dropoff,0
2685,UPI,HDFC Bank,7,0,0,1,BAD_REQUEST_ERROR,invalid_cvv,invalid,1
465,Card,IDFC First,22,4,0,1,BAD_REQUEST_ERROR,invalid_expiry,invalid,0
10438,Card,Axis Bank,14,3,0,0,BAD_REQUEST_ERROR,user_cancelled,dropoff,0
5147,Wallet,HDFC Bank,9,1,0,1,BAD_REQUEST_ERROR,invalid_cvv,decline,0
1239,Card,ICICI Bank,7,3,0,0,BAD_REQUEST_ERROR,invalid_cvv,invalid,0
15349,Card,SBI,19,2,3,0,BAD_REQUEST_ERROR,invalid_expiry,invalid,1
679,Wallet,Axis Bank,20,0,0,0,GATEWAY_ERROR,issuer_risk_block,risk,0
6210,UPI,ICICI Bank,16,4,1,1,BAD_REQUEST_ERROR,insufficient_funds,funds,0
2902,Card,SBI,20,0,1,0,GATEWAY_ERROR,issuer_risk_block,risk,0
2278,Card,HDFC Bank,0,2,1,1,GATEWAY_ERROR,issuer_unavailable,timeout,1
2690,Card,Axis Bank,0,6,0,0,GATEWAY_ERROR,issuer_unavailable,timeout,1
12525,UPI,Axis Bank,13,1,0,1,BAD_REQUEST_ERROR,invalid_cvv,invalid,1
1895,Card,SBI,14,4,0,0,GATEWAY_ERROR,issuer_unavailable,dropoff,1
205,Netbanking,SBI,5,6,0,1,BAD_REQUEST_ERROR,invalid_cvv,invalid,1
1828,Netbanking,Kotak Mahindra,21,6,0,1,BAD_REQUEST_ERROR,invalid_cvv,invalid,1
2939,UPI,IDFC First,5,2,0,0,BAD_REQUEST_ERROR,user_cancelled,dropoff,1
1023,Card,IDFC First,8,2,0,1,GATEWAY_ERROR,issuer_risk_block,risk,0
585,Netbanking,Kotak Mahindra,8,3,0,0,GATEWAY_ERROR,issuer_risk_block,risk,0
2990,UPI,IDFC First,23,4,0,1,GATEWAY_ERROR,issuer_unavailable,risk,0
1512,UPI,HDFC Bank,10,0,0,0,BAD_REQUEST_ERROR,issuer_general_decline,invalid,1
4325,UPI,Yes Bank,16,2,0,0,GATEWAY_ERROR,issuer_unavailable,timeout,1
2056,Card,HDFC Bank,1,0,0,0,GATEWAY_ERROR,issuer_unavailable,timeout,1
13283,Netbanking,HDFC Bank,11,2,0,0,GATEWAY_ERROR,issuer_risk_block,risk,0
3017,Wallet,SBI,16,1,0,0,GATEWAY_ERROR,internal_error,timeout,1
1219,Card,Yes Bank,4,4,0,1,BAD_REQUEST_ERROR,invalid_expiry,invalid,0
831,UPI,Axis Bank,10,3,0,1,BAD_REQUEST_ERROR,invalid_expiry,invalid,1
542,UPI,IDFC First,10,5,0,0,BAD_REQUEST_ERROR,invalid_expiry,invalid,1
833,Card,IDFC First,9,3,0,0,BAD_REQUEST_ERROR,issuer_general_decline,decline,0
6431,Netbanking,Axis Bank,2,6,0,0,BAD_REQUEST_ERROR,issuer_general_decline,decline,1
192,Card,SBI,3,4,0,1,BAD_REQUEST_ERROR,user_cancelled,dropoff,0
2371,UPI,Axis Bank,18,0,0,1,BAD_REQUEST_ERROR,insufficient_funds,funds,0
727,Card,IDFC First,2,0,0,1,BAD_REQUEST_ERROR,issuer_general_decline,decline,0
426,Netbanking,Kotak Mahindra,1,5,2,0,BAD_REQUEST_ERROR,insufficient_funds,funds,0
4090,Wallet,HDFC Bank,14,6,0,1,BAD_REQUEST_ERROR,otp_timeout,dropoff,1
2540,UPI,Yes Bank,7,2,1,1,GATEWAY_ERROR,issuer_risk_block,risk,0
4016,Card,IDFC First,15,6,0,0,BAD_REQUEST_ERROR,insufficient_funds,funds,0
1046,UPI,HDFC Bank,5,0,0,0,BAD_REQUEST_ERROR,insufficient_funds,funds,1
4061,UPI,Kotak Mahindra,2,6,1,0,GATEWAY_ERROR,issuer_risk_block,risk,0
699,Wallet,Axis Bank,16,4,0,0,GATEWAY_ERROR,issuer_risk_block,risk,0
3228,Netbanking,HDFC Bank,22,2,1,1,BAD_REQUEST_ERROR,issuer_general_decline,decline,0
2738,Netbanking,Yes Bank,14,1,1,0,BAD_REQUEST_ERROR,issuer_general_decline,decline,1
287,UPI,Axis Bank,5,4,2,1,BAD_REQUEST_ERROR,issuer_general_decline,decline,1
1800,Card,ICICI Bank,13,5,1,0,BAD_REQUEST_ERROR,invalid_cvv,invalid,0
14383,UPI,ICICI Bank,8,0,1,1,GATEWAY_ERROR,issuer_unavailable,timeout,1
1779,Card,ICICI Bank,14,3,0,1,BAD_REQUEST_ERROR,otp_timeout,dropoff,0
7169,Card,ICICI Bank,17,2,1,1,BAD_REQUEST_ERROR,issuer_general_decline,decline,0
2527,Card,Kotak Mahindra,1,2,1,1,BAD_REQUEST_ERROR,otp_timeout,dropoff,0
2269,Netbanking,Axis Bank,0,3,0,0,GATEWAY_ERROR,internal_error,timeout,1
3373,Netbanking,IDFC First,10,4,0,0,BAD_REQUEST_ERROR,invalid_cvv,invalid,0
1786,UPI,HDFC Bank,5,3,2,0,BAD_REQUEST_ERROR,invalid_cvv,invalid,1
458,UPI,Yes Bank,13,1,2,0,BAD_REQUEST_ERROR,insufficient_funds,risk,0
1726,UPI,SBI,7,3,1,1,GATEWAY_ERROR,issuer_risk_block,risk,0
1832,Card,SBI,23,4,0,0,BAD_REQUEST_ERROR,invalid_expiry,invalid,1
2021,UPI,Axis Bank,0,3,0,0,BAD_REQUEST_ERROR,issuer_general_decline,decline,1
668,UPI,Yes Bank,21,6,0,1,BAD_REQUEST_ERROR,issuer_general_decline,decline,0
1165,UPI,ICICI Bank,18,1,0,0,BAD_REQUEST_ERROR,otp_timeout,dropoff,0
1563,UPI,Yes Bank,5,5,0,0,BAD_REQUEST_ERROR,otp_timeout,dropoff,0
1223,UPI,IDFC First,3,0,0,1,GATEWAY_ERROR,issuer_unavailable,timeout,0
3616,Card,Kotak Mahindra,16,2,0,0,BAD_REQUEST_ERROR,invalid_cvv,invalid,1
3096,UPI,Kotak Mahindra,21,4,0,0,BAD_REQUEST_ERROR,otp_timeout,dropoff,1
1848,UPI,IDFC First,0,3,0,1,GATEWAY_ERROR,internal_error,timeout,1
1696,Card,HDFC Bank,9,5,1,0,BAD_REQUEST_ERROR,insufficient_funds,funds,1
520,UPI,IDFC First,7,6,1,0,GATEWAY_ERROR,issuer_unavailable,timeout,1
5340,UPI,HDFC Bank,22,2,1,0,BAD_REQUEST_ERROR,issuer_general_decline,decline,1
5052,UPI,HDFC Bank,6,0,1,0,BAD_REQUEST_ERROR,insufficient_funds,funds,0
1524,UPI,HDFC Bank,16,6,3,1,BAD_REQUEST_ERROR,otp_timeout,dropoff,0
3714,UPI,HDFC Bank,9,4,0,1,BAD_REQUEST_ERROR,invalid_cvv,invalid,0
1082,Wallet,HDFC Bank,12,2,1,1,BAD_REQUEST_ERROR,invalid_expiry,invalid,0
2242,Card,ICICI Bank,20,6,1,0,GATEWAY_ERROR,issuer_risk_block,risk,0
3408,UPI,HDFC Bank,12,3,0,1,BAD_REQUEST_ERROR,user_cancelled,dropoff,1
5414,Card,HDFC Bank,11,5,1,0,GATEWAY_ERROR,issuer_risk_block,invalid,0
265,UPI,SBI,6,3,1,0,BAD_REQUEST_ERROR,invalid_expiry,dropoff,1
20468,UPI,ICICI Bank,9,0,2,0,BAD_REQUEST_ERROR,invalid_cvv,invalid,0
1712,Card,IDFC First,4,4,2,0,GATEWAY_ERROR,internal_error,timeout,0
2257,UPI,ICICI Bank,10,2,0,0,GATEWAY_ERROR,issuer_unavailable,timeout,1
5294,Wallet,Kotak Mahindra,13,1,1,1,BAD_REQUEST_ERROR,invalid_cvv,invalid,1
704,UPI,HDFC Bank,7,5,2,0,BAD_REQUEST_ERROR,insufficient_funds,funds,1
5147,Netbanking,HDFC Bank,12,6,0,0,GATEWAY_ERROR,issuer_risk_block,risk,0
5963,Card,Yes Bank,15,0,0,0,BAD_REQUEST_ERROR,invalid_cvv,invalid,1
3224,Card,Yes Bank,12,1,0,0,BAD_REQUEST_ERROR,invalid_expiry,invalid,0
3573,UPI,ICICI Bank,21,1,2,0,GATEWAY_ERROR,issuer_unavailable,timeout,1
454,UPI,SBI,2,0,0,1,BAD_REQUEST_ERROR,otp_timeout,dropoff,1
922,Card,HDFC Bank,14,3,0,0,BAD_REQUEST_ERROR,issuer_general_decline,decline,1
2303,UPI,Kotak Mahindra,23,6,0,0,GATEWAY_ERROR,issuer_unavailable,timeout,1
369,UPI,Kotak Mahindra,13,2,0,0,GATEWAY_ERROR,issuer_risk_block,risk,1
1980,Netbanking,SBI,13,2,1,0,BAD_REQUEST_ERROR,invalid_expiry,invalid,1
2337,UPI,ICICI Bank,9,4,0,0,BAD_REQUEST_ERROR,invalid_cvv,risk,0
603,UPI,Yes Bank,23,0,3,1,BAD_REQUEST_ERROR,insufficient_funds,funds,0
1376,UPI,HDFC Bank,5,4,0,0,BAD_REQUEST_ERROR,invalid_cvv,invalid,0
3815,Card,IDFC First,23,0,1,0,BAD_REQUEST_ERROR,otp_timeout,dropoff,0
6714,Card,Kotak Mahindra,14,4,0,0,BAD_REQUEST_ERROR,invalid_expiry,invalid,1
9534,Wallet,SBI,18,1,2,1,BAD_REQUEST_ERROR,invalid_expiry,invalid,0
1187,UPI,IDFC First,14,5,0,1,BAD_REQUEST_ERROR,invalid_expiry,invalid,0
2807,Netbanking,Yes Bank,19,4,2,1,GATEWAY_ERROR,issuer_risk_block,risk,0
2747,Wallet,ICICI Bank,12,3,2,0,BAD_REQUEST_ERROR,invalid_expiry,invalid,0
751,Wallet,HDFC Bank,4,5,1,1,GATEWAY_ERROR,internal_error,timeout,1
2330,Wallet,HDFC Bank,17,4,1,0,BAD_REQUEST_ERROR,issuer_general_decline,decline,1
1609,UPI,Axis Bank,19,2,0,0,GATEWAY_ERROR,issuer_unavailable,timeout,1
1607,UPI,Yes Bank,9,5,0,1,BAD_REQUEST_ERROR,user_cancelled,dropoff,0
1384,UPI,Yes Bank,21,4,1,1,BAD_REQUEST_ERROR,invalid_cvv,invalid,0
273,Netbanking,IDFC First,6,6,1,1,BAD_REQUEST_ERROR,issuer_general_decline,decline,1
228,Wallet,IDFC First,9,1,1,0,GATEWAY_ERROR,internal_error,timeout,0
1030,UPI,Yes Bank,8,2,1,0,BAD_REQUEST_ERROR,insufficient_funds,funds,1
1895,Card,IDFC First,10,6,1,0,BAD_REQUEST_ERROR,issuer_general_decline,decline,0
2805,UPI,Kotak Mahindra,9,2,0,0,BAD_REQUEST_ERROR,invalid_cvv,invalid,1
2710,Card,Axis Bank,8,2,0,1,BAD_REQUEST_ERROR,user_cancelled,dropoff,1
2410,Card,Axis Bank,22,0,2,0,BAD_REQUEST_ERROR,user_cancelled,dropoff,1
812,UPI,SBI,14,3,1,0,BAD_REQUEST_ERROR,otp_timeout,dropoff,1
844,UPI,HDFC Bank,21,5,0,1,BAD_REQUEST_ERROR,invalid_cvv,invalid,1
2535,UPI,ICICI Bank,23,0,2,0,BAD_REQUEST_ERROR,insufficient_funds,funds,1
3407,Wallet,SBI,16,1,0,0,BAD_REQUEST_ERROR,user_cancelled,dropoff,0
145,UPI,HDFC Bank,16,0,1,0,BAD_REQUEST_ERROR,invalid_cvv,decline,0
1027,Card,Yes Bank,14,2,0,1,BAD_REQUEST_ERROR,user_cancelled,dropoff,0
380,Card,Kotak Mahindra,8,4,2,0,BAD_REQUEST_ERROR,invalid_expiry,invalid,1
1473,Card,Yes Bank,11,4,0,1,BAD_REQUEST_ERROR,insufficient_funds,funds,0
6865,UPI,IDFC First,10,0,1,1,BAD_REQUEST_ERROR,insufficient_funds,funds,0
2013,Netbanking,ICICI Bank,12,4,1,0,BAD_REQUEST_ERROR,invalid_expiry,invalid,0
2468,Card,Yes Bank,22,1,0,0,BAD_REQUEST_ERROR,otp_timeout,dropoff,1
8613,UPI,HDFC Bank,18,3,0,0,BAD_REQUEST_ERROR,invalid_cvv,invalid,0
3789,UPI,Yes Bank,23,2,0,0,GATEWAY_ERROR,issuer_risk_block,timeout,1
1352,Card,Axis Bank,4,2,0,0,BAD_REQUEST_ERROR,issuer_general_decline,decline,0
523,UPI,Yes Bank,19,2,0,0,BAD_REQUEST_ERROR,insufficient_funds,funds,0
11677,Netbanking,IDFC First,16,5,2,0,BAD_REQUEST_ERROR,insufficient_funds,funds,0
5338,Card,HDFC Bank,1,6,0,1,BAD_REQUEST_ERROR,invalid_cvv,invalid,1
3305,Card,HDFC Bank,23,4,2,0,BAD_REQUEST_ERROR,issuer_general_decline,decline,0
1210,Netbanking,Kotak Mahindra,12,2,0,0,BAD_REQUEST_ERROR,invalid_expiry,invalid,1
772,Card,Axis Bank,13,2,2,0,GATEWAY_ERROR,internal_error,timeout,1
1646,Card,Axis Bank,2,6,1,0,GATEWAY_ERROR,internal_error,timeout,0
3043,Card,Kotak Mahindra,7,0,0,1,GATEWAY_ERROR,internal_error,timeout,1
916,UPI,SBI,22,0,2,0,BAD_REQUEST_ERROR,otp_timeout,dropoff,0
505,Card,ICICI Bank,17,4,0,0,BAD_REQUEST_ERROR,user_cancelled,dropoff,1
1335,UPI,IDFC First,12,1,0,1,GATEWAY_ERROR,internal_error,timeout,1
945,Card,IDFC First,6,6,0,1,GATEWAY_ERROR,internal_error,timeout,0
1513,Card,SBI,21,4,1,0,BAD_REQUEST_ERROR,issuer_general_decline,decline,1
3133,Card,Kotak Mahindra,18,3,0,0,GATEWAY_ERROR,internal_error,timeout,1
578,Card,IDFC First,6,2,2,0,BAD_REQUEST_ERROR,insufficient_funds,funds,0
913,UPI,Axis Bank,16,6,0,1,BAD_REQUEST_ERROR,issuer_general_decline,decline,0
1054,UPI,SBI,8,4,2,0,GATEWAY_ERROR,issuer_unavailable,timeout,1
4569,Wallet,IDFC First,5,6,1,0,BAD_REQUEST_ERROR,insufficient_funds,funds,0
3994,UPI,IDFC First,10,0,0,1,GATEWAY_ERROR,internal_error,timeout,1
557,Card,ICICI Bank,23,1,0,0,BAD_REQUEST_ERROR,user_cancelled,dropoff,1
4977,UPI,Axis Bank,7,5,2,0,BAD_REQUEST_ERROR,user_cancelled,dropoff,0
15256,Card,Axis Bank,7,2,0,1,BAD_REQUEST_ERROR,invalid_expiry,invalid,1
22536,Card,SBI,17,0,0,1,BAD_REQUEST_ERROR,invalid_cvv,invalid,0
2632,UPI,SBI,13,0,3,0,BAD_REQUEST_ERROR,invalid_expiry,invalid,0
804,Card,Axis Bank,10,2,2,1,BAD_REQUEST_ERROR,user_cancelled,dropoff,1
3880,Card,IDFC First,14,2,0,0,GATEWAY_ERROR,issuer_unavailable,timeout,1
7014,UPI,SBI,17,2,3,0,GATEWAY_ERROR,internal_error,timeout,1
1063,Wallet,Axis Bank,0,2,0,0,BAD_REQUEST_ERROR,issuer_general_decline,decline,1
2292,Card,Yes Bank,14,5,0,0,GATEWAY_ERROR,issuer_unavailable,timeout,1
3261,UPI,ICICI Bank,7,2,0,1,BAD_REQUEST_ERROR,issuer_general_decline,decline,1
1744,Card,ICICI Bank,15,3,2,0,BAD_REQUEST_ERROR,user_cancelled,dropoff,1
1276,UPI,ICICI Bank,23,3,0,0,BAD_REQUEST_ERROR,insufficient_funds,funds,0
7623,Netbanking,Yes Bank,3,4,0,0,BAD_REQUEST_ERROR,invalid_cvv,invalid,0
6153,Netbanking,IDFC First,15,2,0,0,GATEWAY_ERROR,issuer_risk_block,risk,0
678,Card,Kotak Mahindra,12,2,0,0,BAD_REQUEST_ERROR,otp_timeout,dropoff,1
5413,Card,Axis Bank,19,5,0,0,BAD_REQUEST_ERROR,otp_timeout,dropoff,1
1435,Netbanking,ICICI Bank,10,3,0,0,BAD_REQUEST_ERROR,issuer_general_decline,decline,0
213,Netbanking,Axis Bank,16,6,2,0,BAD_REQUEST_ERROR,invalid_expiry,invalid,0
1034,UPI,SBI,7,1,1,0,BAD_REQUEST_ERROR,insufficient_funds,funds,0
10138,UPI,HDFC Bank,21,1,0,0,GATEWAY_ERROR,internal_error,timeout,1
3798,Card,Yes Bank,23,5,1,1,BAD_REQUEST_ERROR,user_cancelled,dropoff,0
1530,Wallet,ICICI Bank,7,6,0,0,BAD_REQUEST_ERROR,invalid_cvv,invalid,0
3910,UPI,ICICI Bank,18,5,0,0,BAD_REQUEST_ERROR,invalid_cvv,invalid,0
1791,Card,ICICI Bank,1,0,1,0,BAD_REQUEST_ERROR,insufficient_funds,funds,0
3113,Wallet,SBI,12,2,0,1,BAD_REQUEST_ERROR,invalid_expiry,invalid,1
3279,Netbanking,IDFC First,6,3,0,1,BAD_REQUEST_ERROR,otp_timeout,dropoff,1
482,Card,Axis Bank,2,0,2,0,GATEWAY_ERROR,issuer_unavailable,timeout,1
3357,Wallet,IDFC First,3,2,0,1,BAD_REQUEST_ERROR,otp_timeout,dropoff,1
5136,UPI,IDFC First,14,5,0,0,GATEWAY_ERROR,internal_error,timeout,1
13303,UPI,Yes Bank,12,6,1,0,BAD_REQUEST_ERROR,issuer_general_decline,decline,0
7850,UPI,IDFC First,0,5,0,1,BAD_REQUEST_ERROR,user_cancelled,dropoff,1
2265,Card,SBI,10,5,1,0,BAD_REQUEST_ERROR,invalid_cvv,invalid,0
734,Wallet,Kotak Mahindra,9,1,0,0,BAD_REQUEST_ERROR,otp_timeout,dropoff,0
1424,UPI,HDFC Bank,1,6,2,1,BAD_REQUEST_ERROR,invalid_cvv,invalid,0
1169,Card,HDFC Bank,3,6,2,0,BAD_REQUEST_ERROR,insufficient_funds,funds,0
5505,UPI,Kotak Mahindra,18,6,0,0,BAD_REQUEST_ERROR,issuer_general_decline,timeout,1
5620,UPI,Yes Bank,23,0,2,1,BAD_REQUEST_ERROR,otp_timeout,dropoff,1
1732,Card,Kotak Mahindra,17,4,0,0,BAD_REQUEST_ERROR,insufficient_funds,funds,0
1115,Card,IDFC First,19,3,1,0,BAD_REQUEST_ERROR,issuer_general_decline,decline,0
578,Card,IDFC First,23,0,1,0,BAD_REQUEST_ERROR,user_cancelled,dropoff,0
6272,Card,HDFC Bank,10,3,1,1,GATEWAY_ERROR,issuer_risk_block,risk,0
6271,Card,Kotak Mahindra,20,2,0,0,BAD_REQUEST_ERROR,insufficient_funds,funds,0
949,Card,HDFC Bank,23,0,0,0,BAD_REQUEST_ERROR,user_cancelled,dropoff,1
1434,UPI,HDFC Bank,1,6,0,0,GATEWAY_ERROR,internal_error,timeout,1
423,UPI,IDFC First,17,6,2,0,BAD_REQUEST_ERROR,user_cancelled,dropoff,1
2032,UPI,Axis Bank,14,4,1,0,GATEWAY_ERROR,issuer_unavailable,timeout,0
3493,Wallet,Kotak Mahindra,6,2,0,1,BAD_REQUEST_ERROR,issuer_general_decline,decline,0
12287,Wallet,Axis Bank,0,6,0,1,BAD_REQUEST_ERROR,otp_timeout,dropoff,1
4427,Card,ICICI Bank,9,3,0,0,BAD_REQUEST_ERROR,otp_timeout,dropoff,1
668,UPI,Yes Bank,8,6,1,0,BAD_REQUEST_ERROR,invalid_cvv,invalid,0
5893,UPI,Axis Bank,2,0,0,1,BAD_REQUEST_ERROR,user_cancelled,dropoff,1
1341,UPI,Axis Bank,3,0,2,0,BAD_REQUEST_ERROR,invalid_expiry,timeout,1
627,Netbanking,HDFC Bank,2,2,1,1,GATEWAY_ERROR,issuer_risk_block,risk,0
3054,Wallet,Kotak Mahindra,6,3,0,0,GATEWAY_ERROR,issuer_unavailable,timeout,1
336,Card,Yes Bank,1,3,0,0,BAD_REQUEST_ERROR,issuer_general_decline,decline,0
913,UPI,IDFC First,1,3,2,0,BAD_REQUEST_ERROR,issuer_general_decline,decline,0
908,Card,Axis Bank,21,4,0,0,GATEWAY_ERROR,issuer_risk_block,risk,0
4917,UPI,Axis Bank,10,6,0,1,GATEWAY_ERROR,issuer_unavailable,decline,0
718,Card,SBI,3,0,0,0,BAD_REQUEST_ERROR,invalid_cvv,invalid,0
136,Card,Kotak Mahindra,9,1,1,0,BAD_REQUEST_ERROR,issuer_general_decline,decline,0
2576,UPI,Kotak Mahindra,16,1,0,1,BAD_REQUEST_ERROR,otp_timeout,dropoff,0
554,UPI,HDFC Bank,15,5,0,0,BAD_REQUEST_ERROR,user_cancelled,dropoff,1
1321,Netbanking,Kotak Mahindra,8,1,0,0,GATEWAY_ERROR,internal_error,timeout,1
1593,UPI,Axis Bank,6,5,0,1,BAD_REQUEST_ERROR,insufficient_funds,funds,1
10594,Card,HDFC Bank,14,5,0,0,BAD_REQUEST_ERROR,user_cancelled,dropoff,0
1669,Wallet,HDFC Bank,8,6,0,0,BAD_REQUEST_ERROR,insufficient_funds,funds,0
6969,UPI,HDFC Bank,6,2,3,0,GATEWAY_ERROR,issuer_risk_block,risk,0
569,Netbanking,Axis Bank,16,1,1,0,GATEWAY_ERROR,issuer_risk_block,risk,0
351,Card,HDFC Bank,0,3,1,0,BAD_REQUEST_ERROR,otp_timeout,dropoff,0
802,UPI,Kotak Mahindra,2,2,1,0,GATEWAY_ERROR,issuer_unavailable,timeout,1
2591,UPI,HDFC Bank,18,0,0,1,GATEWAY_ERROR,issuer_unavailable,timeout,1
1178,Wallet,SBI,8,0,1,0,BAD_REQUEST_ERROR,issuer_general_decline,decline,0
3820,UPI,Yes Bank,20,4,2,0,BAD_REQUEST_ERROR,otp_timeout,dropoff,1
208,Card,Kotak Mahindra,15,5,0,0,BAD_REQUEST_ERROR,invalid_cvv,invalid,1
10222,Card,IDFC First,8,1,1,0,BAD_REQUEST_ERROR,issuer_general_decline,decline,0
1994,Card,Axis Bank,21,6,0,0,BAD_REQUEST_ERROR,insufficient_funds,funds,0
1338,Card,HDFC Bank,10,3,1,0,GATEWAY_ERROR,issuer_unavailable,timeout,1
1919,UPI,Kotak Mahindra,5,3,2,0,GATEWAY_ERROR,issuer_risk_block,dropoff,1
293,Card,Yes Bank,19,4,3,1,GATEWAY_ERROR,issuer_unavailable,timeout,0
2258,Netbanking,Kotak Mahindra,19,1,1,0,GATEWAY_ERROR,issuer_unavailable,timeout,1
423,UPI,Yes Bank,15,4,1,1,BAD_REQUEST_ERROR,invalid_cvv,invalid,0
2000,Card,Kotak Mahindra,1,4,0,1,BAD_REQUEST_ERROR,invalid_cvv,invalid,0
2225,Card,SBI,15,4,1,0,BAD_REQUEST_ERROR,otp_timeout,dropoff,1
1102,Card,SBI,3,0,0,0,BAD_REQUEST_ERROR,user_cancelled,dropoff,1
5892,Card,Yes Bank,19,3,0,0,GATEWAY_ERROR,issuer_risk_block,risk,0
947,Card,IDFC First,17,3,0,0,BAD_REQUEST_ERROR,invalid_expiry,invalid,0
4935,Netbanking,ICICI Bank,8,5,1,0,BAD_REQUEST_ERROR,invalid_expiry,invalid,0
3322,Card,IDFC First,17,6,0,0,GATEWAY_ERROR,issuer_unavailable,timeout,1
3251,UPI,Axis Bank,9,3,0,0,BAD_REQUEST_ERROR,user_cancelled,dropoff,1
1484,UPI,Yes Bank,19,1,2,0,BAD_REQUEST_ERROR,otp_timeout,dropoff,1
1124,UPI,Axis Bank,19,0,2,0,BAD_REQUEST_ERROR,insufficient_funds,funds,0
709,Wallet,Yes Bank,22,0,3,0,GATEWAY_ERROR,internal_error,timeout,0
1183,Card,HDFC Bank,8,0,0,0,BAD_REQUEST_ERROR,user_cancelled,funds,0
616,Card,Yes Bank,16,3,0,1,BAD_REQUEST_ERROR,user_cancelled,dropoff,0
3341,Netbanking,SBI,2,5,1,1,BAD_REQUEST_ERROR,issuer_general_decline,decline,1
4470,Netbanking,Axis Bank,20,0,0,0,BAD_REQUEST_ERROR,invalid_cvv,invalid,1
1717,UPI,ICICI Bank,9,0,0,0,GATEWAY_ERROR,issuer_unavailable,timeout,1
1273,UPI,IDFC First,18,4,1,0,BAD_REQUEST_ERROR,insufficient_funds,funds,0
1091,Card,Kotak Mahindra,18,4,2,0,BAD_REQUEST_ERROR,insufficient_funds,funds,0
3171,Card,ICICI Bank,19,4,0,1,GATEWAY_ERROR,issuer_risk_block,risk,0
871,Netbanking,Axis Bank,14,2,0,0,BAD_REQUEST_ERROR,otp_timeout,dropoff,1
690,Wallet,Yes Bank,10,3,0,1,GATEWAY_ERROR,issuer_unavailable,timeout,0
689,Netbanking,IDFC First,15,5,2,0,BAD_REQUEST_ERROR,insufficient_funds,funds,0
1369,UPI,Axis Bank,2,1,0,0,BAD_REQUEST_ERROR,invalid_cvv,invalid,1
1183,UPI,HDFC Bank,11,6,0,0,BAD_REQUEST_ERROR,insufficient_funds,funds,1
1633,UPI,Yes Bank,22,2,1,0,BAD_REQUEST_ERROR,invalid_expiry,invalid,1
224,Card,Kotak Mahindra,19,3,0,0,BAD_REQUEST_ERROR,invalid_expiry,invalid,0
379,UPI,Axis Bank,12,1,0,1,BAD_REQUEST_ERROR,insufficient_funds,funds,1
1072,UPI,Axis Bank,17,6,2,0,BAD_REQUEST_ERROR,issuer_general_decline,decline,0
4379,UPI,Kotak Mahindra,3,6,0,1,BAD_REQUEST_ERROR,issuer_general_decline,decline,0
8765,UPI,IDFC First,22,0,1,0,BAD_REQUEST_ERROR,invalid_expiry,invalid,1
2554,Card,ICICI Bank,19,4,2,1,BAD_REQUEST_ERROR,issuer_general_decline,decline,1
1218,UPI,SBI,19,4,1,0,GATEWAY_ERROR,internal_error,timeout,0
297,UPI,HDFC Bank,22,3,1,1,BAD_REQUEST_ERROR,issuer_general_decline,decline,0
2480,UPI,IDFC First,12,4,0,1,BAD_REQUEST_ERROR,invalid_expiry,invalid,1
1870,Card,HDFC Bank,6,1,1,0,GATEWAY_ERROR,internal_error,timeout,1
2523,Netbanking,IDFC First,10,6,3,0,BAD_REQUEST_ERROR,user_cancelled,dropoff,0
2398,Wallet,Kotak Mahindra,21,4,1,0,BAD_REQUEST_ERROR,invalid_expiry,invalid,0
1137,UPI,IDFC First,19,5,0,0,BAD_REQUEST_ERROR,invalid_expiry,invalid,0
1555,Card,Kotak Mahindra,7,1,0,0,BAD_REQUEST_ERROR,user_cancelled,dropoff,1
1383,UPI,IDFC First,5,2,1,0,BAD_REQUEST_ERROR,invalid_expiry,invalid,0
4480,Card,SBI,5,6,0,0,BAD_REQUEST_ERROR,invalid_expiry,invalid,1
1910,UPI,ICICI Bank,19,1,1,0,BAD_REQUEST_ERROR,otp_timeout,invalid,0
1240,Card,Kotak Mahindra,17,4,2,1,GATEWAY_ERROR,issuer_risk_block,risk,0
1423,UPI,Yes Bank,8,4,0,1,BAD_REQUEST_ERROR,invalid_cvv,invalid,1
3684,UPI,HDFC Bank,2,6,0,0,BAD_REQUEST_ERROR,invalid_cvv,invalid,1
2070,Wallet,IDFC First,1,3,2,1,BAD_REQUEST_ERROR,otp_timeout,dropoff,1
3101,Wallet,Axis Bank,6,3,0,0,BAD_REQUEST_ERROR,invalid_cvv,invalid,1
852,UPI,Kotak Mahindra,15,2,1,1,BAD_REQUEST_ERROR,invalid_cvv,invalid,0
1202,Card,SBI,23,1,0,0,BAD_REQUEST_ERROR,invalid_expiry,invalid,1
2997,UPI,ICICI Bank,7,4,1,0,BAD_REQUEST_ERROR,otp_timeout,dropoff,1
959,Netbanking,SBI,5,0,3,0,BAD_REQUEST_ERROR,issuer_general_decline,decline,0
7820,UPI,Axis Bank,7,0,2,0,BAD_REQUEST_ERROR,otp_timeout,dropoff,0
3701,UPI,IDFC First,9,1,1,0,GATEWAY_ERROR,issuer_risk_block,risk,0
1368,Netbanking,SBI,8,1,0,0,BAD_REQUEST_ERROR,invalid_cvv,invalid,0
256,Card,Axis Bank,3,6,0,1,GATEWAY_ERROR,issuer_unavailable,dropoff,1
4762,Card,HDFC Bank,10,6,1,1,BAD_REQUEST_ERROR,invalid_expiry,dropoff,1
3045,UPI,HDFC Bank,23,5,1,1,BAD_REQUEST_ERROR,user_cancelled,dropoff,0
1704,Card,ICICI Bank,7,1,0,1,BAD_REQUEST_ERROR,issuer_general_decline,decline,1
1121,UPI,IDFC First,4,3,0,0,BAD_REQUEST_ERROR,issuer_general_decline,decline,0
738,UPI,Yes Bank,8,3,3,0,BAD_REQUEST_ERROR,invalid_expiry,invalid,0
4432,Netbanking,ICICI Bank,17,5,2,0,BAD_REQUEST_ERROR,insufficient_funds,funds,0
662,Card,Yes Bank,6,6,0,0,BAD_REQUEST_ERROR,issuer_general_decline,decline,1
1705,Card,Axis Bank,8,5,1,0,GATEWAY_ERROR,issuer_unavailable,timeout,0
1385,Card,Yes Bank,17,5,0,0,BAD_REQUEST_ERROR,invalid_cvv,invalid,1
6545,UPI,Kotak Mahindra,12,0,1,0,GATEWAY_ERROR,internal_error,timeout,1
761,UPI,HDFC Bank,2,0,0,1,BAD_REQUEST_ERROR,otp_timeout,dropoff,1
305,UPI,IDFC First,1,2,1,0,GATEWAY_ERROR,issuer_unavailable,timeout,1
810,Card,SBI,23,4,1,0,BAD_REQUEST_ERROR,invalid_expiry,invalid,1
6679,Wallet,Kotak Mahindra,6,5,0,0,BAD_REQUEST_ERROR,invalid_expiry,invalid,1
441,UPI,Axis Bank,2,3,0,0,GATEWAY_ERROR,internal_error,timeout,1
2351,Netbanking,ICICI Bank,5,5,0,0,BAD_REQUEST_ERROR,user_cancelled,dropoff,0
1531,Card,Axis Bank,12,4,1,0,GATEWAY_ERROR,internal_error,timeout,1
1033,Netbanking,ICICI Bank,19,0,0,0,GATEWAY_ERROR,internal_error,timeout,1
609,Netbanking,Axis Bank,3,1,1,0,GATEWAY_ERROR,internal_error,timeout,1
9865,UPI,IDFC First,18,4,1,0,GATEWAY_ERROR,issuer_unavailable,timeout,1
860,UPI,IDFC First,16,1,2,0,BAD_REQUEST_ERROR,otp_timeout,dropoff,1
1689,Card,ICICI Bank,23,3,0,1,GATEWAY_ERROR,issuer_unavailable,timeout,1
1292,UPI,Axis Bank,23,4,1,0,BAD_REQUEST_ERROR,user_cancelled,dropoff,0
418,Card,SBI,5,3,1,0,BAD_REQUEST_ERROR,insufficient_funds,funds,0
7233,UPI,HDFC Bank,9,2,2,1,BAD_REQUEST_ERROR,invalid_cvv,decline,1
2764,UPI,SBI,6,6,0,0,BAD_REQUEST_ERROR,invalid_expiry,invalid,0
1197,Card,Axis Bank,7,4,0,0,BAD_REQUEST_ERROR,insufficient_funds,funds,0
2069,Netbanking,IDFC First,13,4,0,0,GATEWAY_ERROR,issuer_unavailable,timeout,0
2786,UPI,Yes Bank,6,5,0,0,BAD_REQUEST_ERROR,invalid_expiry,invalid,0
6229,UPI,IDFC First,8,1,0,0,BAD_REQUEST_ERROR,insufficient_funds,funds,1
3760,Card,SBI,21,3,1,1,GATEWAY_ERROR,internal_error,timeout,1
3161,UPI,Axis Bank,8,0,0,0,BAD_REQUEST_ERROR,invalid_cvv,invalid,1
2300,Card,SBI,17,0,0,1,BAD_REQUEST_ERROR,invalid_expiry,risk,0
5318,Netbanking,IDFC First,3,3,2,0,BAD_REQUEST_ERROR,invalid_expiry,invalid,1
613,Card,ICICI Bank,19,6,1,0,BAD_REQUEST_ERROR,issuer_general_decline,decline,1
18168,Netbanking,HDFC Bank,20,2,2,0,GATEWAY_ERROR,issuer_risk_block,risk,0
383,UPI,ICICI Bank,0,3,0,0,BAD_REQUEST_ERROR,invalid_cvv,invalid,0
3125,UPI,Yes Bank,0,0,0,0,BAD_REQUEST_ERROR,invalid_expiry,invalid,0
891,Wallet,SBI,14,0,1,1,BAD_REQUEST_ERROR,invalid_cvv,invalid,1
8262,Card,IDFC First,9,2,0,0,BAD_REQUEST_ERROR,insufficient_funds,funds,1
1226,UPI,Kotak Mahindra,11,4,0,1,BAD_REQUEST_ERROR,user_cancelled,decline,1
873,UPI,IDFC First,7,0,1,0,GATEWAY_ERROR,internal_error,timeout,1
2082,UPI,SBI,9,1,3,0,BAD_REQUEST_ERROR,issuer_general_decline,decline,0
715,Wallet,HDFC Bank,7,0,2,1,BAD_REQUEST_ERROR,invalid_cvv,invalid,0
586,Card,IDFC First,2,1,0,0,BAD_REQUEST_ERROR,user_cancelled,dropoff,1
5058,Card,HDFC Bank,17,6,0,1,BAD_REQUEST_ERROR,insufficient_funds,funds,0
2437,UPI,IDFC First,15,4,1,1,BAD_REQUEST_ERROR,insufficient_funds,invalid,1
479,UPI,Yes Bank,19,4,0,0,BAD_REQUEST_ERROR,otp_timeout,dropoff,1
2828,UPI,Kotak Mahindra,13,1,2,0,BAD_REQUEST_ERROR,insufficient_funds,funds,1
11545,UPI,SBI,8,6,0,0,GATEWAY_ERROR,issuer_risk_block,risk,0
310,Wallet,SBI,0,4,0,0,BAD_REQUEST_ERROR,invalid_cvv,invalid,0
6925,UPI,IDFC First,15,1,2,0,BAD_REQUEST_ERROR,invalid_expiry,invalid,1
1150,UPI,Axis Bank,8,1,1,0,BAD_REQUEST_ERROR,otp_timeout,dropoff,0
727,Card,Axis Bank,14,5,0,0,BAD_REQUEST_ERROR,issuer_general_decline,decline,0
285,UPI,Kotak Mahindra,15,3,2,0,GATEWAY_ERROR,issuer_risk_block,risk,0
14170,Card,Yes Bank,3,3,0,0,GATEWAY_ERROR,issuer_unavailable,timeout,0
1353,Card,Yes Bank,13,1,2,1,BAD_REQUEST_ERROR,invalid_expiry,invalid,1
822,Netbanking,SBI,15,0,0,0,GATEWAY_ERROR,issuer_risk_block,risk,0
2631,Card,Yes Bank,12,6,0,0,GATEWAY_ERROR,issuer_unavailable,timeout,1
613,Wallet,SBI,2,3,0,1,BAD_REQUEST_ERROR,user_cancelled,dropoff,0
3172,Card,Kotak Mahindra,21,5,0,0,BAD_REQUEST_ERROR,issuer_general_decline,decline,0
3481,Wallet,Kotak Mahindra,23,2,1,0,BAD_REQUEST_ERROR,otp_timeout,dropoff,0
9227,Card,SBI,10,1,0,0,BAD_REQUEST_ERROR,otp_timeout,dropoff,0
1252,Wallet,Kotak Mahindra,16,2,0,1,BAD_REQUEST_ERROR,insufficient_funds,funds,0
738,Netbanking,Axis Bank,1,5,1,0,GATEWAY_ERROR,issuer_risk_block,risk,0
271,Card,Axis Bank,3,0,0,0,BAD_REQUEST_ERROR,user_cancelled,dropoff,1
4503,Card,Yes Bank,5,0,0,1,BAD_REQUEST_ERROR,invalid_cvv,invalid,0
561,Card,Kotak Mahindra,9,3,1,1,BAD_REQUEST_ERROR,invalid_cvv,invalid,1
2666,Card,IDFC First,10,5,0,1,BAD_REQUEST_ERROR,invalid_expiry,invalid,1
1955,UPI,Yes Bank,22,6,1,0,GATEWAY_ERROR,issuer_risk_block,risk,0
5112,Card,ICICI Bank,9,1,0,0,GATEWAY_ERROR,issuer_unavailable,timeout,1
778,UPI,SBI,23,6,1,1,GATEWAY_ERROR,issuer_unavailable,timeout,1
3028,Wallet,Kotak Mahindra,13,2,0,1,BAD_REQUEST_ERROR,user_cancelled,dropoff,1
524,UPI,Yes Bank,16,2,0,1,BAD_REQUEST_ERROR,invalid_expiry,funds,1
1522,UPI,SBI,19,0,0,0,GATEWAY_ERROR,issuer_risk_block,risk,0
6583,UPI,IDFC First,3,3,0,1,GATEWAY_ERROR,issuer_risk_block,risk,0
3614,UPI,SBI,1,1,1,0,BAD_REQUEST_ERROR,otp_timeout,dropoff,1
301,Card,IDFC First,0,2,3,0,BAD_REQUEST_ERROR,invalid_cvv,dropoff,1
6534,Card,IDFC First,19,6,0,0,BAD_REQUEST_ERROR,issuer_general_decline,decline,0
981,UPI,Axis Bank,1,2,0,0,BAD_REQUEST_ERROR,insufficient_funds,funds,0
2011,UPI,HDFC Bank,18,6,0,1,GATEWAY_ERROR,issuer_risk_block,risk,0
1424,UPI,Axis Bank,13,3,0,0,BAD_REQUEST_ERROR,user_cancelled,dropoff,1
9798,Netbanking,Yes Bank,5,5,2,0,BAD_REQUEST_ERROR,invalid_expiry,invalid,0
2286,Card,Axis Bank,17,5,3,0,GATEWAY_ERROR,issuer_unavailable,timeout,0
2450,Card,Kotak Mahindra,2,6,0,0,GATEWAY_ERROR,internal_error,timeout,1
3473,Wallet,Axis Bank,5,1,1,0,BAD_REQUEST_ERROR,invalid_cvv,invalid,1
1671,Card,Axis Bank,11,1,2,0,GATEWAY_ERROR,internal_error,timeout,0
1827,Card,Yes Bank,1,5,1,0,GATEWAY_ERROR,internal_error,timeout,1
1417,UPI,IDFC First,12,6,0,0,BAD_REQUEST_ERROR,invalid_cvv,invalid,1
465,UPI,HDFC Bank,23,5,3,0,BAD_REQUEST_ERROR,issuer_general_decline,decline,1
3424,Netbanking,Kotak Mahindra,1,4,0,0,BAD_REQUEST_ERROR,issuer_general_decline,decline,0
3354,Wallet,Kotak Mahindra,19,4,1,0,BAD_REQUEST_ERROR,user_cancelled,dropoff,1
2479,Netbanking,Axis Bank,5,5,0,1,BAD_REQUEST_ERROR,invalid_cvv,invalid,1
1032,UPI,Yes Bank,8,6,1,1,GATEWAY_ERROR,internal_error,timeout,1
2265,UPI,IDFC First,10,5,0,0,BAD_REQUEST_ERROR,invalid_cvv,invalid,1
3389,Netbanking,Axis Bank,4,0,1,0,GATEWAY_ERROR,internal_error,timeout,1
1251,UPI,SBI,8,0,2,0,BAD_REQUEST_ERROR,insufficient_funds,funds,0
1447,Card,ICICI Bank,6,2,2,0,GATEWAY_ERROR,issuer_unavailable,timeout,0
1621,Card,Axis Bank,0,4,0,1,BAD_REQUEST_ERROR,invalid_cvv,invalid,1
842,Card,HDFC Bank,1,2,1,1,BAD_REQUEST_ERROR,issuer_general_decline,decline,0
1575,UPI,SBI,14,2,1,0,BAD_REQUEST_ERROR,user_cancelled,dropoff,1
1923,UPI,ICICI Bank,19,5,2,1,GATEWAY_ERROR,issuer_unavailable,timeout,1
6463,UPI,Axis Bank,11,0,1,1,BAD_REQUEST_ERROR,user_cancelled,dropoff,1
508,UPI,ICICI Bank,7,5,0,1,BAD_REQUEST_ERROR,issuer_general_decline,decline,1
910,Netbanking,ICICI Bank,23,1,0,0,BAD_REQUEST_ERROR,invalid_cvv,invalid,1
1465,Card,IDFC First,7,4,0,0,BAD_REQUEST_ERROR,invalid_cvv,invalid,0
637,Card,HDFC Bank,9,1,0,1,BAD_REQUEST_ERROR,insufficient_funds,funds,1
611,Card,Kotak Mahindra,11,1,0,0,BAD_REQUEST_ERROR,user_cancelled,dropoff,1
5223,Card,IDFC First,15,3,0,0,GATEWAY_ERROR,internal_error,timeout,1
6247,Card,SBI,10,5,1,1,BAD_REQUEST_ERROR,invalid_expiry,invalid,0
3216,UPI,SBI,20,5,0,1,BAD_REQUEST_ERROR,user_cancelled,dropoff,1
5012,UPI,HDFC Bank,7,4,0,0,GATEWAY_ERROR,issuer_risk_block,risk,0
402,UPI,SBI,18,3,1,1,GATEWAY_ERROR,issuer_unavailable,timeout,1
954,Card,ICICI Bank,0,4,1,0,BAD_REQUEST_ERROR,user_cancelled,dropoff,0
1437,Card,SBI,9,1,1,1,BAD_REQUEST_ERROR,otp_timeout,dropoff,0
1391,Card,Kotak Mahindra,14,3,2,0,GATEWAY_ERROR,issuer_unavailable,timeout,0
919,Card,HDFC Bank,12,5,1,1,BAD_REQUEST_ERROR,otp_timeout,dropoff,1
362,Card,HDFC Bank,11,4,0,1,BAD_REQUEST_ERROR,issuer_general_decline,decline,0
2877,Card,Kotak Mahindra,19,3,0,1,BAD_REQUEST_ERROR,insufficient_funds,funds,0
1598,UPI,Kotak Mahindra,22,2,0,0,BAD_REQUEST_ERROR,invalid_expiry,funds,0
3901,Netbanking,SBI,14,1,1,0,GATEWAY_ERROR,issuer_unavailable,timeout,1
3595,UPI,Axis Bank,13,4,3,0,GATEWAY_ERROR,issuer_risk_block,risk,0
6629,Card,Axis Bank,0,5,2,0,BAD_REQUEST_ERROR,user_cancelled,dropoff,0
599,UPI,SBI,15,0,1,0,BAD_REQUEST_ERROR,insufficient_funds,invalid,0
1111,UPI,Yes Bank,6,0,1,0,BAD_REQUEST_ERROR,issuer_general_decline,decline,0
519,UPI,Yes Bank,13,3,2,0,BAD_REQUEST_ERROR,invalid_cvv,invalid,1
508,UPI,HDFC Bank,20,3,0,0,GATEWAY_ERROR,issuer_risk_block,risk,0
1051,Card,ICICI Bank,9,4,2,1,BAD_REQUEST_ERROR,otp_timeout,dropoff,1
3713,Netbanking,SBI,11,2,0,0,BAD_REQUEST_ERROR,issuer_general_decline,decline,0
14642,UPI,SBI,8,3,0,0,GATEWAY_ERROR,issuer_risk_block,risk,0
863,Wallet,ICICI Bank,23,2,0,0,GATEWAY_ERROR,issuer_risk_block,risk,0
4185,Card,HDFC Bank,21,2,1,0,BAD_REQUEST_ERROR,invalid_cvv,funds,1
1331,Card,HDFC Bank,14,3,0,0,GATEWAY_ERROR,issuer_risk_block,risk,0
2079,UPI,Yes Bank,4,1,2,1,GATEWAY_ERROR,issuer_unavailable,timeout,0
1789,UPI,IDFC First,12,3,2,0,GATEWAY_ERROR,internal_error,timeout,1
23383,Card,IDFC First,15,0,0,0,BAD_REQUEST_ERROR,insufficient_funds,funds,0
3413,UPI,IDFC First,23,4,1,0,BAD_REQUEST_ERROR,invalid_cvv,invalid,1
31951,UPI,IDFC First,22,6,0,0,GATEWAY_ERROR,issuer_risk_block,risk,0
1333,Card,Yes Bank,17,5,2,1,BAD_REQUEST_ERROR,invalid_expiry,invalid,0
1959,Netbanking,IDFC First,20,3,0,0,BAD_REQUEST_ERROR,otp_timeout,dropoff,1
2066,UPI,Axis Bank,17,1,0,0,BAD_REQUEST_ERROR,otp_timeout,dropoff,0
1149,UPI,Yes Bank,21,4,0,1,GATEWAY_ERROR,internal_error,timeout,1
2403,Card,IDFC First,2,3,1,0,GATEWAY_ERROR,issuer_risk_block,risk,0
1909,Netbanking,IDFC First,18,2,0,0,BAD_REQUEST_ERROR,insufficient_funds,funds,0
8941,Card,SBI,9,3,1,0,BAD_REQUEST_ERROR,issuer_general_decline,decline,0
901,UPI,HDFC Bank,21,2,0,0,BAD_REQUEST_ERROR,invalid_cvv,invalid,1
297,UPI,Axis Bank,12,0,1,0,BAD_REQUEST_ERROR,insufficient_funds,funds,0
1201,UPI,Axis Bank,15,6,3,1,BAD_REQUEST_ERROR,otp_timeout,dropoff,0
571,Card,HDFC Bank,20,0,1,0,BAD_REQUEST_ERROR,issuer_general_decline,decline,0
1029,UPI,Yes Bank,12,6,0,0,BAD_REQUEST_ERROR,invalid_cvv,invalid,1
2717,Netbanking,SBI,12,0,0,0,BAD_REQUEST_ERROR,invalid_expiry,invalid,0
2862,UPI,Axis Bank,22,4,2,1,BAD_REQUEST_ERROR,insufficient_funds,funds,0
3978,Card,Yes Bank,2,1,0,1,BAD_REQUEST_ERROR,issuer_general_decline,decline,0
1247,Card,HDFC Bank,17,0,0,1,BAD_REQUEST_ERROR,insufficient_funds,funds,0
241,UPI,HDFC Bank,2,2,2,1,BAD_REQUEST_ERROR,invalid_expiry,invalid,0
6840,UPI,ICICI Bank,8,5,0,0,GATEWAY_ERROR,issuer_unavailable,timeout,0
789,Card,HDFC Bank,7,1,0,1,BAD_REQUEST_ERROR,invalid_expiry,invalid,1
2328,Card,Yes Bank,18,4,0,0,GATEWAY_ERROR,issuer_risk_block,risk,0
631,Card,SBI,1,0,1,0,BAD_REQUEST_ERROR,insufficient_funds,funds,0
613,UPI,Yes Bank,16,2,0,1,BAD_REQUEST_ERROR,insufficient_funds,funds,0
3741,UPI,Axis Bank,0,2,0,1,BAD_REQUEST_ERROR,invalid_expiry,invalid,0
3867,UPI,IDFC First,23,3,1,0,BAD_REQUEST_ERROR,otp_timeout,dropoff,1
354,Card,IDFC First,0,0,0,0,BAD_REQUEST_ERROR,insufficient_funds,funds,0
500,Card,HDFC Bank,18,5,0,1,BAD_REQUEST_ERROR,invalid_expiry,invalid,1
547,Netbanking,HDFC Bank,23,0,2,1,BAD_REQUEST_ERROR,issuer_general_decline,decline,0
2615,Wallet,HDFC Bank,6,0,1,0,GATEWAY_ERROR,internal_error,timeout,0
1716,Netbanking,IDFC First,17,5,1,0,GATEWAY_ERROR,issuer_risk_block,dropoff,0
1642,Card,SBI,5,1,0,1,BAD_REQUEST_ERROR,invalid_cvv,invalid,0
1274,Card,Kotak Mahindra,4,0,0,0,GATEWAY_ERROR,internal_error,timeout,1
3633,Wallet,ICICI Bank,22,2,1,0,GATEWAY_ERROR,issuer_risk_block,risk,0
551,UPI,Axis Bank,23,0,1,0,BAD_REQUEST_ERROR,insufficient_funds,funds,0
2178,Wallet,Kotak Mahindra,22,6,0,0,BAD_REQUEST_ERROR,otp_timeout,dropoff,0
1550,Netbanking,ICICI Bank,6,5,0,0,BAD_REQUEST_ERROR,otp_timeout,dropoff,1
303,Card,Kotak Mahindra,2,5,0,0,GATEWAY_ERROR,issuer_risk_block,risk,0
1411,UPI,Kotak Mahindra,13,1,2,0,GATEWAY_ERROR,issuer_risk_block,risk,0
1305,Wallet,Kotak Mahindra,7,3,0,0,BAD_REQUEST_ERROR,otp_timeout,dropoff,0
3206,UPI,ICICI Bank,22,5,3,0,BAD_REQUEST_ERROR,otp_timeout,dropoff,1
2907,UPI,SBI,4,0,1,0,BAD_REQUEST_ERROR,insufficient_funds,funds,1
1463,UPI,HDFC Bank,17,2,0,0,BAD_REQUEST_ERROR,issuer_general_decline,decline,0
404,Wallet,ICICI Bank,10,4,1,0,GATEWAY_ERROR,internal_error,invalid,0
1599,UPI,Axis Bank,1,6,0,1,GATEWAY_ERROR,issuer_unavailable,timeout,1
739,Netbanking,HDFC Bank,22,2,0,0,GATEWAY_ERROR,internal_error,timeout,0
3765,UPI,Kotak Mahindra,2,3,1,0,BAD_REQUEST_ERROR,invalid_cvv,invalid,0
4382,Card,ICICI Bank,4,4,0,1,BAD_REQUEST_ERROR,invalid_expiry,invalid,0
3307,UPI,Kotak Mahindra,14,3,0,0,BAD_REQUEST_ERROR,invalid_expiry,invalid,0
380,Card,Axis Bank,2,5,0,1,GATEWAY_ERROR,internal_error,timeout,1
5001,UPI,Kotak Mahindra,20,6,1,1,BAD_REQUEST_ERROR,user_cancelled,dropoff,0
781,Card,ICICI Bank,19,0,0,1,BAD_REQUEST_ERROR,invalid_cvv,invalid,1
1532,Card,Axis Bank,17,6,0,0,GATEWAY_ERROR,issuer_unavailable,timeout,1
766,Card,HDFC Bank,22,5,0,0,GATEWAY_ERROR,issuer_unavailable,timeout,1
476,Netbanking,SBI,5,6,1,0,BAD_REQUEST_ERROR,invalid_expiry,invalid,0
3004,Card,SBI,20,3,0,0,BAD_REQUEST_ERROR,user_cancelled,dropoff,1
569,UPI,IDFC First,5,1,0,1,GATEWAY_ERROR,issuer_unavailable,timeout,1
1469,Card,Kotak Mahindra,15,3,0,0,BAD_REQUEST_ERROR,issuer_general_decline,decline,1
6444,Netbanking,Kotak Mahindra,6,1,1,1,BAD_REQUEST_ERROR,invalid_expiry,invalid,1
3031,UPI,HDFC Bank,17,3,0,0,BAD_REQUEST_ERROR,invalid_expiry,invalid,1
5523,Card,IDFC First,23,5,0,1,BAD_REQUEST_ERROR,otp_timeout,dropoff,1
2784,Card,ICICI Bank,8,6,0,0,GATEWAY_ERROR,internal_error,timeout,1
829,Card,Axis Bank,21,0,1,1,BAD_REQUEST_ERROR,invalid_cvv,invalid,0
8322,UPI,Yes Bank,10,3,1,0,GATEWAY_ERROR,issuer_unavailable,timeout,1
2683,Netbanking,HDFC Bank,17,3,0,1,BAD_REQUEST_ERROR,invalid_cvv,invalid,1
4723,UPI,Yes Bank,16,0,0,0,BAD_REQUEST_ERROR,user_cancelled,dropoff,1
428,Netbanking,Kotak Mahindra,15,1,0,1,BAD_REQUEST_ERROR,insufficient_funds,funds,1
827,Card,Yes Bank,6,2,1,0,BAD_REQUEST_ERROR,user_cancelled,dropoff,0
1549,UPI,SBI,14,1,3,0,BAD_REQUEST_ERROR,invalid_expiry,invalid,0
1262,UPI,Yes Bank,5,1,0,0,GATEWAY_ERROR,issuer_risk_block,risk,0
158,Card,Kotak Mahindra,7,5,0,0,BAD_REQUEST_ERROR,otp_timeout,dropoff,1
2995,UPI,Yes Bank,23,6,1,0,GATEWAY_ERROR,issuer_unavailable,timeout,1
4095,UPI,IDFC First,9,5,2,0,GATEWAY_ERROR,issuer_risk_block,risk,0
6201,Card,Kotak Mahindra,2,5,3,0,BAD_REQUEST_ERROR,invalid_cvv,invalid,0
1891,Card,ICICI Bank,16,5,0,0,GATEWAY_ERROR,issuer_risk_block,risk,0
2706,Card,Kotak Mahindra,1,5,1,0,BAD_REQUEST_ERROR,issuer_general_decline,decline,0
1365,UPI,SBI,7,2,2,0,BAD_REQUEST_ERROR,otp_timeout,risk,0
422,Card,SBI,17,2,0,0,BAD_REQUEST_ERROR,invalid_cvv,invalid,1
2784,UPI,HDFC Bank,8,5,0,0,BAD_REQUEST_ERROR,invalid_expiry,invalid,1
1478,UPI,HDFC Bank,15,3,3,0,BAD_REQUEST_ERROR,invalid_cvv,invalid,1
1343,UPI,SBI,5,4,0,0,BAD_REQUEST_ERROR,invalid_expiry,invalid,1
27323,Wallet,IDFC First,20,3,2,0,GATEWAY_ERROR,internal_error,timeout,0
860,Card,ICICI Bank,15,4,1,0,BAD_REQUEST_ERROR,invalid_cvv,invalid,0
2872,Netbanking,SBI,4,1,0,1,BAD_REQUEST_ERROR,otp_timeout,dropoff,1
4626,Netbanking,HDFC Bank,4,3,0,0,BAD_REQUEST_ERROR,otp_timeout,dropoff,1
13454,Card,Yes Bank,15,5,1,0,BAD_REQUEST_ERROR,issuer_general_decline,decline,0
326,Card,Yes Bank,23,0,0,0,BAD_REQUEST_ERROR,insufficient_funds,funds,0
231,Card,ICICI Bank,9,2,1,1,BAD_REQUEST_ERROR,invalid_expiry,invalid,0
2123,Card,Kotak Mahindra,12,2,1,0,BAD_REQUEST_ERROR,invalid_cvv,invalid,0
1816,Netbanking,Yes Bank,2,3,3,0,GATEWAY_ERROR,issuer_unavailable,timeout,1
3193,Card,Kotak Mahindra,17,4,3,1,BAD_REQUEST_ERROR,issuer_general_decline,decline,0
1702,UPI,HDFC Bank,10,6,0,1,GATEWAY_ERROR,issuer_risk_block,risk,0
14700,UPI,ICICI Bank,9,1,1,1,GATEWAY_ERROR,issuer_unavailable,timeout,1
2733,UPI,Kotak Mahindra,23,6,0,0,BAD_REQUEST_ERROR,invalid_cvv,invalid,0
1822,UPI,HDFC Bank,18,3,0,1,BAD_REQUEST_ERROR,invalid_cvv,invalid,1
979,UPI,HDFC Bank,19,5,0,0,GATEWAY_ERROR,issuer_risk_block,risk,0
1842,UPI,Yes Bank,20,0,0,0,GATEWAY_ERROR,issuer_risk_block,risk,0
3970,Wallet,IDFC First,5,1,0,0,BAD_REQUEST_ERROR,insufficient_funds,funds,0
22603,Card,ICICI Bank,9,3,0,1,GATEWAY_ERROR,issuer_unavailable,timeout,1
1123,Netbanking,Axis Bank,16,4,0,0,BAD_REQUEST_ERROR,invalid_expiry,invalid,1
1868,UPI,SBI,9,4,0,0,GATEWAY_ERROR,issuer_risk_block,risk,0
1519,Wallet,Axis Bank,0,4,2,0,GATEWAY_ERROR,issuer_unavailable,risk,0
1666,UPI,SBI,2,6,0,0,BAD_REQUEST_ERROR,insufficient_funds,funds,0
2527,Wallet,Axis Bank,19,1,1,0,BAD_REQUEST_ERROR,otp_timeout,dropoff,1
7798,Netbanking,SBI,20,3,1,0,GATEWAY_ERROR,issuer_unavailable,timeout,1
3115,UPI,Yes Bank,0,2,0,0,BAD_REQUEST_ERROR,otp_timeout,dropoff,1
1792,Netbanking,Yes Bank,15,2,1,1,BAD_REQUEST_ERROR,invalid_cvv,invalid,0
8102,Netbanking,SBI,21,6,2,0,BAD_REQUEST_ERROR,invalid_cvv,invalid,0
3931,UPI,Kotak Mahindra,7,0,0,1,BAD_REQUEST_ERROR,otp_timeout,dropoff,0
1368,UPI,SBI,3,5,0,1,GATEWAY_ERROR,internal_error,timeout,1
1776,Card,HDFC Bank,23,4,0,0,GATEWAY_ERROR,internal_error,timeout,1
836,Card,Kotak Mahindra,8,0,1,0,BAD_REQUEST_ERROR,user_cancelled,dropoff,1
889,Netbanking,Kotak Mahindra,1,4,0,1,BAD_REQUEST_ERROR,invalid_expiry,invalid,1
762,UPI,Axis Bank,20,1,1,1,BAD_REQUEST_ERROR,otp_timeout,dropoff,0
1189,Netbanking,SBI,9,6,1,1,BAD_REQUEST_ERROR,user_cancelled,dropoff,0
4394,Card,ICICI Bank,17,3,1,0,GATEWAY_ERROR,issuer_unavailable,timeout,1
767,Card,SBI,12,2,3,0,BAD_REQUEST_ERROR,invalid_expiry,invalid,1
2354,Netbanking,Kotak Mahindra,18,3,2,0,GATEWAY_ERROR,issuer_risk_block,risk,0
728,UPI,ICICI Bank,13,4,1,0,GATEWAY_ERROR,issuer_unavailable,timeout,1
3266,Card,SBI,10,3,0,1,BAD_REQUEST_ERROR,insufficient_funds,funds,0
6858,Netbanking,ICICI Bank,19,6,0,0,GATEWAY_ERROR,issuer_unavailable,timeout,1
648,Card,Yes Bank,3,6,0,0,BAD_REQUEST_ERROR,invalid_expiry,invalid,1
1178,UPI,SBI,18,6,1,0,GATEWAY_ERROR,internal_error,timeout,1
653,Netbanking,Kotak Mahindra,13,1,3,0,BAD_REQUEST_ERROR,issuer_general_decline,decline,0
1328,Wallet,SBI,6,2,2,0,GATEWAY_ERROR,internal_error,timeout,1
971,UPI,HDFC Bank,16,0,1,1,BAD_REQUEST_ERROR,otp_timeout,dropoff,1
14746,Card,Axis Bank,23,6,3,0,GATEWAY_ERROR,issuer_unavailable,timeout,1
5455,Card,ICICI Bank,6,4,2,0,BAD_REQUEST_ERROR,user_cancelled,dropoff,1
605,UPI,SBI,15,6,0,1,BAD_REQUEST_ERROR,invalid_expiry,invalid,0
482,Wallet,IDFC First,15,1,1,1,BAD_REQUEST_ERROR,issuer_general_decline,decline,0
1700,Netbanking,HDFC Bank,5,2,1,0,BAD_REQUEST_ERROR,otp_timeout,dropoff,1
11727,UPI,Axis Bank,10,0,0,0,GATEWAY_ERROR,issuer_risk_block,risk,0
5748,Card,Yes Bank,22,5,2,0,BAD_REQUEST_ERROR,issuer_general_decline,decline,0
555,Card,SBI,19,6,1,0,BAD_REQUEST_ERROR,invalid_cvv,invalid,1
462,Card,HDFC Bank,0,3,2,0,BAD_REQUEST_ERROR,user_cancelled,dropoff,1
1323,Netbanking,Yes Bank,6,6,0,1,BAD_REQUEST_ERROR,invalid_cvv,invalid,1
3969,UPI,IDFC First,20,0,3,1,BAD_REQUEST_ERROR,user_cancelled,dropoff,1
5616,Netbanking,Kotak Mahindra,4,6,1,0,BAD_REQUEST_ERROR,invalid_expiry,invalid,0
1541,Netbanking,IDFC First,8,6,3,1,BAD_REQUEST_ERROR,issuer_general_decline,decline,0
1689,Card,HDFC Bank,19,1,0,0,BAD_REQUEST_ERROR,insufficient_funds,funds,0
3826,Wallet,IDFC First,22,3,0,0,GATEWAY_ERROR,internal_error,timeout,0
2449,Card,Kotak Mahindra,12,3,2,0,GATEWAY_ERROR,issuer_risk_block,risk,0
1583,Netbanking,Axis Bank,11,4,0,1,GATEWAY_ERROR,internal_error,timeout,1
12346,UPI,Kotak Mahindra,21,1,0,0,BAD_REQUEST_ERROR,invalid_expiry,invalid,0
1645,Wallet,SBI,13,3,0,1,GATEWAY_ERROR,issuer_risk_block,risk,0
1545,Card,Kotak Mahindra,21,6,1,1,BAD_REQUEST_ERROR,user_cancelled,dropoff,1
2422,UPI,Kotak Mahindra,3,4,0,0,GATEWAY_ERROR,issuer_risk_block,risk,0
11289,Card,Axis Bank,20,3,0,1,BAD_REQUEST_ERROR,invalid_expiry,invalid,0
8115,UPI,HDFC Bank,14,3,0,0,BAD_REQUEST_ERROR,otp_timeout,dropoff,1
8906,Netbanking,ICICI Bank,3,2,1,0,GATEWAY_ERROR,issuer_unavailable,timeout,1
5230,Card,Yes Bank,3,3,0,0,BAD_REQUEST_ERROR,user_cancelled,dropoff,1
5749,UPI,HDFC Bank,4,2,0,1,BAD_REQUEST_ERROR,invalid_cvv,invalid,0
1454,Netbanking,Axis Bank,15,5,3,0,BAD_REQUEST_ERROR,otp_timeout,dropoff,1
1281,Wallet,Kotak Mahindra,21,1,0,0,BAD_REQUEST_ERROR,invalid_cvv,invalid,0
5080,UPI,Yes Bank,15,6,0,0,BAD_REQUEST_ERROR,invalid_cvv,invalid,1
2980,Card,Kotak Mahindra,13,3,0,1,BAD_REQUEST_ERROR,invalid_expiry,invalid,0
2880,UPI,HDFC Bank,23,4,1,0,BAD_REQUEST_ERROR,invalid_expiry,invalid,0
612,Netbanking,HDFC Bank,12,6,0,1,BAD_REQUEST_ERROR,insufficient_funds,funds,0
478,UPI,ICICI Bank,7,5,2,1,BAD_REQUEST_ERROR,issuer_general_decline,decline,0
929,Card,SBI,20,5,2,0,BAD_REQUEST_ERROR,otp_timeout,dropoff,0
118,UPI,IDFC First,18,1,0,1,GATEWAY_ERROR,issuer_risk_block,risk,0
1463,Wallet,Kotak Mahindra,1,6,0,0,BAD_REQUEST_ERROR,user_cancelled,dropoff,1
2272,Card,IDFC First,16,2,0,0,GATEWAY_ERROR,internal_error,timeout,1
375,UPI,IDFC First,1,5,0,0,BAD_REQUEST_ERROR,otp_timeout,dropoff,1
1599,UPI,Yes Bank,1,6,0,0,BAD_REQUEST_ERROR,issuer_general_decline,decline,0
946,Card,IDFC First,21,4,0,1,BAD_REQUEST_ERROR,user_cancelled,dropoff,0
1460,Card,Axis Bank,13,6,2,1,GATEWAY_ERROR,issuer_unavailable,timeout,1
2110,UPI,ICICI Bank,10,6,0,0,BAD_REQUEST_ERROR,invalid_expiry,invalid,1
1196,UPI,HDFC Bank,2,1,0,0,GATEWAY_ERROR,issuer_risk_block,risk,0
260,UPI,Kotak Mahindra,6,0,2,1,GATEWAY_ERROR,issuer_unavailable,timeout,1
2990,Card,ICICI Bank,8,4,2,0,BAD_REQUEST_ERROR,invalid_cvv,dropoff,1
10036,Card,IDFC First,19,5,0,0,BAD_REQUEST_ERROR,issuer_general_decline,decline,0
3059,UPI,HDFC Bank,8,2,2,1,BAD_REQUEST_ERROR,invalid_cvv,invalid,1
603,Netbanking,Axis Bank,5,1,0,0,BAD_REQUEST_ERROR,issuer_general_decline,decline,0
479,Card,Yes Bank,3,4,0,0,BAD_REQUEST_ERROR,invalid_expiry,timeout,1
202,Netbanking,Axis Bank,9,3,0,1,BAD_REQUEST_ERROR,invalid_cvv,invalid,1
1113,UPI,IDFC First,11,4,0,0,BAD_REQUEST_ERROR,user_cancelled,dropoff,1
4263,UPI,Axis Bank,10,1,0,0,GATEWAY_ERROR,issuer_unavailable,timeout,1
9771,Wallet,ICICI Bank,0,0,2,0,BAD_REQUEST_ERROR,otp_timeout,dropoff,1
433,Card,Yes Bank,12,0,0,1,BAD_REQUEST_ERROR,insufficient_funds,funds,0
16413,Card,Kotak Mahindra,13,4,0,0,GATEWAY_ERROR,issuer_unavailable,timeout,1
1819,Card,Kotak Mahindra,18,3,0,0,GATEWAY_ERROR,internal_error,timeout,1
5854,UPI,Kotak Mahindra,9,1,0,0,BAD_REQUEST_ERROR,user_cancelled,dropoff,1
1772,Card,ICICI Bank,10,0,1,0,BAD_REQUEST_ERROR,issuer_general_decline,decline,0
3414,Card,HDFC Bank,5,5,0,1,GATEWAY_ERROR,issuer_risk_block,decline,0
562,Netbanking,IDFC First,8,3,0,0,BAD_REQUEST_ERROR,issuer_general_decline,decline,0
506,Card,Kotak Mahindra,12,6,1,0,GATEWAY_ERROR,issuer_unavailable,timeout,1
2785,Card,IDFC First,8,0,1,1,GATEWAY_ERROR,internal_error,timeout,1
3355,Wallet,SBI,8,4,0,0,BAD_REQUEST_ERROR,invalid_cvv,invalid,0
996,Card,Axis Bank,8,5,0,1,GATEWAY_ERROR,issuer_unavailable,timeout,1
842,UPI,Kotak Mahindra,9,1,0,0,BAD_REQUEST_ERROR,invalid_expiry,invalid,1
10972,UPI,ICICI Bank,7,1,0,0,GATEWAY_ERROR,issuer_unavailable,timeout,0
1132,Card,ICICI Bank,1,5,0,0,BAD_REQUEST_ERROR,issuer_general_decline,decline,0
1267,Netbanking,Yes Bank,11,4,2,0,BAD_REQUEST_ERROR,insufficient_funds,funds,0
3598,Card,Yes Bank,7,2,1,1,BAD_REQUEST_ERROR,insufficient_funds,funds,0
3512,Netbanking,Axis Bank,1,0,0,0,BAD_REQUEST_ERROR,insufficient_funds,funds,0
1631,Card,Axis Bank,22,5,0,0,GATEWAY_ERROR,issuer_unavailable,timeout,1
252,UPI,Axis Bank,20,5,1,0,BAD_REQUEST_ERROR,issuer_general_decline,dropoff,1
486,Wallet,Yes Bank,13,6,1,0,GATEWAY_ERROR,issuer_unavailable,timeout,1
5140,UPI,HDFC Bank,7,5,1,0,BAD_REQUEST_ERROR,user_cancelled,funds,0
10654,Card,IDFC First,9,1,0,1,BAD_REQUEST_ERROR,user_cancelled,dropoff,1
2326,Card,Kotak Mahindra,1,1,0,0,GATEWAY_ERROR,issuer_risk_block,risk,0
1695,UPI,ICICI Bank,18,6,2,0,BAD_REQUEST_ERROR,insufficient_funds,funds,0
1949,Card,HDFC Bank,3,5,0,0,BAD_REQUEST_ERROR,user_cancelled,dropoff,0
5837,Card,ICICI Bank,3,2,2,0,BAD_REQUEST_ERROR,issuer_general_decline,decline,0
1153,UPI,Kotak Mahindra,20,5,0,1,BAD_REQUEST_ERROR,user_cancelled,dropoff,1
7469,Netbanking,Kotak Mahindra,0,6,1,1,GATEWAY_ERROR,issuer_unavailable,timeout,1
1111,UPI,ICICI Bank,11,6,0,0,GATEWAY_ERROR,issuer_risk_block,risk,0
1490,UPI,ICICI Bank,20,4,1,0,GATEWAY_ERROR,issuer_unavailable,timeout,0
1718,UPI,Yes Bank,21,5,1,0,GATEWAY_ERROR,internal_error,funds,0
3638,UPI,HDFC Bank,6,5,1,1,BAD_REQUEST_ERROR,invalid_expiry,invalid,1
4670,UPI,SBI,10,3,0,0,BAD_REQUEST_ERROR,user_cancelled,dropoff,1
9281,UPI,Kotak Mahindra,12,0,2,0,GATEWAY_ERROR,internal_error,timeout,1
372,UPI,SBI,19,3,0,0,BAD_REQUEST_ERROR,user_cancelled,dropoff,0
1623,UPI,IDFC First,16,6,0,0,BAD_REQUEST_ERROR,insufficient_funds,funds,0
1043,Netbanking,Yes Bank,13,6,0,1,BAD_REQUEST_ERROR,otp_timeout,dropoff,1
3726,UPI,Axis Bank,1,1,0,0,BAD_REQUEST_ERROR,invalid_cvv,risk,1
977,UPI,IDFC First,11,5,0,1,GATEWAY_ERROR,issuer_unavailable,timeout,1
1052,UPI,HDFC Bank,0,5,1,1,BAD_REQUEST_ERROR,issuer_general_decline,decline,0
808,UPI,SBI,21,3,0,0,GATEWAY_ERROR,internal_error,timeout,1
3801,UPI,HDFC Bank,21,4,1,1,BAD_REQUEST_ERROR,insufficient_funds,funds,0
1356,Card,SBI,3,2,1,0,BAD_REQUEST_ERROR,otp_timeout,dropoff,1
499,Card,SBI,23,2,0,0,GATEWAY_ERROR,issuer_unavailable,timeout,1
483,Card,ICICI Bank,10,4,0,0,GATEWAY_ERROR,issuer_risk_block,risk,0
1101,UPI,Yes Bank,4,1,0,0,GATEWAY_ERROR,internal_error,timeout,1
2774,Netbanking,Yes Bank,1,3,1,0,BAD_REQUEST_ERROR,invalid_cvv,invalid,0
387,UPI,Kotak Mahindra,2,4,0,0,GATEWAY_ERROR,issuer_risk_block,risk,0
2379,UPI,Kotak Mahindra,11,5,0,1,BAD_REQUEST_ERROR,issuer_general_decline,decline,0
1918,UPI,Axis Bank,14,5,1,0,GATEWAY_ERROR,issuer_risk_block,risk,0
1421,UPI,ICICI Bank,15,5,0,0,BAD_REQUEST_ERROR,issuer_general_decline,decline,1
1359,UPI,Axis Bank,17,5,3,1,GATEWAY_ERROR,internal_error,timeout,0
2778,Card,IDFC First,18,6,0,1,BAD_REQUEST_ERROR,issuer_general_decline,decline,0
867,UPI,Kotak Mahindra,13,2,1,0,GATEWAY_ERROR,issuer_unavailable,timeout,1
1743,Card,IDFC First,10,5,0,0,BAD_REQUEST_ERROR,otp_timeout,dropoff,1
986,UPI,IDFC First,4,3,0,0,BAD_REQUEST_ERROR,otp_timeout,dropoff,1
131,Netbanking,Yes Bank,19,6,1,1,BAD_REQUEST_ERROR,invalid_cvv,invalid,0
770,UPI,HDFC Bank,15,3,1,0,BAD_REQUEST_ERROR,invalid_cvv,invalid,1
290,UPI,Kotak Mahindra,2,4,3,0,GATEWAY_ERROR,issuer_unavailable,timeout,0
2873,UPI,Kotak Mahindra,1,4,2,0,BAD_REQUEST_ERROR,insufficient_funds,funds,0
1062,UPI,IDFC First,15,4,0,0,BAD_REQUEST_ERROR,issuer_general_decline,decline,0
1636,UPI,ICICI Bank,2,2,3,0,BAD_REQUEST_ERROR,user_cancelled,invalid,0
3110,Wallet,SBI,1,2,1,0,BAD_REQUEST_ERROR,issuer_general_decline,decline,0
3702,UPI,IDFC First,1,1,0,0,BAD_REQUEST_ERROR,insufficient_funds,funds,0
197,Wallet,ICICI Bank,5,2,0,1,BAD_REQUEST_ERROR,insufficient_funds,funds,0
1460,Wallet,HDFC Bank,8,6,0,0,BAD_REQUEST_ERROR,invalid_expiry,invalid,0
15383,UPI,HDFC Bank,17,3,0,0,BAD_REQUEST_ERROR,insufficient_funds,funds,0
697,Card,HDFC Bank,11,6,0,0,BAD_REQUEST_ERROR,user_cancelled,dropoff,1
4500,UPI,Axis Bank,17,2,1,0,BAD_REQUEST_ERROR,otp_timeout,dropoff,0
509,Card,ICICI Bank,5,1,0,1,BAD_REQUEST_ERROR,invalid_expiry,invalid,0
603,Card,SBI,20,2,1,1,BAD_REQUEST_ERROR,insufficient_funds,funds,0
5526,UPI,Yes Bank,1,2,0,0,BAD_REQUEST_ERROR,invalid_expiry,invalid,0
4712,UPI,Yes Bank,9,3,1,1,BAD_REQUEST_ERROR,invalid_expiry,invalid,0
1580,Card,HDFC Bank,14,1,1,1,GATEWAY_ERROR,internal_error,timeout,1
1257,UPI,IDFC First,9,0,0,1,BAD_REQUEST_ERROR,insufficient_funds,funds,0
895,Card,Axis Bank,1,5,0,0,BAD_REQUEST_ERROR,otp_timeout,dropoff,1
5030,Card,Kotak Mahindra,10,6,2,0,GATEWAY_ERROR,issuer_risk_block,risk,0
798,UPI,Axis Bank,13,5,2,0,GATEWAY_ERROR,issuer_risk_block,risk,0
3041,Netbanking,Kotak Mahindra,14,3,0,1,GATEWAY_ERROR,internal_error,timeout,1
1380,Card,ICICI Bank,13,2,1,0,GATEWAY_ERROR,internal_error,timeout,1
1102,UPI,Axis Bank,22,2,1,0,GATEWAY_ERROR,issuer_unavailable,timeout,1
482,Netbanking,Kotak Mahindra,0,0,1,0,BAD_REQUEST_ERROR,invalid_cvv,invalid,1
307,UPI,IDFC First,0,5,0,1,BAD_REQUEST_ERROR,insufficient_funds,funds,0
1685,Netbanking,IDFC First,21,4,0,1,BAD_REQUEST_ERROR,otp_timeout,dropoff,0
1590,Netbanking,SBI,9,5,0,0,BAD_REQUEST_ERROR,insufficient_funds,funds,0
2665,Netbanking,IDFC First,15,6,0,0,GATEWAY_ERROR,issuer_risk_block,risk,0
319,Netbanking,IDFC First,8,0,1,0,BAD_REQUEST_ERROR,insufficient_funds,funds,0
653,Card,Kotak Mahindra,8,6,0,0,GATEWAY_ERROR,issuer_unavailable,timeout,1
195,UPI,HDFC Bank,0,6,0,0,BAD_REQUEST_ERROR,issuer_general_decline,decline,0
944,UPI,SBI,11,0,0,1,BAD_REQUEST_ERROR,insufficient_funds,funds,0
5769,UPI,SBI,23,3,0,1,BAD_REQUEST_ERROR,insufficient_funds,funds,0
3230,Card,SBI,3,6,2,0,GATEWAY_ERROR,internal_error,invalid,0
1313,Wallet,Yes Bank,23,0,0,0,BAD_REQUEST_ERROR,issuer_general_decline,decline,0
739,UPI,ICICI Bank,4,3,0,0,BAD_REQUEST_ERROR,issuer_general_decline,decline,1
196,Netbanking,IDFC First,17,4,0,1,BAD_REQUEST_ERROR,otp_timeout,dropoff,1
880,Card,ICICI Bank,22,4,0,0,BAD_REQUEST_ERROR,issuer_general_decline,decline,0
286,UPI,SBI,11,2,1,0,BAD_REQUEST_ERROR,invalid_expiry,invalid,0
4216,UPI,IDFC First,4,3,2,0,BAD_REQUEST_ERROR,otp_timeout,funds,0
2230,Card,ICICI Bank,17,0,1,1,BAD_REQUEST_ERROR,insufficient_funds,funds,0
5228,Netbanking,SBI,19,1,0,0,BAD_REQUEST_ERROR,user_cancelled,funds,0
5565,UPI,Axis Bank,3,6,3,1,GATEWAY_ERROR,issuer_risk_block,risk,0
566,Card,Axis Bank,19,1,0,0,GATEWAY_ERROR,issuer_risk_block,risk,0
333,UPI,ICICI Bank,4,4,0,1,BAD_REQUEST_ERROR,insufficient_funds,funds,0
569,UPI,SBI,12,6,0,1,BAD_REQUEST_ERROR,invalid_expiry,invalid,0
4402,UPI,Kotak Mahindra,18,2,1,0,BAD_REQUEST_ERROR,insufficient_funds,funds,0
955,UPI,IDFC First,1,0,2,1,GATEWAY_ERROR,issuer_risk_block,risk,0
6732,UPI,Kotak Mahindra,20,5,2,1,BAD_REQUEST_ERROR,issuer_general_decline,funds,0
864,Card,SBI,17,2,0,1,GATEWAY_ERROR,issuer_risk_block,risk,0
4007,Netbanking,IDFC First,0,0,1,0,BAD_REQUEST_ERROR,issuer_general_decline,timeout,1
2439,Card,Axis Bank,14,2,0,0,GATEWAY_ERROR,internal_error,timeout,1
2803,UPI,HDFC Bank,22,5,1,0,BAD_REQUEST_ERROR,user_cancelled,dropoff,0
5803,UPI,HDFC Bank,14,4,0,1,GATEWAY_ERROR,issuer_risk_block,risk,0
3160,Card,Axis Bank,14,4,0,1,BAD_REQUEST_ERROR,otp_timeout,dropoff,1
728,Netbanking,ICICI Bank,19,2,1,0,BAD_REQUEST_ERROR,insufficient_funds,funds,0
802,UPI,IDFC First,3,3,1,0,BAD_REQUEST_ERROR,otp_timeout,dropoff,1
4002,Card,Yes Bank,18,1,1,0,BAD_REQUEST_ERROR,insufficient_funds,funds,0
1026,UPI,HDFC Bank,3,0,1,1,BAD_REQUEST_ERROR,otp_timeout,dropoff,1
8867,Netbanking,Kotak Mahindra,3,0,1,0,GATEWAY_ERROR,internal_error,timeout,1
3164,Netbanking,Yes Bank,5,0,0,0,BAD_REQUEST_ERROR,user_cancelled,dropoff,1
508,UPI,HDFC Bank,6,5,2,0,BAD_REQUEST_ERROR,otp_timeout,dropoff,0
511,UPI,IDFC First,20,2,0,1,BAD_REQUEST_ERROR,invalid_cvv,invalid,0
4929,Netbanking,Yes Bank,12,2,0,1,GATEWAY_ERROR,internal_error,timeout,1
571,UPI,Yes Bank,22,2,0,0,BAD_REQUEST_ERROR,issuer_general_decline,timeout,1
1213,UPI,Yes Bank,3,0,0,0,BAD_REQUEST_ERROR,invalid_expiry,invalid,0
494,Wallet,Yes Bank,19,4,1,1,BAD_REQUEST_ERROR,invalid_expiry,invalid,1
833,UPI,Yes Bank,6,4,0,1,GATEWAY_ERROR,internal_error,timeout,1
1002,Netbanking,IDFC First,15,0,1,0,BAD_REQUEST_ERROR,otp_timeout,dropoff,1
1275,Wallet,ICICI Bank,21,3,1,0,BAD_REQUEST_ERROR,issuer_general_decline,decline,0
347,UPI,SBI,23,2,1,0,BAD_REQUEST_ERROR,invalid_cvv,invalid,0
8450,UPI,HDFC Bank,19,3,0,0,BAD_REQUEST_ERROR,issuer_general_decline,decline,1
468,Wallet,Kotak Mahindra,4,5,2,1,BAD_REQUEST_ERROR,otp_timeout,dropoff,0
1238,Card,SBI,19,6,1,1,BAD_REQUEST_ERROR,insufficient_funds,timeout,0
2234,UPI,Yes Bank,9,3,2,0,BAD_REQUEST_ERROR,otp_timeout,dropoff,0
1294,UPI,HDFC Bank,11,3,0,0,GATEWAY_ERROR,internal_error,timeout,0
2861,Netbanking,SBI,0,0,0,0,BAD_REQUEST_ERROR,user_cancelled,dropoff,1
5853,UPI,ICICI Bank,10,4,0,0,BAD_REQUEST_ERROR,insufficient_funds,funds,0
1549,Card,SBI,8,1,0,0,BAD_REQUEST_ERROR,invalid_expiry,risk,0
641,UPI,SBI,9,5,0,0,BAD_REQUEST_ERROR,invalid_expiry,invalid,0
1358,Card,HDFC Bank,14,6,0,0,BAD_REQUEST_ERROR,issuer_general_decline,decline,0
1932,UPI,Kotak Mahindra,10,1,1,1,BAD_REQUEST_ERROR,insufficient_funds,funds,0
3247,Card,ICICI Bank,21,5,0,1,BAD_REQUEST_ERROR,user_cancelled,invalid,1
533,Wallet,IDFC First,6,5,2,0,BAD_REQUEST_ERROR,user_cancelled,dropoff,1
2917,Card,SBI,15,3,3,1,BAD_REQUEST_ERROR,invalid_cvv,invalid,0
825,Card,SBI,22,0,2,1,BAD_REQUEST_ERROR,otp_timeout,dropoff,1
4948,Netbanking,ICICI Bank,21,4,0,0,GATEWAY_ERROR,issuer_risk_block,risk,0
6212,Card,Axis Bank,23,1,2,0,BAD_REQUEST_ERROR,user_cancelled,dropoff,1
4653,UPI,IDFC First,5,5,2,0,BAD_REQUEST_ERROR,otp_timeout,dropoff,1
1745,Netbanking,IDFC First,9,5,0,0,GATEWAY_ERROR,issuer_risk_block,risk,0
847,Card,Yes Bank,10,2,1,0,BAD_REQUEST_ERROR,invalid_cvv,invalid,0
1713,Netbanking,IDFC First,19,3,2,0,GATEWAY_ERROR,internal_error,timeout,0
1959,Netbanking,IDFC First,3,6,0,0,GATEWAY_ERROR,issuer_unavailable,timeout,0
4109,UPI,ICICI Bank,9,5,0,0,BAD_REQUEST_ERROR,issuer_general_decline,decline,0
564,UPI,ICICI Bank,11,3,0,0,BAD_REQUEST_ERROR,otp_timeout,dropoff,1
1630,UPI,SBI,5,5,3,1,BAD_REQUEST_ERROR,issuer_general_decline,decline,0
2155,Card,ICICI Bank,23,2,1,0,GATEWAY_ERROR,issuer_risk_block,risk,0
2547,Card,Kotak Mahindra,10,0,1,0,BAD_REQUEST_ERROR,insufficient_funds,funds,0
2352,UPI,Kotak Mahindra,16,0,0,0,BAD_REQUEST_ERROR,invalid_cvv,invalid,1
1316,Netbanking,HDFC Bank,4,3,2,0,GATEWAY_ERROR,issuer_risk_block,risk,0
1046,UPI,Kotak Mahindra,1,0,0,0,BAD_REQUEST_ERROR,insufficient_funds,funds,0
1845,UPI,Yes Bank,12,6,1,0,BAD_REQUEST_ERROR,invalid_expiry,dropoff,0
1734,Wallet,IDFC First,10,5,2,1,BAD_REQUEST_ERROR,otp_timeout,dropoff,0
17437,Netbanking,HDFC Bank,7,0,2,1,GATEWAY_ERROR,issuer_risk_block,decline,0
6858,Card,SBI,14,5,1,1,BAD_REQUEST_ERROR,insufficient_funds,funds,0
5621,Netbanking,HDFC Bank,9,1,2,0,BAD_REQUEST_ERROR,insufficient_funds,funds,0
7895,Wallet,Kotak Mahindra,23,2,1,1,BAD_REQUEST_ERROR,invalid_cvv,invalid,0
4778,UPI,SBI,9,2,0,0,BAD_REQUEST_ERROR,issuer_general_decline,decline,0
4369,UPI,HDFC Bank,3,5,0,1,BAD_REQUEST_ERROR,invalid_cvv,invalid,1
295,Netbanking,SBI,17,0,0,1,BAD_REQUEST_ERROR,invalid_cvv,invalid,1
12908,Wallet,Axis Bank,3,1,0,1,GATEWAY_ERROR,issuer_risk_block,risk,0
2592,UPI,Kotak Mahindra,4,6,2,0,GATEWAY_ERROR,issuer_risk_block,invalid,0
955,UPI,Yes Bank,10,2,1,1,BAD_REQUEST_ERROR,user_cancelled,dropoff,1
1499,Netbanking,Axis Bank,13,2,0,1,BAD_REQUEST_ERROR,otp_timeout,dropoff,0
2575,Card,SBI,22,5,0,0,GATEWAY_ERROR,issuer_unavailable,timeout,1
897,Netbanking,ICICI Bank,15,2,2,0,BAD_REQUEST_ERROR,invalid_expiry,invalid,0
6162,Card,IDFC First,2,5,0,0,BAD_REQUEST_ERROR,otp_timeout,dropoff,1
9901,Card,Kotak Mahindra,7,6,0,0,BAD_REQUEST_ERROR,issuer_general_decline,decline,0
2355,UPI,Kotak Mahindra,20,5,0,1,BAD_REQUEST_ERROR,invalid_expiry,invalid,0
2888,UPI,Kotak Mahindra,1,0,1,0,BAD_REQUEST_ERROR,issuer_general_decline,decline,0
2210,UPI,ICICI Bank,10,5,1,1,BAD_REQUEST_ERROR,invalid_cvv,invalid,1
1228,Card,IDFC First,23,0,0,0,BAD_REQUEST_ERROR,invalid_cvv,invalid,1
1033,Wallet,Axis Bank,23,6,1,0,BAD_REQUEST_ERROR,user_cancelled,dropoff,0
7762,Card,Yes Bank,9,1,1,0,GATEWAY_ERROR,issuer_risk_block,risk,0
3230,Card,Axis Bank,22,2,1,0,BAD_REQUEST_ERROR,otp_timeout,dropoff,1
298,UPI,Axis Bank,22,2,1,1,BAD_REQUEST_ERROR,issuer_general_decline,decline,0
2717,UPI,Axis Bank,20,1,1,0,BAD_REQUEST_ERROR,user_cancelled,dropoff,1
1284,UPI,SBI,13,0,1,0,BAD_REQUEST_ERROR,issuer_general_decline,decline,1
1184,Netbanking,Axis Bank,14,1,1,0,GATEWAY_ERROR,issuer_risk_block,risk,0
2076,Card,Axis Bank,1,0,0,0,BAD_REQUEST_ERROR,invalid_expiry,invalid,1
6309,Card,Yes Bank,6,1,2,0,BAD_REQUEST_ERROR,insufficient_funds,funds,0
409,UPI,HDFC Bank,18,6,0,1,GATEWAY_ERROR,issuer_unavailable,timeout,1
985,Card,IDFC First,9,6,3,1,GATEWAY_ERROR,issuer_risk_block,risk,0
1922,Card,Kotak Mahindra,17,5,0,1,GATEWAY_ERROR,issuer_unavailable,timeout,1
5009,UPI,SBI,23,5,2,0,BAD_REQUEST_ERROR,insufficient_funds,funds,1
11242,Netbanking,Axis Bank,16,1,0,0,BAD_REQUEST_ERROR,invalid_expiry,invalid,0
6988,Card,ICICI Bank,7,4,0,0,BAD_REQUEST_ERROR,invalid_cvv,invalid,0
1073,Netbanking,SBI,18,0,0,1,GATEWAY_ERROR,internal_error,timeout,1
969,Wallet,HDFC Bank,17,2,1,1,BAD_REQUEST_ERROR,issuer_general_decline,decline,0
2341,Card,Axis Bank,7,5,0,1,BAD_REQUEST_ERROR,user_cancelled,dropoff,1
5473,Wallet,Yes Bank,10,5,1,0,GATEWAY_ERROR,issuer_unavailable,timeout,1
1881,UPI,Yes Bank,8,1,0,0,GATEWAY_ERROR,issuer_risk_block,risk,0
3926,Wallet,Yes Bank,18,2,1,0,GATEWAY_ERROR,internal_error,timeout,1
1738,UPI,Yes Bank,6,3,0,1,BAD_REQUEST_ERROR,insufficient_funds,funds,0
30264,Card,Axis Bank,23,4,3,0,BAD_REQUEST_ERROR,insufficient_funds,funds,0
1851,UPI,SBI,16,3,0,0,BAD_REQUEST_ERROR,otp_timeout,dropoff,1
830,Wallet,Axis Bank,1,6,2,1,GATEWAY_ERROR,issuer_unavailable,timeout,1
9908,Card,ICICI Bank,14,3,0,0,GATEWAY_ERROR,issuer_unavailable,timeout,0
574,UPI,HDFC Bank,3,0,1,0,GATEWAY_ERROR,issuer_risk_block,risk,0
7598,Card,ICICI Bank,8,4,0,0,BAD_REQUEST_ERROR,issuer_general_decline,decline,0
1205,Card,Axis Bank,17,4,1,0,BAD_REQUEST_ERROR,otp_timeout,dropoff,0
3981,UPI,HDFC Bank,11,0,1,0,GATEWAY_ERROR,internal_error,dropoff,0
712,UPI,HDFC Bank,10,6,1,0,BAD_REQUEST_ERROR,invalid_cvv,invalid,0
18597,Card,ICICI Bank,16,6,0,0,GATEWAY_ERROR,issuer_unavailable,timeout,1
1607,UPI,HDFC Bank,19,5,0,0,GATEWAY_ERROR,issuer_risk_block,risk,0
1530,Netbanking,Axis Bank,15,0,1,0,BAD_REQUEST_ERROR,insufficient_funds,funds,0
535,UPI,Yes Bank,13,4,0,0,BAD_REQUEST_ERROR,user_cancelled,dropoff,0
3869,UPI,Yes Bank,12,6,0,1,BAD_REQUEST_ERROR,invalid_expiry,invalid,1
1728,UPI,Yes Bank,16,5,2,1,BAD_REQUEST_ERROR,invalid_expiry,invalid,1
3551,UPI,SBI,23,3,0,1,BAD_REQUEST_ERROR,issuer_general_decline,decline,0
3265,Netbanking,Yes Bank,7,0,0,0,BAD_REQUEST_ERROR,invalid_expiry,invalid,0
4627,UPI,IDFC First,12,2,2,1,BAD_REQUEST_ERROR,invalid_cvv,invalid,0
5766,Netbanking,SBI,8,6,1,1,GATEWAY_ERROR,issuer_unavailable,timeout,0
920,UPI,Yes Bank,12,0,1,0,GATEWAY_ERROR,issuer_risk_block,risk,0
6438,UPI,Yes Bank,6,5,0,0,GATEWAY_ERROR,issuer_risk_block,risk,0
2287,Netbanking,Kotak Mahindra,11,2,0,1,GATEWAY_ERROR,issuer_unavailable,timeout,1
1763,UPI,Kotak Mahindra,12,0,1,1,GATEWAY_ERROR,internal_error,timeout,1
589,Netbanking,Axis Bank,7,1,0,0,GATEWAY_ERROR,internal_error,dropoff,0
1700,UPI,Axis Bank,19,4,1,0,BAD_REQUEST_ERROR,invalid_expiry,invalid,0
1924,UPI,Kotak Mahindra,4,2,0,1,GATEWAY_ERROR,issuer_unavailable,timeout,1
2110,Card,HDFC Bank,3,6,0,0,BAD_REQUEST_ERROR,issuer_general_decline,decline,0
782,UPI,SBI,11,5,1,1,GATEWAY_ERROR,issuer_risk_block,risk,0
340,UPI,Yes Bank,21,0,1,0,GATEWAY_ERROR,internal_error,timeout,1
1808,Netbanking,HDFC Bank,0,6,0,0,BAD_REQUEST_ERROR,insufficient_funds,funds,0
1408,Netbanking,IDFC First,15,0,0,0,BAD_REQUEST_ERROR,invalid_cvv,invalid,1
2026,Wallet,Yes Bank,12,0,1,1,BAD_REQUEST_ERROR,invalid_expiry,invalid,1
3772,Card,Yes Bank,9,4,2,1,GATEWAY_ERROR,issuer_risk_block,risk,0
5318,UPI,ICICI Bank,17,6,0,1,BAD_REQUEST_ERROR,invalid_cvv,invalid,0
545,UPI,HDFC Bank,22,6,0,0,GATEWAY_ERROR,issuer_risk_block,risk,0
2370,Netbanking,Yes Bank,0,6,1,1,GATEWAY_ERROR,internal_error,timeout,1
3178,Card,Kotak Mahindra,18,0,1,0,BAD_REQUEST_ERROR,insufficient_funds,funds,1
2050,Card,Yes Bank,10,1,1,1,BAD_REQUEST_ERROR,otp_timeout,dropoff,0
3408,Card,Kotak Mahindra,15,5,2,0,GATEWAY_ERROR,issuer_unavailable,timeout,0
2898,UPI,HDFC Bank,23,2,2,0,BAD_REQUEST_ERROR,user_cancelled,dropoff,1
1877,Netbanking,IDFC First,15,0,3,0,GATEWAY_ERROR,internal_error,timeout,1
539,Netbanking,Kotak Mahindra,7,0,0,0,BAD_REQUEST_ERROR,otp_timeout,dropoff,0
1323,UPI,Yes Bank,8,2,2,1,BAD_REQUEST_ERROR,otp_timeout,dropoff,1
829,UPI,Kotak Mahindra,2,2,1,0,BAD_REQUEST_ERROR,insufficient_funds,funds,1
2463,UPI,Yes Bank,2,1,0,1,GATEWAY_ERROR,issuer_unavailable,timeout,1
343,UPI,SBI,1,0,0,1,GATEWAY_ERROR,issuer_risk_block,risk,0
1745,UPI,SBI,13,2,0,0,BAD_REQUEST_ERROR,issuer_general_decline,decline,1
503,UPI,IDFC First,8,6,2,0,GATEWAY_ERROR,internal_error,timeout,1
6010,Card,HDFC Bank,16,2,1,0,BAD_REQUEST_ERROR,invalid_cvv,invalid,1
497,UPI,Axis Bank,4,4,0,1,BAD_REQUEST_ERROR,user_cancelled,dropoff,0
528,Netbanking,Kotak Mahindra,10,2,0,0,BAD_REQUEST_ERROR,invalid_cvv,invalid,1
600,Card,Yes Bank,14,4,2,0,GATEWAY_ERROR,internal_error,timeout,0
970,Card,ICICI Bank,20,1,2,0,BAD_REQUEST_ERROR,user_cancelled,dropoff,0
2099,Wallet,ICICI Bank,20,4,0,0,GATEWAY_ERROR,internal_error,timeout,1
577,UPI,Axis Bank,3,0,0,0,BAD_REQUEST_ERROR,insufficient_funds,timeout,0
1556,UPI,Kotak Mahindra,9,3,1,0,GATEWAY_ERROR,internal_error,timeout,1
9008,Wallet,Kotak Mahindra,18,6,0,0,GATEWAY_ERROR,internal_error,invalid,1
2071,UPI,SBI,2,0,1,1,GATEWAY_ERROR,issuer_unavailable,timeout,1
3444,UPI,SBI,20,2,2,0,GATEWAY_ERROR,internal_error,timeout,0
1279,Card,IDFC First,11,5,1,1,GATEWAY_ERROR,issuer_risk_block,risk,0
6630,Card,Yes Bank,12,2,0,0,BAD_REQUEST_ERROR,insufficient_funds,funds,0
822,UPI,Yes Bank,16,5,0,0,BAD_REQUEST_ERROR,otp_timeout,dropoff,1
4434,UPI,Kotak Mahindra,0,0,0,0,GATEWAY_ERROR,internal_error,timeout,1
2897,Card,HDFC Bank,0,2,0,0,GATEWAY_ERROR,internal_error,timeout,0
3575,UPI,Axis Bank,3,2,0,0,BAD_REQUEST_ERROR,invalid_cvv,invalid,0
453,Wallet,Axis Bank,6,2,1,0,GATEWAY_ERROR,issuer_unavailable,timeout,0
971,UPI,Kotak Mahindra,6,1,0,0,BAD_REQUEST_ERROR,insufficient_funds,funds,0
1715,UPI,Axis Bank,20,1,0,0,BAD_REQUEST_ERROR,insufficient_funds,funds,0
1973,Wallet,HDFC Bank,17,6,2,1,BAD_REQUEST_ERROR,otp_timeout,dropoff,0
519,UPI,ICICI Bank,14,6,0,0,GATEWAY_ERROR,issuer_risk_block,risk,0
1681,UPI,ICICI Bank,16,1,1,0,BAD_REQUEST_ERROR,invalid_expiry,invalid,0
1567,UPI,IDFC First,2,1,0,1,GATEWAY_ERROR,issuer_risk_block,risk,0
1016,UPI,HDFC Bank,5,4,0,0,BAD_REQUEST_ERROR,issuer_general_decline,decline,1
2639,UPI,HDFC Bank,20,3,1,0,GATEWAY_ERROR,issuer_unavailable,timeout,1
3063,Netbanking,HDFC Bank,7,3,0,1,BAD_REQUEST_ERROR,user_cancelled,dropoff,1
1209,Netbanking,HDFC Bank,11,2,0,1,BAD_REQUEST_ERROR,otp_timeout,dropoff,0
2165,Card,Kotak Mahindra,11,2,0,0,BAD_REQUEST_ERROR,otp_timeout,dropoff,1
977,Wallet,Yes Bank,2,2,1,0,BAD_REQUEST_ERROR,issuer_general_decline,decline,0
1855,UPI,Yes Bank,2,4,1,0,GATEWAY_ERROR,internal_error,timeout,1
3145,Wallet,IDFC First,11,6,0,0,BAD_REQUEST_ERROR,insufficient_funds,funds,0
1197,Card,Axis Bank,11,0,1,0,GATEWAY_ERROR,issuer_risk_block,risk,0
314,Wallet,HDFC Bank,14,3,2,1,BAD_REQUEST_ERROR,issuer_general_decline,decline,0
899,UPI,HDFC Bank,18,2,0,1,BAD_REQUEST_ERROR,otp_timeout,dropoff,1
578,Card,SBI,10,0,1,0,BAD_REQUEST_ERROR,invalid_expiry,invalid,1
1036,UPI,Axis Bank,19,5,1,0,BAD_REQUEST_ERROR,invalid_expiry,invalid,1
559,UPI,SBI,12,5,1,0,BAD_REQUEST_ERROR,issuer_general_decline,decline,0
15676,Netbanking,SBI,2,3,0,0,BAD_REQUEST_ERROR,insufficient_funds,funds,0
5205,Card,Yes Bank,10,0,3,1,BAD_REQUEST_ERROR,issuer_general_decline,decline,0
1452,UPI,Kotak Mahindra,19,5,2,1,BAD_REQUEST_ERROR,invalid_cvv,invalid,1
345,UPI,Yes Bank,12,5,2,1,BAD_REQUEST_ERROR,invalid_cvv,risk,0
3396,UPI,Kotak Mahindra,16,2,2,0,BAD_REQUEST_ERROR,insufficient_funds,funds,0
644,Wallet,IDFC First,23,2,0,0,GATEWAY_ERROR,internal_error,timeout,1
3043,Netbanking,IDFC First,2,0,0,1,BAD_REQUEST_ERROR,insufficient_funds,funds,0
3282,Card,HDFC Bank,5,0,2,0,BAD_REQUEST_ERROR,insufficient_funds,funds,0
3667,UPI,Axis Bank,22,2,1,0,BAD_REQUEST_ERROR,invalid_expiry,invalid,1
173,UPI,SBI,11,0,1,0,BAD_REQUEST_ERROR,invalid_expiry,invalid,0
1407,Card,HDFC Bank,0,0,2,0,GATEWAY_ERROR,issuer_unavailable,timeout,1
2299,Netbanking,Kotak Mahindra,16,4,1,1,GATEWAY_ERROR,internal_error,timeout,1
921,UPI,ICICI Bank,8,1,0,0,GATEWAY_ERROR,issuer_risk_block,risk,0
8362,Wallet,ICICI Bank,15,5,1,0,BAD_REQUEST_ERROR,otp_timeout,funds,0
4944,Netbanking,IDFC First,14,2,1,0,BAD_REQUEST_ERROR,user_cancelled,dropoff,0
1709,Card,Kotak Mahindra,8,5,1,0,BAD_REQUEST_ERROR,issuer_general_decline,decline,1
875,UPI,SBI,0,5,0,1,GATEWAY_ERROR,issuer_unavailable,timeout,0
870,UPI,SBI,4,4,1,0,GATEWAY_ERROR,issuer_unavailable,timeout,0
1036,UPI,Kotak Mahindra,8,4,0,0,BAD_REQUEST_ERROR,invalid_expiry,invalid,0
1528,Wallet,SBI,7,5,0,0,BAD_REQUEST_ERROR,invalid_expiry,invalid,0
1826,UPI,HDFC Bank,15,0,1,1,GATEWAY_ERROR,issuer_risk_block,risk,0
2369,Card,ICICI Bank,2,4,3,1,GATEWAY_ERROR,internal_error,timeout,0
1600,Netbanking,SBI,5,1,0,1,BAD_REQUEST_ERROR,invalid_expiry,invalid,1
1528,Wallet,Axis Bank,13,2,0,0,BAD_REQUEST_ERROR,issuer_general_decline,decline,0
4025,UPI,Axis Bank,7,5,0,0,BAD_REQUEST_ERROR,issuer_general_decline,decline,1
1565,UPI,ICICI Bank,0,3,3,1,BAD_REQUEST_ERROR,invalid_cvv,dropoff,1
1512,Card,HDFC Bank,1,3,0,0,BAD_REQUEST_ERROR,issuer_general_decline,decline,1
5649,Card,Axis Bank,7,5,1,1,GATEWAY_ERROR,issuer_risk_block,risk,0
2170,Card,ICICI Bank,11,0,0,0,BAD_REQUEST_ERROR,issuer_general_decline,decline,0
1286,UPI,Yes Bank,23,2,1,0,BAD_REQUEST_ERROR,issuer_general_decline,decline,1
1469,Card,Axis Bank,15,6,0,0,BAD_REQUEST_ERROR,user_cancelled,dropoff,0
691,Wallet,Yes Bank,18,3,2,0,BAD_REQUEST_ERROR,otp_timeout,dropoff,0
1397,UPI,IDFC First,20,0,0,0,BAD_REQUEST_ERROR,invalid_expiry,invalid,1
2098,Netbanking,Kotak Mahindra,16,3,0,1,GATEWAY_ERROR,issuer_unavailable,timeout,1
475,Netbanking,ICICI Bank,7,5,0,0,GATEWAY_ERROR,issuer_risk_block,risk,0
1827,UPI,HDFC Bank,21,6,1,0,BAD_REQUEST_ERROR,otp_timeout,dropoff,0
2009,Card,Kotak Mahindra,3,1,1,0,GATEWAY_ERROR,internal_error,timeout,1
960,Card,Yes Bank,6,1,0,1,GATEWAY_ERROR,internal_error,timeout,0
4379,Card,SBI,1,3,0,0,BAD_REQUEST_ERROR,otp_timeout,dropoff,1
435,Netbanking,SBI,2,0,1,0,BAD_REQUEST_ERROR,invalid_cvv,invalid,1
3481,UPI,ICICI Bank,9,3,0,0,BAD_REQUEST_ERROR,user_cancelled,dropoff,1
2190,UPI,IDFC First,16,5,1,0,GATEWAY_ERROR,issuer_risk_block,risk,0
1401,Card,Yes Bank,2,0,0,0,BAD_REQUEST_ERROR,issuer_general_decline,decline,0
1479,UPI,HDFC Bank,9,6,0,1,BAD_REQUEST_ERROR,invalid_expiry,dropoff,1
245,UPI,Kotak Mahindra,0,5,1,1,BAD_REQUEST_ERROR,invalid_cvv,invalid,1
579,Card,Axis Bank,8,5,0,1,BAD_REQUEST_ERROR,insufficient_funds,funds,0
789,Wallet,HDFC Bank,4,1,0,0,BAD_REQUEST_ERROR,otp_timeout,dropoff,1
1586,Card,HDFC Bank,18,1,1,1,BAD_REQUEST_ERROR,invalid_cvv,invalid,1
1599,Card,SBI,19,1,0,0,BAD_REQUEST_ERROR,insufficient_funds,funds,0
1182,UPI,HDFC Bank,8,3,1,1,BAD_REQUEST_ERROR,insufficient_funds,funds,1
882,UPI,Axis Bank,5,1,0,0,GATEWAY_ERROR,issuer_unavailable,invalid,1
419,UPI,ICICI Bank,23,3,2,1,BAD_REQUEST_ERROR,otp_timeout,dropoff,1
489,Card,SBI,16,1,1,0,GATEWAY_ERROR,issuer_unavailable,timeout,1
155,Card,Kotak Mahindra,3,2,1,0,BAD_REQUEST_ERROR,user_cancelled,dropoff,0
992,Card,HDFC Bank,22,4,2,0,BAD_REQUEST_ERROR,insufficient_funds,funds,0
3589,Card,Axis Bank,10,6,1,0,BAD_REQUEST_ERROR,user_cancelled,dropoff,1
416,Wallet,Yes Bank,19,3,0,1,BAD_REQUEST_ERROR,invalid_cvv,invalid,1
1944,UPI,HDFC Bank,4,6,1,0,BAD_REQUEST_ERROR,otp_timeout,dropoff,0
846,Card,IDFC First,14,5,0,0,BAD_REQUEST_ERROR,invalid_expiry,invalid,1
1757,Card,Yes Bank,3,2,0,0,GATEWAY_ERROR,issuer_unavailable,timeout,1
1857,Card,Yes Bank,20,1,0,0,BAD_REQUEST_ERROR,otp_timeout,dropoff,1
4859,Wallet,Yes Bank,6,4,1,1,BAD_REQUEST_ERROR,invalid_cvv,invalid,0
3979,UPI,IDFC First,13,2,0,0,BAD_REQUEST_ERROR,otp_timeout,dropoff,0
1043,Wallet,Axis Bank,18,4,0,1,BAD_REQUEST_ERROR,user_cancelled,decline,0
650,UPI,ICICI Bank,8,1,0,1,GATEWAY_ERROR,issuer_unavailable,timeout,1
1919,Card,Kotak Mahindra,13,2,0,1,BAD_REQUEST_ERROR,insufficient_funds,funds,1
2454,Card,IDFC First,20,0,2,0,BAD_REQUEST_ERROR,issuer_general_decline,decline,1
1259,UPI,HDFC Bank,16,5,0,0,BAD_REQUEST_ERROR,invalid_expiry,invalid,0
844,UPI,ICICI Bank,23,2,2,1,BAD_REQUEST_ERROR,user_cancelled,dropoff,1
5192,Card,ICICI Bank,12,5,0,0,BAD_REQUEST_ERROR,insufficient_funds,funds,0
914,Netbanking,Kotak Mahindra,13,5,0,0,BAD_REQUEST_ERROR,insufficient_funds,funds,0
13006,UPI,Yes Bank,14,3,0,0,GATEWAY_ERROR,internal_error,timeout,1
1295,UPI,Yes Bank,9,3,0,0,BAD_REQUEST_ERROR,user_cancelled,dropoff,1
1195,Card,IDFC First,19,3,1,0,GATEWAY_ERROR,issuer_unavailable,timeout,1
561,Wallet,IDFC First,9,4,1,1,GATEWAY_ERROR,internal_error,timeout,1
15222,Card,Yes Bank,22,0,3,0,GATEWAY_ERROR,internal_error,timeout,0
5249,Netbanking,HDFC Bank,6,1,0,0,BAD_REQUEST_ERROR,user_cancelled,dropoff,1
1556,Wallet,Kotak Mahindra,10,2,0,1,GATEWAY_ERROR,issuer_risk_block,decline,0
4125,UPI,HDFC Bank,15,6,0,0,BAD_REQUEST_ERROR,otp_timeout,dropoff,1
13949,UPI,ICICI Bank,14,5,0,1,GATEWAY_ERROR,internal_error,timeout,1
902,Card,SBI,5,0,0,0,BAD_REQUEST_ERROR,issuer_general_decline,decline,0
3818,UPI,SBI,10,6,0,0,BAD_REQUEST_ERROR,insufficient_funds,funds,0
899,UPI,Yes Bank,15,5,0,1,BAD_REQUEST_ERROR,insufficient_funds,funds,0
866,Card,Kotak Mahindra,17,5,1,1,BAD_REQUEST_ERROR,issuer_general_decline,decline,0
1857,UPI,Kotak Mahindra,0,5,0,0,BAD_REQUEST_ERROR,invalid_expiry,invalid,1
1371,Card,SBI,20,0,3,0,BAD_REQUEST_ERROR,insufficient_funds,funds,0
1714,UPI,IDFC First,0,3,0,0,BAD_REQUEST_ERROR,invalid_cvv,invalid,0
4321,UPI,Kotak Mahindra,13,5,0,0,BAD_REQUEST_ERROR,issuer_general_decline,funds,1
13674,Card,IDFC First,6,1,0,1,BAD_REQUEST_ERROR,otp_timeout,dropoff,0
4040,UPI,SBI,22,2,0,0,GATEWAY_ERROR,internal_error,timeout,1
735,Wallet,Yes Bank,11,6,0,0,BAD_REQUEST_ERROR,issuer_general_decline,decline,1
983,Card,Yes Bank,17,4,0,0,BAD_REQUEST_ERROR,insufficient_funds,funds,1
2395,Card,Axis Bank,14,2,1,1,GATEWAY_ERROR,issuer_risk_block,risk,0
640,UPI,Axis Bank,18,0,0,0,BAD_REQUEST_ERROR,invalid_cvv,invalid,0
1191,UPI,Kotak Mahindra,20,5,0,1,GATEWAY_ERROR,issuer_risk_block,risk,0
5563,Card,Yes Bank,12,0,0,1,GATEWAY_ERROR,internal_error,timeout,1
6263,UPI,Kotak Mahindra,11,0,1,0,BAD_REQUEST_ERROR,otp_timeout,dropoff,1
3131,UPI,HDFC Bank,17,2,1,1,GATEWAY_ERROR,issuer_risk_block,risk,1
3851,Card,Yes Bank,7,3,2,0,BAD_REQUEST_ERROR,insufficient_funds,funds,0
3311,Card,Axis Bank,22,3,0,1,GATEWAY_ERROR,issuer_unavailable,timeout,1
856,UPI,HDFC Bank,2,5,0,0,BAD_REQUEST_ERROR,issuer_general_decline,decline,1
502,Card,IDFC First,13,6,0,1,BAD_REQUEST_ERROR,insufficient_funds,funds,0
14665,UPI,ICICI Bank,0,0,0,0,BAD_REQUEST_ERROR,invalid_cvv,invalid,0
1316,UPI,IDFC First,21,6,0,0,GATEWAY_ERROR,issuer_unavailable,timeout,1
1408,Card,HDFC Bank,23,0,0,0,GATEWAY_ERROR,internal_error,timeout,1
985,UPI,IDFC First,6,0,1,0,GATEWAY_ERROR,issuer_unavailable,funds,0
1051,Wallet,Axis Bank,20,6,0,1,GATEWAY_ERROR,issuer_risk_block,risk,0
5216,UPI,Axis Bank,23,0,0,0,BAD_REQUEST_ERROR,invalid_expiry,invalid,1
1466,Wallet,SBI,8,6,2,0,GATEWAY_ERROR,internal_error,timeout,1
1449,Netbanking,HDFC Bank,4,5,0,0,BAD_REQUEST_ERROR,issuer_general_decline,decline,0
3075,Card,Yes Bank,21,0,1,0,BAD_REQUEST_ERROR,user_cancelled,dropoff,0
1042,UPI,HDFC Bank,18,5,0,1,BAD_REQUEST_ERROR,user_cancelled,dropoff,1
338,UPI,IDFC First,23,2,0,0,GATEWAY_ERROR,issuer_unavailable,timeout,1
1353,UPI,IDFC First,23,4,0,1,BAD_REQUEST_ERROR,otp_timeout,dropoff,1
1402,UPI,IDFC First,19,3,0,0,BAD_REQUEST_ERROR,invalid_expiry,invalid,0
1503,Card,SBI,15,1,0,1,BAD_REQUEST_ERROR,invalid_expiry,invalid,0
1012,UPI,Yes Bank,0,4,0,0,BAD_REQUEST_ERROR,user_cancelled,dropoff,0
10988,Card,IDFC First,22,5,1,0,BAD_REQUEST_ERROR,user_cancelled,dropoff,0
29753,UPI,Yes Bank,17,0,0,1,BAD_REQUEST_ERROR,user_cancelled,dropoff,1
451,Card,HDFC Bank,20,3,3,0,BAD_REQUEST_ERROR,invalid_cvv,invalid,1
7617,Netbanking,SBI,9,1,1,1,GATEWAY_ERROR,issuer_risk_block,risk,0
1649,UPI,ICICI Bank,20,1,0,1,BAD_REQUEST_ERROR,insufficient_funds,funds,0
1934,UPI,Axis Bank,12,3,2,1,BAD_REQUEST_ERROR,user_cancelled,dropoff,1
6462,Wallet,ICICI Bank,11,3,0,0,BAD_REQUEST_ERROR,user_cancelled,dropoff,0
8997,Netbanking,Axis Bank,6,1,0,1,GATEWAY_ERROR,issuer_unavailable,timeout,1
1892,UPI,HDFC Bank,6,1,1,0,BAD_REQUEST_ERROR,insufficient_funds,funds,1
5157,Wallet,Axis Bank,16,4,0,0,GATEWAY_ERROR,issuer_risk_block,risk,0
684,UPI,IDFC First,21,3,0,0,BAD_REQUEST_ERROR,insufficient_funds,funds,0
607,Card,ICICI Bank,0,2,0,0,BAD_REQUEST_ERROR,insufficient_funds,funds,0
4740,Card,ICICI Bank,21,3,0,0,BAD_REQUEST_ERROR,otp_timeout,dropoff,0
23967,UPI,ICICI Bank,10,1,2,0,BAD_REQUEST_ERROR,invalid_expiry,invalid,1
1342,Card,HDFC Bank,23,4,0,0,BAD_REQUEST_ERROR,otp_timeout,dropoff,1
479,UPI,Yes Bank,8,2,1,1,BAD_REQUEST_ERROR,user_cancelled,dropoff,1
1022,UPI,HDFC Bank,23,0,0,0,BAD_REQUEST_ERROR,issuer_general_decline,decline,0
2714,UPI,Axis Bank,15,2,1,0,BAD_REQUEST_ERROR,otp_timeout,dropoff,1
2179,Card,IDFC First,14,5,1,0,BAD_REQUEST_ERROR,user_cancelled,dropoff,1
585,UPI,Yes Bank,10,0,1,1,BAD_REQUEST_ERROR,issuer_general_decline,decline,0
3242,Netbanking,SBI,3,5,0,0,BAD_REQUEST_ERROR,insufficient_funds,funds,1
2059,Wallet,HDFC Bank,17,0,0,1,BAD_REQUEST_ERROR,user_cancelled,dropoff,0
5785,Card,IDFC First,12,6,1,0,BAD_REQUEST_ERROR,issuer_general_decline,decline,1
4099,Netbanking,Yes Bank,18,3,1,0,BAD_REQUEST_ERROR,user_cancelled,dropoff,0
2950,UPI,IDFC First,14,6,0,1,BAD_REQUEST_ERROR,invalid_expiry,invalid,1
397,UPI,IDFC First,23,3,2,0,BAD_REQUEST_ERROR,invalid_expiry,invalid,1
2171,Netbanking,Kotak Mahindra,3,1,0,1,GATEWAY_ERROR,issuer_risk_block,risk,0
3968,Netbanking,Axis Bank,23,2,0,0,BAD_REQUEST_ERROR,invalid_expiry,invalid,1
647,Card,IDFC First,10,0,0,1,GATEWAY_ERROR,issuer_risk_block,risk,0
702,Wallet,ICICI Bank,13,1,2,0,BAD_REQUEST_ERROR,otp_timeout,timeout,0
994,UPI,Kotak Mahindra,11,5,0,0,BAD_REQUEST_ERROR,invalid_expiry,invalid,1
2726,UPI,SBI,18,1,0,1,GATEWAY_ERROR,issuer_unavailable,timeout,1
1606,Card,Axis Bank,20,6,1,1,BAD_REQUEST_ERROR,user_cancelled,dropoff,0
739,Card,IDFC First,9,4,0,1,BAD_REQUEST_ERROR,insufficient_funds,funds,0
1099,Card,Yes Bank,2,0,0,0,GATEWAY_ERROR,internal_error,timeout,1
2082,Card,IDFC First,14,2,1,1,GATEWAY_ERROR,issuer_unavailable,timeout,1
1308,Card,Kotak Mahindra,17,4,0,0,GATEWAY_ERROR,internal_error,timeout,1
2583,Card,IDFC First,4,3,0,0,GATEWAY_ERROR,internal_error,timeout,1
6562,UPI,SBI,6,1,2,0,GATEWAY_ERROR,issuer_unavailable,timeout,1
228,Card,Yes Bank,18,4,0,0,GATEWAY_ERROR,internal_error,timeout,1
4313,Netbanking,SBI,2,2,1,0,GATEWAY_ERROR,issuer_risk_block,risk,0
578,Wallet,SBI,18,0,0,0,BAD_REQUEST_ERROR,invalid_cvv,invalid,0
573,UPI,Axis Bank,3,1,0,0,BAD_REQUEST_ERROR,invalid_expiry,invalid,1
211,Card,Axis Bank,1,6,1,0,BAD_REQUEST_ERROR,invalid_expiry,invalid,0
338,Netbanking,HDFC Bank,1,4,0,1,BAD_REQUEST_ERROR,issuer_general_decline,decline,0
2268,Card,HDFC Bank,17,3,0,0,BAD_REQUEST_ERROR,issuer_general_decline,decline,1
2256,UPI,ICICI Bank,11,5,1,0,BAD_REQUEST_ERROR,insufficient_funds,funds,0
11677,UPI,IDFC First,17,3,0,1,BAD_REQUEST_ERROR,invalid_expiry,invalid,1
1238,UPI,IDFC First,5,4,0,0,BAD_REQUEST_ERROR,otp_timeout,dropoff,1
638,UPI,ICICI Bank,14,4,1,0,BAD_REQUEST_ERROR,insufficient_funds,funds,0
689,Card,Axis Bank,11,3,1,0,BAD_REQUEST_ERROR,otp_timeout,dropoff,1
851,UPI,IDFC First,16,2,1,1,GATEWAY_ERROR,issuer_risk_block,risk,0
4325,Card,HDFC Bank,4,3,0,0,BAD_REQUEST_ERROR,insufficient_funds,funds,0
1423,UPI,HDFC Bank,4,1,1,0,BAD_REQUEST_ERROR,insufficient_funds,funds,0
1422,Card,ICICI Bank,16,4,0,0,BAD_REQUEST_ERROR,issuer_general_decline,decline,0
1259,UPI,Yes Bank,18,3,0,1,BAD_REQUEST_ERROR,insufficient_funds,funds,0
688,Netbanking,SBI,11,6,0,1,BAD_REQUEST_ERROR,invalid_cvv,funds,1
3299,UPI,Kotak Mahindra,0,1,1,1,BAD_REQUEST_ERROR,invalid_cvv,invalid,0
4075,Card,Axis Bank,23,1,0,0,BAD_REQUEST_ERROR,invalid_expiry,invalid,0
1552,Wallet,ICICI Bank,18,2,3,1,BAD_REQUEST_ERROR,invalid_expiry,invalid,0
860,UPI,Yes Bank,10,1,0,1,BAD_REQUEST_ERROR,insufficient_funds,funds,0
2541,UPI,ICICI Bank,22,4,0,0,GATEWAY_ERROR,internal_error,timeout,1
3394,Card,ICICI Bank,0,6,0,0,BAD_REQUEST_ERROR,issuer_general_decline,dropoff,0
3475,UPI,IDFC First,14,3,2,1,BAD_REQUEST_ERROR,invalid_expiry,invalid,0
220,Card,IDFC First,8,4,2,1,BAD_REQUEST_ERROR,invalid_cvv,invalid,0
3095,Wallet,SBI,13,6,0,1,BAD_REQUEST_ERROR,insufficient_funds,funds,0
651,UPI,ICICI Bank,19,6,0,0,BAD_REQUEST_ERROR,issuer_general_decline,decline,1
594,Card,Axis Bank,12,6,3,1,GATEWAY_ERROR,internal_error,timeout,0
671,UPI,ICICI Bank,17,6,0,0,BAD_REQUEST_ERROR,invalid_cvv,funds,0
4824,UPI,ICICI Bank,2,4,1,1,BAD_REQUEST_ERROR,invalid_expiry,invalid,1
349,UPI,Yes Bank,16,5,2,0,BAD_REQUEST_ERROR,insufficient_funds,decline,0
2301,Wallet,HDFC Bank,4,1,1,1,GATEWAY_ERROR,issuer_unavailable,decline,0
1139,Card,IDFC First,2,2,3,1,GATEWAY_ERROR,issuer_unavailable,timeout,1
7307,Card,Axis Bank,8,0,0,0,GATEWAY_ERROR,issuer_unavailable,timeout,1
15284,Wallet,Kotak Mahindra,3,1,1,1,BAD_REQUEST_ERROR,invalid_expiry,invalid,0
342,Card,IDFC First,13,5,1,0,BAD_REQUEST_ERROR,user_cancelled,dropoff,1
1089,UPI,Axis Bank,11,0,1,0,BAD_REQUEST_ERROR,insufficient_funds,funds,0
821,Card,ICICI Bank,14,5,2,0,GATEWAY_ERROR,internal_error,invalid,0
596,UPI,Yes Bank,0,2,1,0,GATEWAY_ERROR,issuer_risk_block,risk,0
7271,Card,IDFC First,20,6,0,0,BAD_REQUEST_ERROR,otp_timeout,dropoff,0
2320,UPI,ICICI Bank,23,1,0,0,BAD_REQUEST_ERROR,otp_timeout,dropoff,1
1836,Wallet,Kotak Mahindra,2,0,0,0,GATEWAY_ERROR,issuer_unavailable,timeout,0
258,Netbanking,Kotak Mahindra,0,1,0,0,GATEWAY_ERROR,issuer_risk_block,risk,0
1181,Card,HDFC Bank,9,6,1,1,BAD_REQUEST_ERROR,invalid_expiry,invalid,1
2606,Netbanking,Kotak Mahindra,0,0,0,0,BAD_REQUEST_ERROR,invalid_expiry,invalid,0
1359,UPI,Axis Bank,9,4,1,1,BAD_REQUEST_ERROR,otp_timeout,dropoff,1
3609,UPI,Axis Bank,19,6,0,0,BAD_REQUEST_ERROR,invalid_cvv,invalid,0
3972,Card,SBI,21,6,1,0,BAD_REQUEST_ERROR,invalid_cvv,invalid,0
2752,Card,ICICI Bank,15,1,0,0,BAD_REQUEST_ERROR,issuer_general_decline,decline,1
11910,Wallet,ICICI Bank,6,3,2,1,BAD_REQUEST_ERROR,otp_timeout,dropoff,0
687,Card,Axis Bank,22,5,0,1,BAD_REQUEST_ERROR,invalid_expiry,risk,0
6354,Card,Kotak Mahindra,12,4,2,1,BAD_REQUEST_ERROR,invalid_cvv,invalid,0
4958,UPI,HDFC Bank,15,1,0,0,BAD_REQUEST_ERROR,invalid_expiry,invalid,1
1487,Netbanking,SBI,9,4,0,1,BAD_REQUEST_ERROR,invalid_expiry,invalid,1
1157,Netbanking,SBI,17,1,1,0,BAD_REQUEST_ERROR,invalid_expiry,invalid,0
5713,Netbanking,Yes Bank,9,3,0,0,BAD_REQUEST_ERROR,invalid_expiry,invalid,0
533,Card,Axis Bank,14,6,0,0,BAD_REQUEST_ERROR,invalid_cvv,invalid,1
13754,Wallet,IDFC First,1,2,0,0,BAD_REQUEST_ERROR,user_cancelled,dropoff,1
5817,Wallet,Yes Bank,10,0,1,1,BAD_REQUEST_ERROR,user_cancelled,dropoff,0
1298,UPI,Axis Bank,7,3,0,0,BAD_REQUEST_ERROR,issuer_general_decline,decline,1
687,UPI,SBI,1,0,0,1,BAD_REQUEST_ERROR,invalid_expiry,invalid,1
1940,UPI,Axis Bank,10,6,1,0,BAD_REQUEST_ERROR,insufficient_funds,funds,0
2353,Wallet,HDFC Bank,0,6,0,0,GATEWAY_ERROR,internal_error,timeout,0
1196,Netbanking,IDFC First,16,5,1,0,BAD_REQUEST_ERROR,invalid_expiry,invalid,1
1959,UPI,HDFC Bank,6,6,0,0,BAD_REQUEST_ERROR,insufficient_funds,funds,0
4449,Card,ICICI Bank,7,5,3,1,BAD_REQUEST_ERROR,invalid_cvv,invalid,1
796,UPI,IDFC First,3,1,1,0,GATEWAY_ERROR,internal_error,timeout,1
14371,Netbanking,Axis Bank,7,0,0,1,GATEWAY_ERROR,issuer_risk_block,risk,0
378,Card,HDFC Bank,7,3,1,1,BAD_REQUEST_ERROR,otp_timeout,dropoff,1
1034,Card,HDFC Bank,19,3,1,1,GATEWAY_ERROR,internal_error,timeout,1
2557,Card,IDFC First,7,3,1,1,BAD_REQUEST_ERROR,invalid_cvv,invalid,0
2787,Card,Yes Bank,3,3,0,1,BAD_REQUEST_ERROR,invalid_expiry,invalid,1
4298,Netbanking,ICICI Bank,14,1,1,1,GATEWAY_ERROR,issuer_risk_block,risk,0
5441,UPI,IDFC First,15,6,1,0,BAD_REQUEST_ERROR,otp_timeout,dropoff,0
1846,Netbanking,ICICI Bank,2,4,1,0,BAD_REQUEST_ERROR,issuer_general_decline,decline,0
5291,Card,ICICI Bank,20,3,0,0,BAD_REQUEST_ERROR,invalid_expiry,invalid,0
504,Card,SBI,6,3,0,1,GATEWAY_ERROR,internal_error,timeout,1
1238,Card,SBI,16,2,1,0,GATEWAY_ERROR,issuer_unavailable,timeout,1
3489,Wallet,HDFC Bank,17,5,0,0,BAD_REQUEST_ERROR,invalid_cvv,invalid,1
352,Card,HDFC Bank,13,6,0,0,BAD_REQUEST_ERROR,invalid_expiry,invalid,0
274,UPI,ICICI Bank,14,6,3,0,GATEWAY_ERROR,internal_error,timeout,1
1690,UPI,SBI,3,6,1,0,BAD_REQUEST_ERROR,invalid_expiry,invalid,0
1804,UPI,Yes Bank,1,3,0,0,GATEWAY_ERROR,issuer_unavailable,timeout,1
736,Wallet,ICICI Bank,3,2,2,0,BAD_REQUEST_ERROR,insufficient_funds,funds,0
5572,Wallet,Yes Bank,11,6,0,0,BAD_REQUEST_ERROR,invalid_cvv,invalid,1
1633,UPI,IDFC First,7,1,2,1,GATEWAY_ERROR,internal_error,timeout,1
1791,Card,SBI,14,1,3,0,BAD_REQUEST_ERROR,otp_timeout,dropoff,1
3521,Card,SBI,5,5,1,1,GATEWAY_ERROR,internal_error,timeout,1
2472,UPI,IDFC First,13,5,0,1,BAD_REQUEST_ERROR,issuer_general_decline,decline,0
1714,UPI,SBI,18,3,0,0,GATEWAY_ERROR,issuer_unavailable,timeout,1
763,Netbanking,Yes Bank,23,1,1,1,BAD_REQUEST_ERROR,invalid_cvv,invalid,0
664,UPI,ICICI Bank,16,0,0,1,GATEWAY_ERROR,issuer_risk_block,risk,0
718,Card,Kotak Mahindra,11,5,0,0,GATEWAY_ERROR,issuer_risk_block,risk,0
1765,UPI,Kotak Mahindra,7,3,0,0,GATEWAY_ERROR,internal_error,timeout,1
3587,UPI,Kotak Mahindra,23,5,1,1,GATEWAY_ERROR,internal_error,dropoff,1
4825,UPI,ICICI Bank,9,3,0,0,BAD_REQUEST_ERROR,issuer_general_decline,decline,0
1177,Wallet,ICICI Bank,16,4,0,0,BAD_REQUEST_ERROR,invalid_expiry,invalid,0
865,UPI,Yes Bank,10,5,0,0,BAD_REQUEST_ERROR,insufficient_funds,funds,0
782,Card,Axis Bank,15,0,1,1,GATEWAY_ERROR,issuer_risk_block,risk,0
1220,Netbanking,IDFC First,1,1,1,1,GATEWAY_ERROR,issuer_unavailable,timeout,1
2551,Card,HDFC Bank,9,6,0,0,GATEWAY_ERROR,issuer_unavailable,timeout,1
3683,Card,Kotak Mahindra,1,4,0,0,BAD_REQUEST_ERROR,invalid_cvv,invalid,0
3270,Card,SBI,3,1,0,0,BAD_REQUEST_ERROR,user_cancelled,dropoff,1
5046,UPI,IDFC First,4,3,0,0,BAD_REQUEST_ERROR,invalid_expiry,invalid,1
2829,Card,Yes Bank,21,1,1,0,BAD_REQUEST_ERROR,insufficient_funds,funds,0
1776,UPI,Yes Bank,21,1,0,0,BAD_REQUEST_ERROR,issuer_general_decline,decline,0
6933,UPI,SBI,11,1,0,1,GATEWAY_ERROR,issuer_unavailable,timeout,0
887,Netbanking,ICICI Bank,17,2,0,0,BAD_REQUEST_ERROR,invalid_cvv,dropoff,0
2142,Netbanking,Axis Bank,5,0,0,0,GATEWAY_ERROR,issuer_risk_block,risk,0
1186,UPI,SBI,14,5,1,1,BAD_REQUEST_ERROR,invalid_cvv,invalid,0
909,Card,Kotak Mahindra,15,5,0,0,GATEWAY_ERROR,internal_error,timeout,0
2074,UPI,IDFC First,9,1,0,0,BAD_REQUEST_ERROR,insufficient_funds,funds,1
5169,UPI,Kotak Mahindra,5,6,1,0,BAD_REQUEST_ERROR,invalid_cvv,invalid,1
2094,UPI,IDFC First,8,1,0,0,BAD_REQUEST_ERROR,invalid_cvv,invalid,1
5153,Netbanking,Axis Bank,18,5,0,0,BAD_REQUEST_ERROR,issuer_general_decline,decline,1
1422,UPI,Axis Bank,23,3,0,1,BAD_REQUEST_ERROR,otp_timeout,dropoff,1
2452,UPI,ICICI Bank,17,2,1,0,BAD_REQUEST_ERROR,invalid_expiry,invalid,1
5514,UPI,ICICI Bank,14,4,1,1,GATEWAY_ERROR,internal_error,timeout,1
1393,Wallet,Kotak Mahindra,2,4,0,0,BAD_REQUEST_ERROR,insufficient_funds,funds,0
4817,Card,IDFC First,3,6,0,0,BAD_REQUEST_ERROR,user_cancelled,dropoff,1
1281,UPI,IDFC First,17,6,1,0,GATEWAY_ERROR,internal_error,timeout,1
1862,Card,Kotak Mahindra,2,3,1,0,BAD_REQUEST_ERROR,invalid_cvv,invalid,1
6379,UPI,SBI,14,2,0,0,BAD_REQUEST_ERROR,invalid_expiry,invalid,0
1006,Card,HDFC Bank,17,4,0,1,BAD_REQUEST_ERROR,issuer_general_decline,decline,0
754,Card,ICICI Bank,23,0,3,0,BAD_REQUEST_ERROR,issuer_general_decline,decline,0
4961,Card,Axis Bank,15,3,0,1,BAD_REQUEST_ERROR,user_cancelled,dropoff,0
773,UPI,HDFC Bank,4,5,0,0,BAD_REQUEST_ERROR,user_cancelled,dropoff,1
1177,Card,SBI,6,0,0,0,GATEWAY_ERROR,issuer_unavailable,timeout,1
793,Card,Kotak Mahindra,3,5,1,0,BAD_REQUEST_ERROR,invalid_cvv,invalid,0
542,Wallet,ICICI Bank,8,5,2,0,BAD_REQUEST_ERROR,user_cancelled,dropoff,1
4855,UPI,ICICI Bank,18,6,1,1,GATEWAY_ERROR,internal_error,timeout,0
1846,UPI,SBI,2,5,2,1,BAD_REQUEST_ERROR,otp_timeout,dropoff,1
2498,Card,HDFC Bank,22,3,1,0,BAD_REQUEST_ERROR,issuer_general_decline,decline,0
2490,Netbanking,ICICI Bank,11,1,0,0,GATEWAY_ERROR,internal_error,timeout,1
245,UPI,ICICI Bank,22,6,1,0,GATEWAY_ERROR,issuer_unavailable,timeout,1
17113,UPI,ICICI Bank,8,2,0,0,BAD_REQUEST_ERROR,user_cancelled,dropoff,1
10899,UPI,SBI,15,5,3,0,GATEWAY_ERROR,issuer_risk_block,risk,0
643,Wallet,ICICI Bank,11,0,0,0,GATEWAY_ERROR,internal_error,timeout,1
778,Card,Kotak Mahindra,14,3,0,0,BAD_REQUEST_ERROR,otp_timeout,dropoff,1
3045,UPI,SBI,12,3,0,0,GATEWAY_ERROR,issuer_risk_block,risk,1
6752,Card,Axis Bank,14,2,0,1,BAD_REQUEST_ERROR,user_cancelled,dropoff,1
472,UPI,IDFC First,2,4,0,1,BAD_REQUEST_ERROR,invalid_expiry,risk,0
415,Card,HDFC Bank,8,3,1,1,BAD_REQUEST_ERROR,invalid_cvv,invalid,0
577,Card,Axis Bank,17,1,0,0,GATEWAY_ERROR,issuer_unavailable,timeout,0
1814,Card,IDFC First,6,5,0,0,BAD_REQUEST_ERROR,otp_timeout,dropoff,1
2368,Netbanking,IDFC First,8,1,0,0,BAD_REQUEST_ERROR,user_cancelled,dropoff,1
1191,Card,SBI,4,6,0,0,GATEWAY_ERROR,issuer_risk_block,risk,0
1693,UPI,HDFC Bank,14,2,0,1,GATEWAY_ERROR,issuer_risk_block,decline,0
21098,Netbanking,ICICI Bank,12,4,1,0,BAD_REQUEST_ERROR,user_cancelled,dropoff,1
1016,Netbanking,Yes Bank,2,2,0,0,BAD_REQUEST_ERROR,insufficient_funds,funds,0
422,UPI,SBI,9,6,0,1,GATEWAY_ERROR,issuer_unavailable,decline,0
2459,Card,ICICI Bank,7,3,0,0,BAD_REQUEST_ERROR,invalid_expiry,invalid,0
2683,UPI,SBI,6,6,0,0,GATEWAY_ERROR,internal_error,timeout,0
1912,Card,HDFC Bank,17,3,0,0,BAD_REQUEST_ERROR,user_cancelled,dropoff,1
1000,Netbanking,IDFC First,20,6,0,0,BAD_REQUEST_ERROR,otp_timeout,dropoff,0
1577,UPI,ICICI Bank,14,6,0,1,BAD_REQUEST_ERROR,insufficient_funds,funds,0
1744,Card,IDFC First,6,4,0,0,BAD_REQUEST_ERROR,invalid_expiry,invalid,1
6058,Card,Axis Bank,3,3,0,1,BAD_REQUEST_ERROR,invalid_expiry,invalid,1
1342,UPI,HDFC Bank,8,3,1,0,BAD_REQUEST_ERROR,invalid_expiry,invalid,1
6250,Card,HDFC Bank,14,6,0,0,BAD_REQUEST_ERROR,user_cancelled,dropoff,0
3754,Card,IDFC First,21,0,0,0,GATEWAY_ERROR,internal_error,timeout,1
1403,UPI,Yes Bank,4,3,1,0,GATEWAY_ERROR,issuer_risk_block,risk,0
2205,UPI,Yes Bank,23,0,1,0,BAD_REQUEST_ERROR,invalid_expiry,invalid,0
2937,UPI,SBI,5,0,0,1,BAD_REQUEST_ERROR,invalid_expiry,invalid,0
1072,UPI,SBI,20,0,1,0,GATEWAY_ERROR,issuer_risk_block,risk,0
2935,Card,Yes Bank,4,5,0,0,GATEWAY_ERROR,issuer_risk_block,risk,0
3238,UPI,SBI,10,3,0,0,BAD_REQUEST_ERROR,user_cancelled,dropoff,1
2671,UPI,SBI,11,3,1,0,BAD_REQUEST_ERROR,insufficient_funds,funds,0
2874,UPI,Yes Bank,18,3,0,0,GATEWAY_ERROR,internal_error,timeout,1
1131,Netbanking,ICICI Bank,16,6,1,1,BAD_REQUEST_ERROR,invalid_cvv,invalid,1
559,Card,Kotak Mahindra,9,5,1,1,BAD_REQUEST_ERROR,invalid_cvv,invalid,1
2920,UPI,Axis Bank,11,0,0,0,BAD_REQUEST_ERROR,user_cancelled,dropoff,0
4835,Netbanking,Kotak Mahindra,16,3,1,0,BAD_REQUEST_ERROR,user_cancelled,dropoff,0
830,Netbanking,Yes Bank,15,3,1,1,GATEWAY_ERROR,issuer_risk_block,risk,0
1504,UPI,SBI,5,0,1,0,GATEWAY_ERROR,issuer_risk_block,dropoff,1
10017,UPI,Kotak Mahindra,18,5,1,1,GATEWAY_ERROR,issuer_risk_block,risk,0
2625,UPI,SBI,5,6,0,0,BAD_REQUEST_ERROR,invalid_cvv,invalid,0
2349,UPI,HDFC Bank,1,1,0,0,BAD_REQUEST_ERROR,user_cancelled,timeout,1
4279,Card,ICICI Bank,0,6,0,1,BAD_REQUEST_ERROR,insufficient_funds,funds,0
544,Card,Yes Bank,7,0,0,0,BAD_REQUEST_ERROR,user_cancelled,dropoff,1
6892,UPI,IDFC First,8,0,2,0,GATEWAY_ERROR,issuer_unavailable,timeout,1
1977,UPI,Yes Bank,11,2,0,1,BAD_REQUEST_ERROR,insufficient_funds,funds,0
435,UPI,Axis Bank,14,4,0,1,BAD_REQUEST_ERROR,issuer_general_decline,decline,0
1372,Card,HDFC Bank,2,6,3,0,BAD_REQUEST_ERROR,insufficient_funds,funds,0
2341,UPI,SBI,9,0,1,0,BAD_REQUEST_ERROR,otp_timeout,dropoff,0
2181,UPI,SBI,23,0,2,1,BAD_REQUEST_ERROR,user_cancelled,dropoff,0
1064,UPI,Axis Bank,8,3,3,0,GATEWAY_ERROR,issuer_unavailable,invalid,0
3781,UPI,IDFC First,3,4,0,0,GATEWAY_ERROR,issuer_risk_block,risk,0
660,UPI,SBI,16,2,0,1,BAD_REQUEST_ERROR,otp_timeout,dropoff,0
2945,Wallet,SBI,17,3,1,0,BAD_REQUEST_ERROR,otp_timeout,dropoff,1
875,Card,SBI,18,0,0,0,BAD_REQUEST_ERROR,otp_timeout,dropoff,1
5896,Card,Kotak Mahindra,18,3,0,0,BAD_REQUEST_ERROR,insufficient_funds,funds,0
2104,Card,Yes Bank,19,3,1,0,GATEWAY_ERROR,internal_error,risk,0
6162,Wallet,Yes Bank,14,5,0,0,BAD_REQUEST_ERROR,invalid_expiry,invalid,0
1067,Netbanking,IDFC First,2,0,0,0,BAD_REQUEST_ERROR,insufficient_funds,funds,0
517,Wallet,ICICI Bank,19,6,2,0,BAD_REQUEST_ERROR,user_cancelled,dropoff,0
4872,Netbanking,Yes Bank,10,6,0,1,BAD_REQUEST_ERROR,otp_timeout,dropoff,1
544,Netbanking,Yes Bank,14,1,2,1,BAD_REQUEST_ERROR,invalid_expiry,invalid,0
1061,UPI,SBI,23,1,2,0,BAD_REQUEST_ERROR,invalid_cvv,risk,0
582,UPI,SBI,15,0,1,0,GATEWAY_ERROR,issuer_unavailable,timeout,1
6726,Card,Yes Bank,2,1,1,0,GATEWAY_ERROR,issuer_unavailable,timeout,1
1270,UPI,ICICI Bank,22,6,0,0,BAD_REQUEST_ERROR,invalid_cvv,invalid,1
6889,Card,HDFC Bank,22,6,0,0,GATEWAY_ERROR,issuer_unavailable,timeout,1
2140,Card,Yes Bank,9,1,3,0,BAD_REQUEST_ERROR,otp_timeout,dropoff,0
2215,Netbanking,ICICI Bank,15,0,0,0,GATEWAY_ERROR,issuer_risk_block,risk,0
6485,Netbanking,IDFC First,20,4,0,1,GATEWAY_ERROR,issuer_unavailable,timeout,1
3946,Netbanking,ICICI Bank,12,3,0,0,BAD_REQUEST_ERROR,insufficient_funds,funds,1
634,Netbanking,ICICI Bank,1,5,0,0,BAD_REQUEST_ERROR,issuer_general_decline,decline,0
4612,Netbanking,Axis Bank,21,5,2,0,BAD_REQUEST_ERROR,otp_timeout,dropoff,0
884,Netbanking,Kotak Mahindra,17,1,1,0,BAD_REQUEST_ERROR,insufficient_funds,funds,1
9170,UPI,ICICI Bank,9,5,1,1,BAD_REQUEST_ERROR,invalid_cvv,invalid,0
7617,UPI,HDFC Bank,11,6,2,0,BAD_REQUEST_ERROR,otp_timeout,dropoff,1
9436,Card,ICICI Bank,1,1,1,0,GATEWAY_ERROR,issuer_risk_block,risk,0
320,UPI,HDFC Bank,0,2,0,0,GATEWAY_ERROR,issuer_risk_block,risk,0
1051,UPI,Yes Bank,19,0,0,0,BAD_REQUEST_ERROR,otp_timeout,risk,0
4988,UPI,HDFC Bank,9,5,0,0,BAD_REQUEST_ERROR,user_cancelled,dropoff,1
4004,Wallet,Yes Bank,21,1,0,0,BAD_REQUEST_ERROR,insufficient_funds,funds,0
1024,Netbanking,Kotak Mahindra,7,0,2,0,BAD_REQUEST_ERROR,invalid_cvv,invalid,0
179,UPI,Kotak Mahindra,9,5,1,0,GATEWAY_ERROR,internal_error,timeout,0
5336,UPI,SBI,6,6,0,1,BAD_REQUEST_ERROR,invalid_cvv,invalid,1
3411,UPI,Yes Bank,3,4,0,0,GATEWAY_ERROR,issuer_risk_block,risk,0
984,Card,IDFC First,2,6,1,0,BAD_REQUEST_ERROR,insufficient_funds,funds,0
1809,Wallet,ICICI Bank,13,3,0,1,BAD_REQUEST_ERROR,otp_timeout,dropoff,0
558,Netbanking,SBI,12,5,0,1,GATEWAY_ERROR,internal_error,timeout,1
5926,UPI,Axis Bank,20,4,0,1,GATEWAY_ERROR,issuer_risk_block,risk,0
2862,UPI,Kotak Mahindra,12,1,0,0,BAD_REQUEST_ERROR,insufficient_funds,funds,0
180,Card,SBI,0,5,1,0,BAD_REQUEST_ERROR,invalid_expiry,invalid,0
1948,UPI,IDFC First,1,4,0,1,BAD_REQUEST_ERROR,invalid_cvv,invalid,0
4313,Card,HDFC Bank,21,1,0,0,GATEWAY_ERROR,issuer_risk_block,risk,0
6468,Card,HDFC Bank,19,2,0,0,BAD_REQUEST_ERROR,otp_timeout,dropoff,0
2543,UPI,Axis Bank,14,6,2,1,BAD_REQUEST_ERROR,invalid_cvv,invalid,1
3265,UPI,IDFC First,5,3,2,0,BAD_REQUEST_ERROR,user_cancelled,dropoff,0
2708,Card,IDFC First,6,6,0,0,BAD_REQUEST_ERROR,otp_timeout,dropoff,1
676,Card,Kotak Mahindra,9,2,0,1,BAD_REQUEST_ERROR,invalid_expiry,invalid,0
2844,Card,ICICI Bank,1,0,2,1,BAD_REQUEST_ERROR,issuer_general_decline,decline,0
4445,Card,Axis Bank,20,4,0,0,GATEWAY_ERROR,issuer_risk_block,risk,0
1704,UPI,Kotak Mahindra,19,4,0,0,BAD_REQUEST_ERROR,issuer_general_decline,decline,0
4753,Card,HDFC Bank,15,5,1,1,BAD_REQUEST_ERROR,invalid_cvv,invalid,0
1540,Card,ICICI Bank,17,4,0,0,BAD_REQUEST_ERROR,invalid_cvv,invalid,0
189,Card,Yes Bank,12,2,1,0,GATEWAY_ERROR,issuer_unavailable,timeout,1
4278,Card,Axis Bank,6,5,1,1,BAD_REQUEST_ERROR,invalid_expiry,invalid,0
1525,Netbanking,SBI,12,6,0,0,BAD_REQUEST_ERROR,invalid_cvv,invalid,1
1957,Card,Axis Bank,1,5,0,1,BAD_REQUEST_ERROR,issuer_general_decline,decline,1
4463,Wallet,Axis Bank,20,1,0,0,GATEWAY_ERROR,internal_error,timeout,1
1564,Netbanking,ICICI Bank,9,6,1,1,GATEWAY_ERROR,issuer_unavailable,timeout,1
747,UPI,SBI,13,6,0,1,BAD_REQUEST_ERROR,invalid_cvv,invalid,1
1453,UPI,IDFC First,3,4,0,1,BAD_REQUEST_ERROR,insufficient_funds,funds,1
2952,Wallet,Yes Bank,0,4,0,0,GATEWAY_ERROR,issuer_risk_block,risk,0
6720,UPI,Kotak Mahindra,3,1,0,0,BAD_REQUEST_ERROR,otp_timeout,dropoff,1
600,UPI,IDFC First,5,3,1,0,BAD_REQUEST_ERROR,invalid_expiry,invalid,0
1376,Card,Axis Bank,13,5,1,0,BAD_REQUEST_ERROR,invalid_expiry,invalid,1
1966,UPI,Yes Bank,5,2,1,1,GATEWAY_ERROR,internal_error,timeout,1
3758,Card,HDFC Bank,12,0,1,1,BAD_REQUEST_ERROR,otp_timeout,funds,0
1189,UPI,ICICI Bank,20,3,0,0,BAD_REQUEST_ERROR,invalid_cvv,invalid,0
368,Card,IDFC First,5,5,0,1,BAD_REQUEST_ERROR,user_cancelled,dropoff,0
3054,UPI,ICICI Bank,22,5,0,1,BAD_REQUEST_ERROR,issuer_general_decline,decline,0
5520,Wallet,Yes Bank,2,6,0,1,BAD_REQUEST_ERROR,otp_timeout,dropoff,1
1470,UPI,IDFC First,17,1,2,0,GATEWAY_ERROR,issuer_unavailable,timeout,1
3752,UPI,SBI,13,5,0,0,GATEWAY_ERROR,internal_error,timeout,1
2314,Card,HDFC Bank,16,5,0,1,BAD_REQUEST_ERROR,invalid_expiry,invalid,0
2109,Card,HDFC Bank,8,4,0,0,BAD_REQUEST_ERROR,invalid_expiry,invalid,1
2072,Card,HDFC Bank,6,1,0,0,GATEWAY_ERROR,issuer_unavailable,timeout,1
1623,Card,ICICI Bank,2,1,0,1,GATEWAY_ERROR,issuer_unavailable,timeout,1
2318,Netbanking,Axis Bank,1,0,1,0,BAD_REQUEST_ERROR,insufficient_funds,funds,0
3734,Card,HDFC Bank,21,2,3,0,BAD_REQUEST_ERROR,otp_timeout,dropoff,1
567,UPI,Yes Bank,4,2,1,1,GATEWAY_ERROR,issuer_risk_block,risk,0
2712,Card,ICICI Bank,3,3,0,0,BAD_REQUEST_ERROR,issuer_general_decline,risk,0
433,Netbanking,Yes Bank,19,4,1,0,BAD_REQUEST_ERROR,user_cancelled,dropoff,1
1671,Netbanking,IDFC First,3,6,3,0,GATEWAY_ERROR,internal_error,timeout,1
2296,UPI,Kotak Mahindra,5,6,0,1,GATEWAY_ERROR,internal_error,timeout,0
6448,UPI,HDFC Bank,9,1,0,0,BAD_REQUEST_ERROR,insufficient_funds,funds,0
2208,Wallet,IDFC First,17,3,1,0,GATEWAY_ERROR,issuer_unavailable,timeout,0
751,Netbanking,HDFC Bank,13,5,1,0,BAD_REQUEST_ERROR,user_cancelled,invalid,1
916,Netbanking,SBI,0,1,1,1,BAD_REQUEST_ERROR,invalid_expiry,invalid,0
388,Netbanking,SBI,5,1,0,0,BAD_REQUEST_ERROR,invalid_cvv,decline,0
3207,UPI,HDFC Bank,8,6,1,0,BAD_REQUEST_ERROR,invalid_expiry,invalid,1
1147,UPI,ICICI Bank,3,0,2,1,BAD_REQUEST_ERROR,insufficient_funds,funds,0
1621,Netbanking,Yes Bank,23,0,0,0,BAD_REQUEST_ERROR,issuer_general_decline,timeout,0
2125,Card,Kotak Mahindra,9,3,1,0,BAD_REQUEST_ERROR,issuer_general_decline,decline,0
6461,UPI,Yes Bank,23,2,0,1,BAD_REQUEST_ERROR,insufficient_funds,funds,1
766,Card,Axis Bank,14,5,0,0,GATEWAY_ERROR,internal_error,timeout,1
14510,UPI,ICICI Bank,6,3,0,0,BAD_REQUEST_ERROR,invalid_cvv,invalid,1
1377,Card,Yes Bank,15,0,2,0,BAD_REQUEST_ERROR,invalid_expiry,invalid,0
1719,Card,Kotak Mahindra,1,6,0,0,BAD_REQUEST_ERROR,invalid_expiry,invalid,0
547,UPI,ICICI Bank,6,1,0,0,GATEWAY_ERROR,internal_error,timeout,1
4443,Wallet,IDFC First,15,0,1,0,BAD_REQUEST_ERROR,insufficient_funds,decline,0
4486,UPI,SBI,13,1,0,0,BAD_REQUEST_ERROR,issuer_general_decline,decline,1
769,UPI,SBI,18,1,0,0,GATEWAY_ERROR,internal_error,timeout,1
242,UPI,Yes Bank,18,2,1,0,BAD_REQUEST_ERROR,insufficient_funds,funds,0
5315,UPI,Yes Bank,22,3,0,0,BAD_REQUEST_ERROR,user_cancelled,dropoff,1
1102,UPI,HDFC Bank,5,0,1,0,BAD_REQUEST_ERROR,insufficient_funds,funds,0
376,Card,SBI,22,0,1,1,GATEWAY_ERROR,internal_error,timeout,0
1180,Wallet,IDFC First,20,2,1,1,BAD_REQUEST_ERROR,invalid_expiry,invalid,0
499,Card,Yes Bank,19,1,1,0,GATEWAY_ERROR,issuer_risk_block,risk,0
8162,Card,SBI,4,5,0,1,BAD_REQUEST_ERROR,invalid_cvv,invalid,0
1574,Card,Axis Bank,16,4,1,0,BAD_REQUEST_ERROR,issuer_general_decline,decline,0
2081,UPI,IDFC First,15,6,0,0,BAD_REQUEST_ERROR,otp_timeout,dropoff,1
3640,Card,ICICI Bank,16,3,0,0,BAD_REQUEST_ERROR,invalid_cvv,invalid,1
527,Card,IDFC First,0,3,0,1,GATEWAY_ERROR,internal_error,timeout,1
731,UPI,Axis Bank,7,4,2,0,BAD_REQUEST_ERROR,insufficient_funds,funds,0
665,Wallet,IDFC First,13,4,0,0,BAD_REQUEST_ERROR,user_cancelled,dropoff,1
2851,Card,SBI,18,2,2,1,BAD_REQUEST_ERROR,invalid_expiry,invalid,1
456,Card,ICICI Bank,11,2,0,0,GATEWAY_ERROR,internal_error,timeout,1
4772,Wallet,Axis Bank,1,2,0,1,GATEWAY_ERROR,internal_error,timeout,1
5251,Netbanking,ICICI Bank,15,6,1,1,GATEWAY_ERROR,internal_error,timeout,1
271,UPI,IDFC First,4,2,3,0,BAD_REQUEST_ERROR,issuer_general_decline,decline,0
524,UPI,SBI,8,3,0,1,BAD_REQUEST_ERROR,user_cancelled,dropoff,1
356,UPI,HDFC Bank,15,5,2,1,BAD_REQUEST_ERROR,insufficient_funds,funds,0
3686,UPI,Axis Bank,15,0,1,0,GATEWAY_ERROR,internal_error,timeout,1
1979,Card,IDFC First,14,6,0,1,BAD_REQUEST_ERROR,invalid_cvv,invalid,1
777,Card,Yes Bank,20,5,2,0,BAD_REQUEST_ERROR,insufficient_funds,funds,0
682,UPI,IDFC First,4,4,0,0,BAD_REQUEST_ERROR,user_cancelled,dropoff,1
136,Card,Axis Bank,18,6,0,0,GATEWAY_ERROR,internal_error,timeout,1
1091,UPI,SBI,18,5,0,0,GATEWAY_ERROR,issuer_risk_block,risk,0
952,Card,Axis Bank,13,3,1,1,GATEWAY_ERROR,issuer_unavailable,timeout,0
666,UPI,IDFC First,6,5,1,0,BAD_REQUEST_ERROR,otp_timeout,dropoff,0
2956,UPI,ICICI Bank,21,2,2,0,GATEWAY_ERROR,internal_error,timeout,1
690,Card,Yes Bank,1,1,0,0,BAD_REQUEST_ERROR,invalid_expiry,funds,1
2518,UPI,HDFC Bank,2,0,2,0,BAD_REQUEST_ERROR,otp_timeout,dropoff,0
1341,Card,Kotak Mahindra,15,4,0,0,BAD_REQUEST_ERROR,issuer_general_decline,decline,0
3315,UPI,SBI,10,6,0,0,BAD_REQUEST_ERROR,insufficient_funds,funds,1
683,Wallet,ICICI Bank,23,5,2,1,BAD_REQUEST_ERROR,invalid_cvv,invalid,0
278,Card,SBI,0,5,2,0,BAD_REQUEST_ERROR,issuer_general_decline,decline,0
1896,UPI,ICICI Bank,18,2,0,1,BAD_REQUEST_ERROR,invalid_cvv,invalid,1
363,UPI,Kotak Mahindra,10,4,0,0,GATEWAY_ERROR,issuer_risk_block,risk,0
1404,Card,ICICI Bank,15,5,0,1,BAD_REQUEST_ERROR,issuer_general_decline,decline,0
502,Card,Kotak Mahindra,5,5,0,0,GATEWAY_ERROR,internal_error,timeout,1
1561,Card,IDFC First,10,3,0,0,GATEWAY_ERROR,issuer_unavailable,timeout,1
14296,UPI,Axis Bank,16,3,0,1,BAD_REQUEST_ERROR,otp_timeout,dropoff,0
684,Wallet,SBI,15,5,2,0,BAD_REQUEST_ERROR,issuer_general_decline,invalid,1
941,Card,IDFC First,2,6,0,0,BAD_REQUEST_ERROR,otp_timeout,dropoff,1
389,Wallet,Kotak Mahindra,23,2,0,1,GATEWAY_ERROR,issuer_risk_block,risk,0
1019,UPI,ICICI Bank,16,4,0,1,GATEWAY_ERROR,issuer_risk_block,risk,0
34747,UPI,Kotak Mahindra,20,4,0,0,GATEWAY_ERROR,internal_error,timeout,1
672,Card,Yes Bank,0,6,0,0,BAD_REQUEST_ERROR,otp_timeout,dropoff,1
5808,Wallet,Kotak Mahindra,18,6,0,0,BAD_REQUEST_ERROR,user_cancelled,dropoff,1
963,UPI,ICICI Bank,8,5,0,1,BAD_REQUEST_ERROR,otp_timeout,dropoff,0
1813,UPI,HDFC Bank,10,3,0,0,BAD_REQUEST_ERROR,invalid_expiry,invalid,0
1319,UPI,Kotak Mahindra,2,0,0,0,BAD_REQUEST_ERROR,issuer_general_decline,decline,1
4487,Wallet,HDFC Bank,20,2,0,1,BAD_REQUEST_ERROR,otp_timeout,dropoff,1
1105,UPI,Kotak Mahindra,18,1,0,0,BAD_REQUEST_ERROR,issuer_general_decline,decline,0
4970,Card,SBI,21,3,1,0,BAD_REQUEST_ERROR,issuer_general_decline,decline,0
3016,Netbanking,Axis Bank,9,1,1,1,BAD_REQUEST_ERROR,invalid_expiry,invalid,0
4823,Wallet,HDFC Bank,22,3,0,0,BAD_REQUEST_ERROR,user_cancelled,dropoff,1
865,Wallet,Kotak Mahindra,23,4,3,1,GATEWAY_ERROR,issuer_risk_block,risk,0
768,Card,ICICI Bank,2,0,1,0,BAD_REQUEST_ERROR,issuer_general_decline,decline,1
755,UPI,Axis Bank,16,6,0,1,BAD_REQUEST_ERROR,invalid_cvv,invalid,0
5045,Wallet,Kotak Mahindra,7,2,0,0,BAD_REQUEST_ERROR,invalid_cvv,invalid,0
3564,Netbanking,ICICI Bank,17,1,1,0,BAD_REQUEST_ERROR,user_cancelled,dropoff,0
2581,UPI,Axis Bank,8,1,0,0,BAD_REQUEST_ERROR,user_cancelled,dropoff,0
1105,Wallet,SBI,14,2,0,0,BAD_REQUEST_ERROR,insufficient_funds,funds,0
2781,UPI,ICICI Bank,0,5,0,0,GATEWAY_ERROR,internal_error,timeout,1
347,UPI,Kotak Mahindra,5,5,0,0,BAD_REQUEST_ERROR,issuer_general_decline,decline,0
1285,UPI,HDFC Bank,7,4,0,1,BAD_REQUEST_ERROR,invalid_cvv,dropoff,0
4741,UPI,Kotak Mahindra,9,0,1,1,BAD_REQUEST_ERROR,otp_timeout,decline,0
1346,Netbanking,Yes Bank,12,5,0,1,BAD_REQUEST_ERROR,user_cancelled,dropoff,1
1099,Card,SBI,12,2,0,1,GATEWAY_ERROR,internal_error,timeout,0
6919,UPI,IDFC First,8,1,0,1,BAD_REQUEST_ERROR,insufficient_funds,funds,0
902,UPI,Yes Bank,5,5,1,0,BAD_REQUEST_ERROR,invalid_expiry,invalid,1
1228,UPI,ICICI Bank,22,2,0,1,GATEWAY_ERROR,issuer_risk_block,risk,0
1365,UPI,HDFC Bank,20,5,1,0,GATEWAY_ERROR,internal_error,timeout,1
1151,Card,SBI,4,6,0,1,BAD_REQUEST_ERROR,issuer_general_decline,decline,1
696,UPI,SBI,12,2,0,1,BAD_REQUEST_ERROR,invalid_expiry,invalid,1
1050,UPI,ICICI Bank,7,6,0,1,BAD_REQUEST_ERROR,invalid_cvv,invalid,1
596,Card,SBI,23,2,0,1,BAD_REQUEST_ERROR,invalid_cvv,funds,0
7878,UPI,ICICI Bank,0,1,0,0,GATEWAY_ERROR,internal_error,timeout,1
1198,Card,Yes Bank,10,1,0,1,BAD_REQUEST_ERROR,invalid_expiry,invalid,1
522,UPI,Kotak Mahindra,18,5,2,1,BAD_REQUEST_ERROR,issuer_general_decline,decline,0
4674,Netbanking,Kotak Mahindra,5,1,1,0,GATEWAY_ERROR,issuer_risk_block,risk,0
9011,Card,Kotak Mahindra,0,0,0,0,BAD_REQUEST_ERROR,invalid_expiry,invalid,0
405,UPI,HDFC Bank,12,3,0,1,BAD_REQUEST_ERROR,insufficient_funds,funds,0
1750,Card,Kotak Mahindra,8,0,3,0,BAD_REQUEST_ERROR,otp_timeout,dropoff,0
420,UPI,Kotak Mahindra,18,1,1,0,BAD_REQUEST_ERROR,otp_timeout,dropoff,1
988,Card,Kotak Mahindra,8,1,1,0,BAD_REQUEST_ERROR,otp_timeout,dropoff,1
6164,Card,Axis Bank,15,0,1,1,BAD_REQUEST_ERROR,invalid_expiry,invalid,1
12692,UPI,IDFC First,23,3,0,1,GATEWAY_ERROR,issuer_unavailable,timeout,1
12033,UPI,ICICI Bank,19,6,3,0,BAD_REQUEST_ERROR,invalid_cvv,invalid,0
3809,UPI,Kotak Mahindra,7,3,0,0,GATEWAY_ERROR,issuer_risk_block,risk,0
987,UPI,SBI,0,0,2,0,BAD_REQUEST_ERROR,user_cancelled,dropoff,0
313,UPI,Axis Bank,14,3,3,0,GATEWAY_ERROR,internal_error,timeout,0
4521,Card,Yes Bank,13,1,0,0,BAD_REQUEST_ERROR,invalid_cvv,invalid,0
2469,Card,Kotak Mahindra,12,3,1,1,GATEWAY_ERROR,issuer_risk_block,risk,0
1714,UPI,HDFC Bank,18,6,0,0,GATEWAY_ERROR,internal_error,timeout,1
1905,Netbanking,SBI,11,2,0,1,GATEWAY_ERROR,issuer_unavailable,timeout,1
7077,UPI,HDFC Bank,13,3,0,0,BAD_REQUEST_ERROR,user_cancelled,dropoff,1
2085,UPI,ICICI Bank,21,4,0,0,BAD_REQUEST_ERROR,issuer_general_decline,decline,0
847,UPI,IDFC First,22,0,1,1,GATEWAY_ERROR,internal_error,timeout,1
777,Card,Axis Bank,16,4,1,0,BAD_REQUEST_ERROR,issuer_general_decline,decline,1
1660,Card,Axis Bank,20,1,0,1,GATEWAY_ERROR,internal_error,timeout,0
1449,UPI,IDFC First,18,3,0,0,BAD_REQUEST_ERROR,user_cancelled,dropoff,1
1156,UPI,HDFC Bank,0,5,0,0,BAD_REQUEST_ERROR,user_cancelled,dropoff,1
843,UPI,Kotak Mahindra,1,6,1,0,GATEWAY_ERROR,internal_error,risk,0
3041,UPI,IDFC First,7,4,0,1,BAD_REQUEST_ERROR,issuer_general_decline,decline,0
12641,Card,ICICI Bank,1,3,1,0,GATEWAY_ERROR,issuer_risk_block,risk,0
368,Card,SBI,7,2,2,1,BAD_REQUEST_ERROR,insufficient_funds,funds,0
2603,UPI,HDFC Bank,12,6,0,0,BAD_REQUEST_ERROR,invalid_expiry,invalid,1
5679,UPI,Yes Bank,15,3,0,0,BAD_REQUEST_ERROR,invalid_cvv,invalid,1
366,UPI,ICICI Bank,14,3,0,0,GATEWAY_ERROR,issuer_unavailable,funds,0
345,Card,Yes Bank,6,5,1,0,GATEWAY_ERROR,internal_error,timeout,1
750,Card,IDFC First,23,0,0,0,BAD_REQUEST_ERROR,insufficient_funds,funds,1
1478,Card,SBI,8,5,1,1,BAD_REQUEST_ERROR,invalid_cvv,risk,0
582,UPI,Axis Bank,13,0,1,0,BAD_REQUEST_ERROR,otp_timeout,dropoff,0
1363,UPI,HDFC Bank,23,1,0,0,GATEWAY_ERROR,internal_error,timeout,1
1433,Wallet,ICICI Bank,9,4,2,0,BAD_REQUEST_ERROR,insufficient_funds,funds,0
1583,UPI,Axis Bank,15,0,0,0,BAD_REQUEST_ERROR,insufficient_funds,funds,0
4052,UPI,HDFC Bank,8,5,3,0,GATEWAY_ERROR,internal_error,timeout,1
2114,Card,ICICI Bank,4,0,1,1,BAD_REQUEST_ERROR,issuer_general_decline,decline,1
3132,UPI,HDFC Bank,15,4,1,0,GATEWAY_ERROR,internal_error,timeout,1
3653,UPI,SBI,12,0,1,0,GATEWAY_ERROR,internal_error,timeout,1
10217,UPI,IDFC First,3,1,0,0,GATEWAY_ERROR,issuer_unavailable,timeout,1
430,Card,ICICI Bank,9,2,2,1,BAD_REQUEST_ERROR,invalid_cvv,invalid,1
1389,Card,Kotak Mahindra,19,4,0,0,BAD_REQUEST_ERROR,invalid_expiry,invalid,1
852,UPI,ICICI Bank,13,2,0,1,GATEWAY_ERROR,issuer_unavailable,timeout,1
13945,Card,IDFC First,16,0,0,0,BAD_REQUEST_ERROR,user_cancelled,dropoff,1
1517,UPI,ICICI Bank,13,4,0,1,BAD_REQUEST_ERROR,otp_timeout,dropoff,0
329,Netbanking,HDFC Bank,14,1,0,0,BAD_REQUEST_ERROR,issuer_general_decline,decline,1
678,UPI,IDFC First,8,4,2,0,BAD_REQUEST_ERROR,insufficient_funds,funds,0
896,Wallet,IDFC First,3,0,0,0,BAD_REQUEST_ERROR,invalid_expiry,invalid,1
4384,UPI,ICICI Bank,18,0,0,0,BAD_REQUEST_ERROR,insufficient_funds,funds,0
1467,Card,Kotak Mahindra,5,4,0,0,BAD_REQUEST_ERROR,invalid_expiry,invalid,0
3043,UPI,HDFC Bank,10,4,1,0,BAD_REQUEST_ERROR,otp_timeout,dropoff,1
1556,UPI,ICICI Bank,14,2,0,1,GATEWAY_ERROR,internal_error,timeout,0
2938,UPI,Kotak Mahindra,9,5,2,0,GATEWAY_ERROR,internal_error,timeout,1
6502,Wallet,Kotak Mahindra,21,0,1,1,BAD_REQUEST_ERROR,invalid_expiry,dropoff,0
1311,UPI,SBI,11,3,3,0,BAD_REQUEST_ERROR,invalid_cvv,invalid,0
2428,UPI,IDFC First,17,2,0,1,BAD_REQUEST_ERROR,invalid_cvv,invalid,0
4300,Wallet,ICICI Bank,9,3,0,0,BAD_REQUEST_ERROR,insufficient_funds,funds,1
4386,Card,SBI,12,6,1,1,GATEWAY_ERROR,internal_error,timeout,1
1672,UPI,SBI,0,0,0,0,GATEWAY_ERROR,issuer_unavailable,timeout,0
5014,UPI,IDFC First,1,3,0,1,BAD_REQUEST_ERROR,user_cancelled,dropoff,1
1194,Card,Kotak Mahindra,15,5,1,0,BAD_REQUEST_ERROR,insufficient_funds,funds,0
1778,Card,IDFC First,15,1,1,1,BAD_REQUEST_ERROR,otp_timeout,dropoff,1
624,UPI,SBI,21,2,1,1,BAD_REQUEST_ERROR,otp_timeout,dropoff,1
5624,Card,Yes Bank,14,2,0,0,BAD_REQUEST_ERROR,user_cancelled,dropoff,0
951,UPI,Yes Bank,22,2,0,0,BAD_REQUEST_ERROR,issuer_general_decline,decline,0
1073,Card,Axis Bank,7,4,3,0,BAD_REQUEST_ERROR,invalid_cvv,invalid,1
1174,Wallet,SBI,4,4,0,0,BAD_REQUEST_ERROR,invalid_expiry,invalid,0
2537,UPI,Yes Bank,12,1,1,0,BAD_REQUEST_ERROR,insufficient_funds,funds,0
297,UPI,IDFC First,7,0,2,0,BAD_REQUEST_ERROR,user_cancelled,dropoff,1
4604,UPI,Kotak Mahindra,11,6,0,0,BAD_REQUEST_ERROR,otp_timeout,dropoff,1
2137,Card,Yes Bank,10,6,1,1,GATEWAY_ERROR,issuer_risk_block,risk,0
446,UPI,Axis Bank,20,2,0,0,GATEWAY_ERROR,issuer_risk_block,risk,0
1297,UPI,HDFC Bank,16,0,1,1,GATEWAY_ERROR,issuer_risk_block,risk,0
3645,UPI,Kotak Mahindra,18,6,1,1,BAD_REQUEST_ERROR,invalid_cvv,invalid,1
3393,UPI,Yes Bank,21,4,0,0,BAD_REQUEST_ERROR,invalid_cvv,invalid,1
228,Netbanking,IDFC First,13,4,0,0,BAD_REQUEST_ERROR,user_cancelled,dropoff,1
1694,Card,Kotak Mahindra,15,0,1,0,GATEWAY_ERROR,internal_error,timeout,0
2217,Card,IDFC First,5,3,1,1,BAD_REQUEST_ERROR,user_cancelled,dropoff,1
3227,UPI,SBI,23,4,0,1,BAD_REQUEST_ERROR,issuer_general_decline,decline,0
1521,Card,HDFC Bank,23,2,1,0,GATEWAY_ERROR,internal_error,timeout,1
1448,Wallet,Axis Bank,11,0,0,0,BAD_REQUEST_ERROR,issuer_general_decline,decline,0
20855,UPI,Axis Bank,14,1,0,1,BAD_REQUEST_ERROR,invalid_expiry,invalid,0
1829,Netbanking,Yes Bank,1,6,0,1,BAD_REQUEST_ERROR,user_cancelled,dropoff,0
658,UPI,Yes Bank,15,0,0,0,BAD_REQUEST_ERROR,otp_timeout,dropoff,1
396,UPI,HDFC Bank,17,1,0,0,BAD_REQUEST_ERROR,issuer_general_decline,decline,0
2042,UPI,SBI,11,2,0,1,BAD_REQUEST_ERROR,invalid_cvv,invalid,0
3868,UPI,HDFC Bank,23,1,1,1,BAD_REQUEST_ERROR,invalid_cvv,invalid,0
1175,UPI,Yes Bank,14,4,2,1,GATEWAY_ERROR,issuer_unavailable,timeout,1
1430,Wallet,HDFC Bank,19,3,1,1,GATEWAY_ERROR,issuer_unavailable,timeout,1
2918,Wallet,IDFC First,19,6,1,0,BAD_REQUEST_ERROR,invalid_cvv,funds,0
1720,Card,Yes Bank,15,3,3,1,BAD_REQUEST_ERROR,otp_timeout,dropoff,1
1956,Card,Axis Bank,15,5,1,0,BAD_REQUEST_ERROR,issuer_general_decline,decline,0
4019,Card,Yes Bank,11,5,2,0,BAD_REQUEST_ERROR,user_cancelled,dropoff,0
3180,UPI,Kotak Mahindra,14,5,0,0,GATEWAY_ERROR,issuer_risk_block,risk,0
319,Wallet,HDFC Bank,5,3,3,0,BAD_REQUEST_ERROR,user_cancelled,dropoff,1
839,Wallet,ICICI Bank,15,3,1,0,BAD_REQUEST_ERROR,insufficient_funds,funds,0
5986,UPI,HDFC Bank,4,4,0,0,BAD_REQUEST_ERROR,invalid_cvv,invalid,1
1536,Card,IDFC First,14,3,0,0,BAD_REQUEST_ERROR,invalid_cvv,invalid,1
10482,Card,ICICI Bank,6,3,0,0,GATEWAY_ERROR,issuer_unavailable,timeout,1
1677,Wallet,ICICI Bank,23,2,1,0,GATEWAY_ERROR,internal_error,timeout,0
2288,Netbanking,Kotak Mahindra,23,3,3,0,BAD_REQUEST_ERROR,otp_timeout,dropoff,0
1075,UPI,IDFC First,3,0,0,1,GATEWAY_ERROR,issuer_risk_block,risk,0
4940,Card,IDFC First,11,0,1,0,BAD_REQUEST_ERROR,issuer_general_decline,decline,1
1660,UPI,SBI,9,2,1,1,BAD_REQUEST_ERROR,user_cancelled,dropoff,1
3145,Netbanking,Axis Bank,2,5,0,0,BAD_REQUEST_ERROR,invalid_expiry,invalid,1
669,Card,SBI,9,0,0,0,BAD_REQUEST_ERROR,invalid_expiry,invalid,0
1015,Card,Axis Bank,5,5,1,0,GATEWAY_ERROR,issuer_risk_block,risk,0
5031,UPI,ICICI Bank,9,1,1,0,BAD_REQUEST_ERROR,user_cancelled,dropoff,1
1563,Wallet,ICICI Bank,6,2,0,0,BAD_REQUEST_ERROR,invalid_cvv,dropoff,0
1246,UPI,HDFC Bank,5,2,0,1,BAD_REQUEST_ERROR,invalid_expiry,invalid,1
2059,Card,ICICI Bank,17,3,0,0,BAD_REQUEST_ERROR,otp_timeout,dropoff,0
382,Netbanking,HDFC Bank,21,1,1,0,GATEWAY_ERROR,issuer_unavailable,timeout,1
4876,UPI,Yes Bank,18,4,1,0,BAD_REQUEST_ERROR,insufficient_funds,funds,0
3794,Netbanking,Kotak Mahindra,5,2,0,0,BAD_REQUEST_ERROR,user_cancelled,dropoff,1
630,Card,Axis Bank,9,5,0,1,BAD_REQUEST_ERROR,user_cancelled,dropoff,0
837,UPI,ICICI Bank,7,4,1,0,BAD_REQUEST_ERROR,user_cancelled,dropoff,0
206,UPI,IDFC First,14,3,0,0,BAD_REQUEST_ERROR,insufficient_funds,funds,0
9079,UPI,ICICI Bank,12,2,0,1,BAD_REQUEST_ERROR,issuer_general_decline,decline,0
6722,UPI,ICICI Bank,0,6,1,0,BAD_REQUEST_ERROR,insufficient_funds,funds,0
2315,Wallet,Yes Bank,13,6,3,0,BAD_REQUEST_ERROR,issuer_general_decline,decline,0
2447,UPI,SBI,16,3,0,0,BAD_REQUEST_ERROR,issuer_general_decline,decline,1
2424,UPI,IDFC First,14,0,0,1,BAD_REQUEST_ERROR,insufficient_funds,funds,0
970,Netbanking,SBI,16,6,1,0,BAD_REQUEST_ERROR,user_cancelled,funds,0
2125,Card,Kotak Mahindra,13,0,0,1,BAD_REQUEST_ERROR,issuer_general_decline,decline,0
369,Netbanking,SBI,2,5,0,0,BAD_REQUEST_ERROR,invalid_expiry,invalid,1
1030,Card,Axis Bank,17,1,0,0,BAD_REQUEST_ERROR,issuer_general_decline,decline,1
1137,Card,Axis Bank,21,6,0,0,BAD_REQUEST_ERROR,issuer_general_decline,dropoff,1
972,Card,ICICI Bank,23,1,1,0,GATEWAY_ERROR,issuer_risk_block,risk,0
3043,Wallet,ICICI Bank,22,6,0,0,BAD_REQUEST_ERROR,otp_timeout,dropoff,0
437,UPI,HDFC Bank,20,6,0,1,BAD_REQUEST_ERROR,insufficient_funds,funds,0
769,Netbanking,SBI,15,3,2,1,GATEWAY_ERROR,issuer_unavailable,timeout,0
960,UPI,Kotak Mahindra,5,4,0,0,BAD_REQUEST_ERROR,user_cancelled,dropoff,1
2854,Netbanking,IDFC First,7,2,0,1,GATEWAY_ERROR,issuer_unavailable,timeout,1
1118,Card,SBI,14,4,1,1,GATEWAY_ERROR,issuer_unavailable,timeout,1
4983,Netbanking,ICICI Bank,4,0,1,0,GATEWAY_ERROR,issuer_risk_block,risk,0
490,UPI,SBI,11,0,0,1,BAD_REQUEST_ERROR,user_cancelled,dropoff,1
410,UPI,HDFC Bank,19,0,0,1,BAD_REQUEST_ERROR,insufficient_funds,dropoff,1
1353,UPI,Axis Bank,9,4,0,1,GATEWAY_ERROR,issuer_risk_block,risk,0
693,Card,ICICI Bank,10,6,0,1,BAD_REQUEST_ERROR,insufficient_funds,funds,0
3560,UPI,Kotak Mahindra,17,4,0,0,GATEWAY_ERROR,issuer_unavailable,timeout,1
4377,Card,Yes Bank,13,2,1,0,BAD_REQUEST_ERROR,insufficient_funds,funds,0
391,UPI,Axis Bank,3,5,0,1,BAD_REQUEST_ERROR,invalid_expiry,invalid,0
1696,Wallet,Yes Bank,19,4,0,0,BAD_REQUEST_ERROR,issuer_general_decline,decline,0
988,Netbanking,Yes Bank,17,5,0,0,GATEWAY_ERROR,issuer_risk_block,risk,1
1438,Card,HDFC Bank,20,4,1,0,GATEWAY_ERROR,issuer_risk_block,risk,0
1862,Netbanking,IDFC First,13,2,2,1,BAD_REQUEST_ERROR,insufficient_funds,risk,0
100,Netbanking,Yes Bank,12,3,1,1,BAD_REQUEST_ERROR,user_cancelled,dropoff,1
480,Card,Axis Bank,19,3,0,0,GATEWAY_ERROR,internal_error,funds,0
2211,Wallet,SBI,20,1,3,0,BAD_REQUEST_ERROR,issuer_general_decline,decline,0
1957,Netbanking,Axis Bank,13,5,1,0,BAD_REQUEST_ERROR,user_cancelled,dropoff,0
6013,UPI,ICICI Bank,22,5,0,0,BAD_REQUEST_ERROR,invalid_cvv,invalid,0
2616,Card,Axis Bank,17,2,1,0,BAD_REQUEST_ERROR,insufficient_funds,funds,0
2973,Card,Axis Bank,10,3,0,0,BAD_REQUEST_ERROR,user_cancelled,dropoff,1
3230,UPI,HDFC Bank,20,4,2,0,GATEWAY_ERROR,internal_error,timeout,1
1097,Card,HDFC Bank,3,2,0,0,GATEWAY_ERROR,issuer_unavailable,risk,0
2693,Netbanking,IDFC First,9,6,1,0,BAD_REQUEST_ERROR,otp_timeout,dropoff,0
832,Wallet,Axis Bank,3,2,2,0,BAD_REQUEST_ERROR,insufficient_funds,funds,0
804,UPI,Yes Bank,11,3,2,0,BAD_REQUEST_ERROR,invalid_cvv,decline,1
3122,Card,HDFC Bank,10,2,0,0,GATEWAY_ERROR,issuer_unavailable,timeout,0
2395,UPI,ICICI Bank,23,1,0,1,BAD_REQUEST_ERROR,insufficient_funds,funds,1
1084,Card,Kotak Mahindra,3,1,1,0,BAD_REQUEST_ERROR,insufficient_funds,funds,0
2924,UPI,Axis Bank,13,4,0,0,BAD_REQUEST_ERROR,insufficient_funds,funds,0
1730,UPI,Axis Bank,4,4,1,0,BAD_REQUEST_ERROR,insufficient_funds,funds,0
462,Wallet,Axis Bank,20,0,0,1,BAD_REQUEST_ERROR,insufficient_funds,funds,0
2404,UPI,HDFC Bank,7,0,0,1,BAD_REQUEST_ERROR,otp_timeout,dropoff,1
3828,Card,SBI,8,5,2,1,BAD_REQUEST_ERROR,insufficient_funds,funds,0
6793,Netbanking,Axis Bank,15,5,1,0,BAD_REQUEST_ERROR,otp_timeout,dropoff,1
1054,Card,HDFC Bank,14,1,0,1,BAD_REQUEST_ERROR,invalid_expiry,invalid,0
862,Card,Kotak Mahindra,12,4,0,0,BAD_REQUEST_ERROR,insufficient_funds,decline,0
605,UPI,HDFC Bank,15,4,1,0,BAD_REQUEST_ERROR,otp_timeout,dropoff,0
4756,UPI,HDFC Bank,6,3,1,0,BAD_REQUEST_ERROR,insufficient_funds,funds,1
815,Card,Axis Bank,11,3,3,0,GATEWAY_ERROR,issuer_risk_block,risk,0
1619,UPI,HDFC Bank,3,1,0,1,BAD_REQUEST_ERROR,issuer_general_decline,decline,1
944,Card,HDFC Bank,0,4,0,1,BAD_REQUEST_ERROR,invalid_cvv,invalid,0
1468,UPI,Axis Bank,9,4,1,0,GATEWAY_ERROR,issuer_risk_block,risk,0
1545,UPI,HDFC Bank,15,0,0,1,BAD_REQUEST_ERROR,invalid_cvv,invalid,1
1567,Card,SBI,0,2,0,0,BAD_REQUEST_ERROR,invalid_cvv,invalid,0
399,Card,Kotak Mahindra,8,0,1,0,BAD_REQUEST_ERROR,invalid_expiry,invalid,1
1556,UPI,Kotak Mahindra,16,1,0,0,GATEWAY_ERROR,issuer_risk_block,risk,0
514,Card,Yes Bank,21,4,0,0,BAD_REQUEST_ERROR,invalid_expiry,invalid,1
1091,Wallet,Kotak Mahindra,13,5,0,0,BAD_REQUEST_ERROR,user_cancelled,dropoff,0
665,Card,Axis Bank,22,2,0,0,BAD_REQUEST_ERROR,user_cancelled,dropoff,1
4014,Netbanking,Yes Bank,22,6,1,0,BAD_REQUEST_ERROR,invalid_expiry,invalid,1
1845,Card,HDFC Bank,22,5,1,0,BAD_REQUEST_ERROR,insufficient_funds,funds,0
856,Wallet,SBI,0,4,1,0,BAD_REQUEST_ERROR,invalid_cvv,invalid,0
14530,UPI,Yes Bank,14,0,0,1,GATEWAY_ERROR,issuer_unavailable,timeout,1
609,Netbanking,SBI,16,5,0,1,BAD_REQUEST_ERROR,invalid_expiry,invalid,0
125,Netbanking,Yes Bank,16,3,0,0,GATEWAY_ERROR,internal_error,timeout,1
824,Netbanking,HDFC Bank,20,3,0,1,BAD_REQUEST_ERROR,invalid_cvv,invalid,1
779,Netbanking,Yes Bank,3,4,0,1,BAD_REQUEST_ERROR,otp_timeout,dropoff,0
1483,UPI,HDFC Bank,5,6,0,1,GATEWAY_ERROR,issuer_unavailable,timeout,1
1714,UPI,HDFC Bank,0,0,0,0,BAD_REQUEST_ERROR,invalid_cvv,invalid,0
2728,UPI,Yes Bank,20,4,0,1,BAD_REQUEST_ERROR,insufficient_funds,invalid,1
924,UPI,HDFC Bank,4,4,0,0,BAD_REQUEST_ERROR,insufficient_funds,funds,0
4894,UPI,IDFC First,4,5,1,1,BAD_REQUEST_ERROR,otp_timeout,dropoff,1
1720,UPI,ICICI Bank,21,4,0,1,GATEWAY_ERROR,internal_error,timeout,1
1297,UPI,Axis Bank,1,1,2,0,GATEWAY_ERROR,internal_error,timeout,1
1280,UPI,SBI,10,4,0,0,GATEWAY_ERROR,issuer_unavailable,timeout,0
3819,UPI,IDFC First,5,4,0,0,BAD_REQUEST_ERROR,otp_timeout,dropoff,1
245,Wallet,Kotak Mahindra,3,1,2,0,GATEWAY_ERROR,issuer_unavailable,timeout,0
2269,Card,Axis Bank,0,0,0,1,BAD_REQUEST_ERROR,user_cancelled,dropoff,0
2042,UPI,Axis Bank,15,2,0,1,BAD_REQUEST_ERROR,invalid_expiry,invalid,1
393,Wallet,HDFC Bank,2,2,1,0,BAD_REQUEST_ERROR,invalid_expiry,invalid,0
632,UPI,HDFC Bank,2,3,0,1,BAD_REQUEST_ERROR,insufficient_funds,invalid,1
2200,Card,Kotak Mahindra,18,4,0,1,BAD_REQUEST_ERROR,insufficient_funds,funds,0
2083,Card,HDFC Bank,18,4,2,0,BAD_REQUEST_ERROR,otp_timeout,dropoff,0
623,UPI,Yes Bank,0,6,1,0,BAD_REQUEST_ERROR,invalid_expiry,invalid,0
4362,Card,Axis Bank,21,1,3,0,GATEWAY_ERROR,issuer_risk_block,risk,0
3534,Wallet,Yes Bank,13,5,0,0,BAD_REQUEST_ERROR,invalid_cvv,invalid,0
900,Card,Kotak Mahindra,13,2,1,1,BAD_REQUEST_ERROR,invalid_cvv,invalid,1
257,Card,Yes Bank,14,3,1,1,GATEWAY_ERROR,issuer_risk_block,risk,0
3730,UPI,HDFC Bank,19,0,2,0,BAD_REQUEST_ERROR,invalid_cvv,invalid,1
814,UPI,HDFC Bank,4,1,0,0,BAD_REQUEST_ERROR,otp_timeout,dropoff,1
2422,UPI,IDFC First,9,6,0,1,BAD_REQUEST_ERROR,user_cancelled,dropoff,1
1086,Wallet,Kotak Mahindra,16,4,0,0,BAD_REQUEST_ERROR,user_cancelled,dropoff,1
1368,UPI,IDFC First,21,4,2,1,BAD_REQUEST_ERROR,invalid_expiry,invalid,1
3885,UPI,IDFC First,9,6,1,0,BAD_REQUEST_ERROR,invalid_expiry,invalid,0
3245,UPI,Yes Bank,15,1,0,0,GATEWAY_ERROR,issuer_unavailable,timeout,1
2665,Netbanking,Yes Bank,12,0,0,1,BAD_REQUEST_ERROR,otp_timeout,funds,0
3215,Wallet,SBI,17,1,0,0,BAD_REQUEST_ERROR,invalid_expiry,invalid,1
6162,UPI,SBI,11,2,0,1,BAD_REQUEST_ERROR,issuer_general_decline,decline,1
8167,UPI,ICICI Bank,11,4,0,0,BAD_REQUEST_ERROR,insufficient_funds,funds,0
1567,UPI,SBI,12,3,2,0,BAD_REQUEST_ERROR,invalid_expiry,invalid,0
2664,UPI,IDFC First,5,6,1,0,BAD_REQUEST_ERROR,user_cancelled,dropoff,1
3120,Card,Yes Bank,15,1,3,1,BAD_REQUEST_ERROR,user_cancelled,dropoff,1
1649,UPI,Kotak Mahindra,13,1,0,0,BAD_REQUEST_ERROR,invalid_expiry,invalid,0
1940,UPI,Yes Bank,19,1,0,0,BAD_REQUEST_ERROR,otp_timeout,dropoff,0
1392,Netbanking,HDFC Bank,2,2,0,0,GATEWAY_ERROR,issuer_risk_block,risk,0
1852,Card,HDFC Bank,3,2,3,0,BAD_REQUEST_ERROR,insufficient_funds,funds,0
2601,UPI,Yes Bank,19,1,0,0,BAD_REQUEST_ERROR,otp_timeout,dropoff,1
518,Card,ICICI Bank,18,0,1,0,BAD_REQUEST_ERROR,insufficient_funds,funds,0
1147,Wallet,IDFC First,6,2,0,1,GATEWAY_ERROR,issuer_unavailable,timeout,1
1821,Card,HDFC Bank,2,3,2,0,BAD_REQUEST_ERROR,invalid_cvv,invalid,0
331,UPI,Kotak Mahindra,11,1,1,0,BAD_REQUEST_ERROR,issuer_general_decline,decline,0
1754,Netbanking,Kotak Mahindra,18,4,0,0,BAD_REQUEST_ERROR,otp_timeout,dropoff,0
1921,Card,Yes Bank,13,0,1,1,GATEWAY_ERROR,issuer_risk_block,risk,0
2930,Netbanking,Kotak Mahindra,0,6,0,1,GATEWAY_ERROR,issuer_unavailable,timeout,0
15628,UPI,Yes Bank,21,3,2,0,GATEWAY_ERROR,internal_error,timeout,1
1898,Wallet,Yes Bank,4,3,0,0,BAD_REQUEST_ERROR,invalid_expiry,invalid,1
1610,UPI,Axis Bank,4,3,0,0,BAD_REQUEST_ERROR,invalid_expiry,invalid,0
311,UPI,Axis Bank,15,5,2,1,BAD_REQUEST_ERROR,invalid_cvv,timeout,1
1759,Netbanking,ICICI Bank,12,6,0,1,BAD_REQUEST_ERROR,invalid_expiry,invalid,0
1555,Card,ICICI Bank,14,2,0,1,BAD_REQUEST_ERROR,invalid_cvv,invalid,0
511,UPI,Yes Bank,2,5,0,0,BAD_REQUEST_ERROR,invalid_expiry,invalid,0
6498,Wallet,ICICI Bank,18,1,2,0,BAD_REQUEST_ERROR,issuer_general_decline,decline,1
18263,Card,IDFC First,14,5,0,0,BAD_REQUEST_ERROR,issuer_general_decline,decline,0
10437,Wallet,Axis Bank,13,5,0,1,BAD_REQUEST_ERROR,invalid_cvv,invalid,0
676,Card,SBI,21,0,0,0,GATEWAY_ERROR,issuer_risk_block,risk,0
3190,UPI,IDFC First,0,5,0,1,BAD_REQUEST_ERROR,otp_timeout,dropoff,1
6639,Card,IDFC First,3,0,1,1,BAD_REQUEST_ERROR,otp_timeout,dropoff,0
334,UPI,HDFC Bank,15,1,0,0,GATEWAY_ERROR,issuer_unavailable,timeout,1
875,Netbanking,IDFC First,3,2,0,0,GATEWAY_ERROR,internal_error,timeout,0
3386,Netbanking,IDFC First,18,6,0,0,GATEWAY_ERROR,internal_error,risk,0
1357,UPI,Yes Bank,12,2,3,1,GATEWAY_ERROR,issuer_risk_block,risk,0
3382,Card,Axis Bank,19,5,1,1,GATEWAY_ERROR,internal_error,timeout,1
886,Wallet,HDFC Bank,17,1,1,0,GATEWAY_ERROR,issuer_unavailable,timeout,1
1977,Card,Axis Bank,2,4,0,0,BAD_REQUEST_ERROR,insufficient_funds,funds,1
6357,Card,Kotak Mahindra,23,2,1,0,BAD_REQUEST_ERROR,invalid_expiry,invalid,0
1607,Card,Kotak Mahindra,13,2,0,0,BAD_REQUEST_ERROR,otp_timeout,dropoff,1
4455,UPI,IDFC First,12,1,1,1,GATEWAY_ERROR,issuer_risk_block,risk,0
1535,UPI,IDFC First,13,6,2,0,GATEWAY_ERROR,internal_error,timeout,1
552,UPI,IDFC First,22,1,0,0,BAD_REQUEST_ERROR,insufficient_funds,funds,0
4717,UPI,Axis Bank,19,1,0,0,BAD_REQUEST_ERROR,issuer_general_decline,decline,0
2052,UPI,ICICI Bank,17,6,1,0,BAD_REQUEST_ERROR,insufficient_funds,funds,1
8048,UPI,Yes Bank,21,6,1,0,GATEWAY_ERROR,issuer_risk_block,risk,0
2769,UPI,Axis Bank,20,2,1,1,BAD_REQUEST_ERROR,invalid_expiry,invalid,0
936,Netbanking,ICICI Bank,17,0,0,1,BAD_REQUEST_ERROR,invalid_cvv,invalid,1
934,UPI,Axis Bank,10,6,2,1,BAD_REQUEST_ERROR,insufficient_funds,funds,0
3021,Card,Yes Bank,10,5,0,0,BAD_REQUEST_ERROR,invalid_cvv,invalid,0
2464,UPI,ICICI Bank,18,6,0,0,BAD_REQUEST_ERROR,otp_timeout,dropoff,1
571,Card,Axis Bank,8,6,0,1,BAD_REQUEST_ERROR,otp_timeout,dropoff,0
308,UPI,ICICI Bank,12,0,1,0,BAD_REQUEST_ERROR,invalid_expiry,invalid,1
547,UPI,IDFC First,16,5,0,0,GATEWAY_ERROR,issuer_unavailable,timeout,1
2050,UPI,Axis Bank,10,1,0,0,GATEWAY_ERROR,internal_error,timeout,1
10937,Wallet,Yes Bank,0,4,2,0,BAD_REQUEST_ERROR,invalid_cvv,invalid,1
3114,Card,Axis Bank,12,1,2,1,BAD_REQUEST_ERROR,otp_timeout,dropoff,1
816,Wallet,Axis Bank,6,6,0,0,BAD_REQUEST_ERROR,invalid_cvv,invalid,0
1409,Card,Yes Bank,19,0,0,0,GATEWAY_ERROR,issuer_unavailable,timeout,1
22125,Card,Axis Bank,1,6,0,1,GATEWAY_ERROR,issuer_unavailable,timeout,1
841,UPI,Axis Bank,9,1,0,0,BAD_REQUEST_ERROR,user_cancelled,dropoff,1
2432,UPI,Kotak Mahindra,17,2,2,0,BAD_REQUEST_ERROR,issuer_general_decline,decline,1
5968,UPI,IDFC First,3,0,0,1,BAD_REQUEST_ERROR,user_cancelled,dropoff,1
660,UPI,Axis Bank,9,0,0,0,BAD_REQUEST_ERROR,issuer_general_decline,decline,0
1436,UPI,SBI,19,0,1,0,GATEWAY_ERROR,internal_error,timeout,1
701,Card,SBI,8,6,0,0,BAD_REQUEST_ERROR,invalid_expiry,invalid,0
5160,Card,Kotak Mahindra,3,4,0,0,GATEWAY_ERROR,internal_error,timeout,1
9268,Card,Kotak Mahindra,10,6,0,0,BAD_REQUEST_ERROR,invalid_expiry,invalid,1
6453,UPI,Yes Bank,21,6,0,0,GATEWAY_ERROR,issuer_unavailable,timeout,1
1685,Wallet,ICICI Bank,14,1,1,0,GATEWAY_ERROR,internal_error,timeout,0
8329,Card,HDFC Bank,8,4,1,1,BAD_REQUEST_ERROR,invalid_cvv,invalid,0
151,Card,SBI,18,3,2,0,BAD_REQUEST_ERROR,issuer_general_decline,decline,0
1242,UPI,ICICI Bank,0,3,2,0,BAD_REQUEST_ERROR,otp_timeout,dropoff,1
944,UPI,IDFC First,13,0,2,0,GATEWAY_ERROR,internal_error,timeout,1
1635,Card,HDFC Bank,14,1,0,0,BAD_REQUEST_ERROR,user_cancelled,dropoff,1
1654,Wallet,Axis Bank,3,6,0,1,BAD_REQUEST_ERROR,issuer_general_decline,decline,1
785,UPI,ICICI Bank,10,2,0,0,GATEWAY_ERROR,internal_error,timeout,1
462,UPI,IDFC First,5,4,0,0,BAD_REQUEST_ERROR,invalid_expiry,invalid,0
615,UPI,SBI,20,2,1,0,BAD_REQUEST_ERROR,user_cancelled,dropoff,1
3455,Card,IDFC First,14,4,1,0,GATEWAY_ERROR,issuer_unavailable,timeout,0
2389,Card,ICICI Bank,10,2,0,1,BAD_REQUEST_ERROR,otp_timeout,dropoff,1
5145,UPI,ICICI Bank,18,6,1,1,BAD_REQUEST_ERROR,user_cancelled,dropoff,1
2864,UPI,SBI,23,6,2,1,GATEWAY_ERROR,internal_error,timeout,1
875,UPI,IDFC First,23,6,1,1,BAD_REQUEST_ERROR,invalid_expiry,invalid,0
2964,Netbanking,ICICI Bank,9,5,0,0,GATEWAY_ERROR,issuer_risk_block,dropoff,0
12044,Netbanking,HDFC Bank,6,2,0,0,BAD_REQUEST_ERROR,insufficient_funds,funds,0
1694,Card,IDFC First,2,2,2,0,BAD_REQUEST_ERROR,insufficient_funds,timeout,1
1210,UPI,ICICI Bank,12,1,0,0,BAD_REQUEST_ERROR,invalid_expiry,invalid,0
2431,Netbanking,Axis Bank,0,3,2,1,BAD_REQUEST_ERROR,invalid_expiry,invalid,0
2422,UPI,SBI,12,2,0,1,GATEWAY_ERROR,internal_error,timeout,0
1407,UPI,HDFC Bank,16,3,0,0,BAD_REQUEST_ERROR,insufficient_funds,funds,0
2072,Netbanking,Axis Bank,11,0,0,0,GATEWAY_ERROR,issuer_risk_block,risk,0
173,Netbanking,ICICI Bank,12,2,0,1,GATEWAY_ERROR,issuer_risk_block,risk,0
3472,Wallet,IDFC First,15,2,1,0,GATEWAY_ERROR,issuer_unavailable,timeout,1
314,UPI,Axis Bank,23,4,1,1,BAD_REQUEST_ERROR,insufficient_funds,timeout,1
823,Card,Kotak Mahindra,18,6,0,1,GATEWAY_ERROR,issuer_risk_block,risk,0
4528,Card,IDFC First,11,2,0,1,GATEWAY_ERROR,issuer_unavailable,timeout,1
276,Card,Kotak Mahindra,18,6,0,1,BAD_REQUEST_ERROR,invalid_cvv,invalid,1
1369,Card,Kotak Mahindra,15,4,1,0,BAD_REQUEST_ERROR,issuer_general_decline,decline,0
6466,Netbanking,Axis Bank,16,1,2,0,BAD_REQUEST_ERROR,otp_timeout,dropoff,0
7593,Card,HDFC Bank,16,6,1,0,GATEWAY_ERROR,internal_error,risk,0
5055,Card,Axis Bank,3,0,1,1,GATEWAY_ERROR,issuer_risk_block,risk,0
2395,Card,SBI,4,0,0,1,BAD_REQUEST_ERROR,user_cancelled,dropoff,1
3385,Wallet,ICICI Bank,21,5,2,0,BAD_REQUEST_ERROR,issuer_general_decline,decline,0
1282,UPI,Axis Bank,8,1,0,0,BAD_REQUEST_ERROR,issuer_general_decline,decline,0
258,Wallet,Axis Bank,5,3,0,1,BAD_REQUEST_ERROR,invalid_cvv,invalid,0
2716,UPI,IDFC First,22,0,1,0,GATEWAY_ERROR,issuer_risk_block,risk,0
2273,Card,Axis Bank,11,5,0,1,BAD_REQUEST_ERROR,insufficient_funds,funds,0
673,Card,Yes Bank,14,4,0,0,GATEWAY_ERROR,issuer_risk_block,risk,0
18524,Netbanking,Axis Bank,17,5,1,1,GATEWAY_ERROR,issuer_unavailable,timeout,1
659,Card,SBI,14,0,1,0,GATEWAY_ERROR,internal_error,timeout,1
2305,Card,Yes Bank,3,5,0,0,BAD_REQUEST_ERROR,otp_timeout,dropoff,1
715,UPI,ICICI Bank,11,3,0,0,BAD_REQUEST_ERROR,invalid_expiry,invalid,1
1087,Netbanking,SBI,3,2,2,1,BAD_REQUEST_ERROR,insufficient_funds,funds,0
1444,Netbanking,HDFC Bank,4,1,0,0,BAD_REQUEST_ERROR,invalid_expiry,invalid,0
650,UPI,Kotak Mahindra,4,4,2,1,GATEWAY_ERROR,issuer_unavailable,timeout,1
4155,UPI,Kotak Mahindra,15,1,0,0,BAD_REQUEST_ERROR,otp_timeout,dropoff,1
4346,Card,Axis Bank,9,5,0,0,BAD_REQUEST_ERROR,insufficient_funds,funds,0
3894,UPI,HDFC Bank,18,4,0,0,BAD_REQUEST_ERROR,invalid_cvv,invalid,1
1211,UPI,Yes Bank,22,5,0,0,BAD_REQUEST_ERROR,otp_timeout,dropoff,0
4668,Card,HDFC Bank,0,1,0,1,GATEWAY_ERROR,internal_error,timeout,0
768,Netbanking,HDFC Bank,14,1,1,1,GATEWAY_ERROR,issuer_unavailable,timeout,1
481,UPI,SBI,0,2,1,0,BAD_REQUEST_ERROR,otp_timeout,dropoff,1
360,UPI,HDFC Bank,21,0,0,0,BAD_REQUEST_ERROR,otp_timeout,dropoff,0
12943,UPI,HDFC Bank,12,1,0,0,BAD_REQUEST_ERROR,otp_timeout,dropoff,1
806,UPI,SBI,21,0,0,1,GATEWAY_ERROR,issuer_risk_block,dropoff,0
6346,Wallet,SBI,2,1,1,0,GATEWAY_ERROR,issuer_unavailable,timeout,0
5133,Wallet,ICICI Bank,2,3,0,0,GATEWAY_ERROR,issuer_unavailable,invalid,1
793,UPI,SBI,0,3,3,0,BAD_REQUEST_ERROR,insufficient_funds,funds,0
1283,UPI,Yes Bank,0,6,0,0,GATEWAY_ERROR,issuer_unavailable,timeout,1
2704,Card,ICICI Bank,20,3,1,0,BAD_REQUEST_ERROR,issuer_general_decline,decline,0
1395,Wallet,SBI,15,3,0,0,BAD_REQUEST_ERROR,otp_timeout,dropoff,0
784,UPI,IDFC First,5,3,1,1,GATEWAY_ERROR,issuer_risk_block,risk,0
1800,Wallet,SBI,20,4,0,0,BAD_REQUEST_ERROR,invalid_cvv,invalid,1
2694,Card,Yes Bank,10,6,0,0,BAD_REQUEST_ERROR,insufficient_funds,funds,0
1402,UPI,Yes Bank,17,0,0,0,GATEWAY_ERROR,issuer_unavailable,timeout,1
495,Netbanking,SBI,6,5,1,1,BAD_REQUEST_ERROR,insufficient_funds,funds,0
159,Card,Kotak Mahindra,8,2,0,0,BAD_REQUEST_ERROR,insufficient_funds,funds,0
2743,UPI,Kotak Mahindra,9,5,0,1,BAD_REQUEST_ERROR,otp_timeout,dropoff,1
682,UPI,Axis Bank,4,3,0,0,BAD_REQUEST_ERROR,otp_timeout,dropoff,0
9242,UPI,ICICI Bank,4,5,1,0,GATEWAY_ERROR,internal_error,timeout,1
6936,UPI,Axis Bank,7,2,0,0,BAD_REQUEST_ERROR,issuer_general_decline,decline,0
764,Wallet,HDFC Bank,4,5,0,1,BAD_REQUEST_ERROR,user_cancelled,dropoff,1
1183,Card,Yes Bank,8,0,0,0,BAD_REQUEST_ERROR,insufficient_funds,funds,0
1975,Card,SBI,18,6,0,1,BAD_REQUEST_ERROR,user_cancelled,dropoff,1
709,Card,IDFC First,12,0,0,0,GATEWAY_ERROR,issuer_unavailable,timeout,1
4048,Netbanking,IDFC First,12,1,1,0,GATEWAY_ERROR,internal_error,timeout,1
19262,UPI,ICICI Bank,9,3,0,1,GATEWAY_ERROR,internal_error,timeout,1
3267,Card,IDFC First,4,3,0,0,BAD_REQUEST_ERROR,user_cancelled,dropoff,0
746,UPI,HDFC Bank,18,0,0,0,BAD_REQUEST_ERROR,user_cancelled,dropoff,1
1020,UPI,Yes Bank,13,5,0,0,BAD_REQUEST_ERROR,insufficient_funds,funds,0
4347,Netbanking,HDFC Bank,20,4,1,0,BAD_REQUEST_ERROR,invalid_cvv,invalid,1
9675,Card,Kotak Mahindra,6,2,1,0,BAD_REQUEST_ERROR,insufficient_funds,funds,0
7830,UPI,Kotak Mahindra,17,2,0,1,BAD_REQUEST_ERROR,invalid_cvv,invalid,0
10059,Card,Axis Bank,9,3,1,0,BAD_REQUEST_ERROR,issuer_general_decline,decline,1
489,Card,IDFC First,8,4,1,1,GATEWAY_ERROR,issuer_unavailable,timeout,1
1109,Netbanking,Kotak Mahindra,4,0,3,0,GATEWAY_ERROR,internal_error,timeout,1
2045,Card,Axis Bank,15,4,0,1,BAD_REQUEST_ERROR,otp_timeout,dropoff,1
5105,Card,IDFC First,2,3,2,0,GATEWAY_ERROR,internal_error,timeout,1
9969,UPI,ICICI Bank,5,2,0,0,BAD_REQUEST_ERROR,insufficient_funds,funds,0
2413,UPI,IDFC First,11,5,0,1,BAD_REQUEST_ERROR,invalid_expiry,invalid,0
353,Card,IDFC First,23,1,2,0,GATEWAY_ERROR,issuer_unavailable,timeout,0
1295,UPI,Axis Bank,6,2,0,0,BAD_REQUEST_ERROR,user_cancelled,dropoff,0
6255,Card,SBI,23,5,0,1,GATEWAY_ERROR,issuer_unavailable,timeout,1
4967,Netbanking,Kotak Mahindra,23,2,0,1,BAD_REQUEST_ERROR,invalid_expiry,invalid,0
1262,Wallet,Kotak Mahindra,10,6,0,0,GATEWAY_ERROR,issuer_risk_block,risk,0
4058,UPI,IDFC First,5,5,0,1,BAD_REQUEST_ERROR,user_cancelled,decline,0
1502,UPI,SBI,2,0,0,1,BAD_REQUEST_ERROR,issuer_general_decline,decline,0
2025,Card,Yes Bank,15,2,0,1,BAD_REQUEST_ERROR,user_cancelled,dropoff,1
5468,Card,SBI,1,6,1,1,BAD_REQUEST_ERROR,insufficient_funds,decline,0
2804,UPI,Yes Bank,23,0,1,0,BAD_REQUEST_ERROR,invalid_cvv,invalid,1
720,Card,Axis Bank,20,5,0,0,BAD_REQUEST_ERROR,invalid_cvv,invalid,0
1261,UPI,ICICI Bank,5,6,0,1,BAD_REQUEST_ERROR,invalid_expiry,invalid,1
2697,Card,Axis Bank,6,1,0,0,BAD_REQUEST_ERROR,issuer_general_decline,decline,0
864,Netbanking,ICICI Bank,15,5,0,1,GATEWAY_ERROR,internal_error,risk,0
2739,UPI,Kotak Mahindra,16,4,0,0,BAD_REQUEST_ERROR,user_cancelled,dropoff,1
1246,Netbanking,Kotak Mahindra,5,1,1,0,BAD_REQUEST_ERROR,invalid_cvv,invalid,1
4727,UPI,Yes Bank,12,3,0,0,BAD_REQUEST_ERROR,invalid_expiry,invalid,1
1188,Netbanking,Axis Bank,12,1,0,1,BAD_REQUEST_ERROR,user_cancelled,dropoff,0
2693,Wallet,SBI,5,5,0,0,BAD_REQUEST_ERROR,insufficient_funds,funds,0
404,Wallet,Axis Bank,0,4,0,0,GATEWAY_ERROR,issuer_unavailable,timeout,1
2149,Wallet,Yes Bank,16,3,0,0,BAD_REQUEST_ERROR,insufficient_funds,funds,0
2583,UPI,IDFC First,17,5,1,0,BAD_REQUEST_ERROR,insufficient_funds,funds,0
2523,Netbanking,Axis Bank,6,6,0,0,GATEWAY_ERROR,issuer_unavailable,timeout,0
3814,UPI,SBI,0,6,1,0,BAD_REQUEST_ERROR,insufficient_funds,funds,0
470,UPI,HDFC Bank,11,6,2,0,BAD_REQUEST_ERROR,user_cancelled,dropoff,0
3276,UPI,Yes Bank,19,5,1,1,BAD_REQUEST_ERROR,otp_timeout,funds,0
807,Card,Yes Bank,0,1,0,1,BAD_REQUEST_ERROR,insufficient_funds,funds,0
1053,UPI,SBI,2,4,0,0,BAD_REQUEST_ERROR,insufficient_funds,funds,0
2395,Card,Axis Bank,12,4,0,0,BAD_REQUEST_ERROR,invalid_expiry,invalid,1
737,Card,Axis Bank,3,1,0,0,BAD_REQUEST_ERROR,user_cancelled,dropoff,1
2016,Card,Kotak Mahindra,19,4,2,1,GATEWAY_ERROR,internal_error,timeout,1
5390,Card,Kotak Mahindra,18,1,1,1,GATEWAY_ERROR,internal_error,timeout,1
1024,Wallet,Axis Bank,3,0,2,1,BAD_REQUEST_ERROR,invalid_expiry,invalid,0
3017,Card,Yes Bank,2,2,2,0,BAD_REQUEST_ERROR,issuer_general_decline,decline,0
778,Card,HDFC Bank,8,4,0,0,GATEWAY_ERROR,issuer_risk_block,risk,0
1069,Card,SBI,19,4,0,0,BAD_REQUEST_ERROR,user_cancelled,dropoff,0
3298,UPI,Yes Bank,2,0,0,0,BAD_REQUEST_ERROR,invalid_cvv,invalid,0
2626,Card,Yes Bank,20,6,0,1,BAD_REQUEST_ERROR,issuer_general_decline,decline,0
3317,Netbanking,SBI,6,3,0,1,BAD_REQUEST_ERROR,invalid_cvv,invalid,1
793,Wallet,Kotak Mahindra,21,1,0,1,BAD_REQUEST_ERROR,issuer_general_decline,decline,0
2510,Card,Yes Bank,2,1,2,0,GATEWAY_ERROR,issuer_risk_block,risk,0
2884,Card,Yes Bank,7,2,0,1,BAD_REQUEST_ERROR,invalid_expiry,invalid,0
3166,UPI,IDFC First,19,6,2,0,BAD_REQUEST_ERROR,invalid_cvv,dropoff,1
1462,UPI,ICICI Bank,12,5,0,0,BAD_REQUEST_ERROR,otp_timeout,dropoff,0
3276,Card,Yes Bank,9,4,0,0,BAD_REQUEST_ERROR,user_cancelled,dropoff,1
16025,Card,Yes Bank,8,4,0,1,BAD_REQUEST_ERROR,insufficient_funds,funds,0
9735,UPI,Axis Bank,12,3,0,1,GATEWAY_ERROR,issuer_unavailable,timeout,1
17427,UPI,HDFC Bank,1,1,3,1,BAD_REQUEST_ERROR,user_cancelled,dropoff,1
993,UPI,Axis Bank,15,2,3,1,BAD_REQUEST_ERROR,otp_timeout,dropoff,0
3213,Card,Axis Bank,10,3,1,0,GATEWAY_ERROR,issuer_risk_block,risk,0
643,UPI,ICICI Bank,9,0,0,1,GATEWAY_ERROR,internal_error,timeout,0
2682,Card,SBI,0,2,2,0,BAD_REQUEST_ERROR,user_cancelled,dropoff,1
1509,Wallet,HDFC Bank,9,5,2,0,BAD_REQUEST_ERROR,invalid_cvv,invalid,0
2559,Card,IDFC First,10,3,0,1,BAD_REQUEST_ERROR,issuer_general_decline,decline,1
915,Card,IDFC First,5,1,0,0,BAD_REQUEST_ERROR,invalid_expiry,risk,0
1972,Wallet,Axis Bank,19,5,0,0,BAD_REQUEST_ERROR,otp_timeout,dropoff,1
2844,Card,Axis Bank,15,5,0,0,GATEWAY_ERROR,issuer_risk_block,risk,0
6471,UPI,ICICI Bank,11,0,1,0,GATEWAY_ERROR,internal_error,timeout,1
967,UPI,HDFC Bank,2,4,0,0,GATEWAY_ERROR,issuer_unavailable,timeout,0
1887,UPI,IDFC First,5,0,1,0,BAD_REQUEST_ERROR,issuer_general_decline,decline,0
2135,Wallet,IDFC First,7,5,0,1,BAD_REQUEST_ERROR,invalid_cvv,invalid,0
1174,Card,Axis Bank,5,4,0,0,BAD_REQUEST_ERROR,otp_timeout,dropoff,0
455,UPI,IDFC First,1,3,0,0,GATEWAY_ERROR,issuer_unavailable,timeout,1
9598,Card,IDFC First,16,4,0,0,GATEWAY_ERROR,issuer_risk_block,risk,0
2268,Netbanking,HDFC Bank,13,1,0,1,GATEWAY_ERROR,issuer_risk_block,risk,0
477,Card,HDFC Bank,1,1,0,0,BAD_REQUEST_ERROR,invalid_expiry,invalid,0
1021,Netbanking,Axis Bank,20,4,1,1,BAD_REQUEST_ERROR,issuer_general_decline,decline,1
2087,UPI,SBI,16,3,0,1,BAD_REQUEST_ERROR,issuer_general_decline,decline,0
2389,UPI,HDFC Bank,9,0,0,1,BAD_REQUEST_ERROR,invalid_cvv,dropoff,0
9877,UPI,SBI,4,5,1,1,GATEWAY_ERROR,issuer_unavailable,timeout,1
6341,Card,SBI,0,5,1,0,BAD_REQUEST_ERROR,user_cancelled,dropoff,1
1551,UPI,SBI,21,2,0,0,BAD_REQUEST_ERROR,otp_timeout,risk,0
208,Card,Kotak Mahindra,1,0,0,0,GATEWAY_ERROR,internal_error,timeout,0
2898,UPI,ICICI Bank,22,4,1,0,BAD_REQUEST_ERROR,insufficient_funds,funds,0
545,UPI,Kotak Mahindra,18,1,0,0,BAD_REQUEST_ERROR,invalid_expiry,invalid,1
890,Card,SBI,16,5,0,0,GATEWAY_ERROR,issuer_risk_block,risk,0
2086,UPI,Axis Bank,17,2,0,0,BAD_REQUEST_ERROR,user_cancelled,dropoff,1
467,UPI,IDFC First,15,6,1,1,BAD_REQUEST_ERROR,user_cancelled,dropoff,1
947,UPI,Yes Bank,21,2,0,1,BAD_REQUEST_ERROR,insufficient_funds,funds,0
5719,Wallet,Axis Bank,21,6,0,1,BAD_REQUEST_ERROR,insufficient_funds,funds,0
631,UPI,Yes Bank,16,5,0,0,BAD_REQUEST_ERROR,user_cancelled,dropoff,0
2378,UPI,Kotak Mahindra,2,1,0,0,BAD_REQUEST_ERROR,otp_timeout,dropoff,1
1545,UPI,HDFC Bank,18,6,0,1,GATEWAY_ERROR,issuer_unavailable,timeout,1
4829,UPI,ICICI Bank,8,0,1,0,BAD_REQUEST_ERROR,invalid_cvv,invalid,1
5697,Wallet,Axis Bank,4,1,0,1,GATEWAY_ERROR,internal_error,timeout,1
1588,Card,HDFC Bank,9,6,1,0,BAD_REQUEST_ERROR,invalid_cvv,invalid,0
403,Card,SBI,3,0,1,0,GATEWAY_ERROR,issuer_unavailable,timeout,1
702,UPI,SBI,22,2,1,1,BAD_REQUEST_ERROR,otp_timeout,dropoff,1
1582,UPI,Kotak Mahindra,12,1,0,1,BAD_REQUEST_ERROR,invalid_expiry,invalid,0
1284,Netbanking,IDFC First,19,6,0,0,GATEWAY_ERROR,issuer_risk_block,risk,0
6427,Card,SBI,10,2,1,0,BAD_REQUEST_ERROR,otp_timeout,dropoff,0
12073,UPI,Kotak Mahindra,0,4,0,0,BAD_REQUEST_ERROR,invalid_cvv,invalid,1
4691,Card,Yes Bank,5,6,1,0,BAD_REQUEST_ERROR,user_cancelled,dropoff,0
1316,Wallet,Kotak Mahindra,8,2,0,0,BAD_REQUEST_ERROR,otp_timeout,dropoff,0
2195,Wallet,Yes Bank,13,3,0,0,GATEWAY_ERROR,issuer_unavailable,timeout,1
3280,UPI,ICICI Bank,10,5,0,1,BAD_REQUEST_ERROR,otp_timeout,dropoff,1
10786,Card,Yes Bank,19,2,0,0,GATEWAY_ERROR,internal_error,timeout,1
1152,Card,Yes Bank,19,3,0,1,GATEWAY_ERROR,issuer_unavailable,timeout,1
3488,Card,Axis Bank,7,6,0,1,GATEWAY_ERROR,internal_error,timeout,1
1720,Card,Axis Bank,4,5,2,0,GATEWAY_ERROR,issuer_unavailable,timeout,0
1964,Card,IDFC First,1,4,1,0,BAD_REQUEST_ERROR,invalid_cvv,invalid,0
1789,Card,SBI,20,0,0,1,GATEWAY_ERROR,internal_error,timeout,1
1984,UPI,IDFC First,10,2,1,0,GATEWAY_ERROR,issuer_risk_block,risk,0
2299,UPI,SBI,16,3,0,0,GATEWAY_ERROR,internal_error,timeout,1
1484,Card,SBI,20,0,0,0,GATEWAY_ERROR,internal_error,timeout,0
159,Card,ICICI Bank,17,5,1,1,BAD_REQUEST_ERROR,invalid_expiry,invalid,0
1447,Wallet,IDFC First,17,6,2,0,BAD_REQUEST_ERROR,issuer_general_decline,decline,0
6183,Netbanking,IDFC First,14,3,0,0,BAD_REQUEST_ERROR,user_cancelled,dropoff,0
9490,UPI,SBI,2,0,0,1,BAD_REQUEST_ERROR,invalid_cvv,invalid,0
620,Wallet,Yes Bank,9,5,0,0,BAD_REQUEST_ERROR,invalid_expiry,invalid,1
10253,Card,Axis Bank,4,3,1,1,GATEWAY_ERROR,issuer_unavailable,timeout,1
268,UPI,Axis Bank,22,4,0,0,GATEWAY_ERROR,issuer_unavailable,timeout,1
6621,UPI,Yes Bank,22,6,0,0,GATEWAY_ERROR,internal_error,timeout,1
1078,Card,Kotak Mahindra,3,2,0,0,GATEWAY_ERROR,issuer_unavailable,timeout,1
6475,Card,Yes Bank,17,1,0,0,GATEWAY_ERROR,issuer_unavailable,timeout,1
1953,Card,SBI,8,2,1,0,GATEWAY_ERROR,issuer_unavailable,timeout,1
1488,Netbanking,Axis Bank,2,4,0,1,GATEWAY_ERROR,issuer_unavailable,timeout,1
671,Card,IDFC First,18,4,1,0,GATEWAY_ERROR,issuer_unavailable,timeout,0
2610,Card,IDFC First,20,4,0,0,BAD_REQUEST_ERROR,insufficient_funds,funds,1
1552,UPI,ICICI Bank,2,4,1,1,BAD_REQUEST_ERROR,otp_timeout,dropoff,1
1129,UPI,Axis Bank,12,3,0,1,GATEWAY_ERROR,issuer_risk_block,risk,0
594,Card,ICICI Bank,2,6,1,0,GATEWAY_ERROR,internal_error,timeout,1
1238,Wallet,ICICI Bank,10,1,2,0,GATEWAY_ERROR,issuer_unavailable,timeout,1
4404,Card,SBI,17,3,0,0,GATEWAY_ERROR,issuer_unavailable,timeout,1
1507,Card,IDFC First,4,2,0,1,GATEWAY_ERROR,issuer_risk_block,risk,0
442,Netbanking,ICICI Bank,3,3,0,0,BAD_REQUEST_ERROR,invalid_expiry,invalid,0
2793,UPI,Kotak Mahindra,20,2,2,1,GATEWAY_ERROR,internal_error,timeout,1
1359,UPI,ICICI Bank,3,1,1,1,BAD_REQUEST_ERROR,insufficient_funds,funds,1
1103,Card,Kotak Mahindra,22,6,1,1,BAD_REQUEST_ERROR,otp_timeout,dropoff,1
1237,Netbanking,IDFC First,14,5,1,0,BAD_REQUEST_ERROR,invalid_cvv,invalid,1
1486,Card,ICICI Bank,7,2,0,0,GATEWAY_ERROR,internal_error,timeout,1
16244,Netbanking,IDFC First,11,5,2,1,GATEWAY_ERROR,internal_error,timeout,1
525,Netbanking,Axis Bank,0,6,1,1,BAD_REQUEST_ERROR,insufficient_funds,funds,0
1186,Card,HDFC Bank,6,1,0,1,BAD_REQUEST_ERROR,user_cancelled,dropoff,1
1436,UPI,HDFC Bank,2,2,1,1,BAD_REQUEST_ERROR,invalid_cvv,invalid,1
1757,Card,SBI,20,2,1,0,GATEWAY_ERROR,internal_error,timeout,1
501,Card,SBI,16,4,0,0,BAD_REQUEST_ERROR,user_cancelled,dropoff,0
118,UPI,ICICI Bank,16,4,2,0,GATEWAY_ERROR,internal_error,timeout,1
6598,UPI,Kotak Mahindra,3,6,1,0,BAD_REQUEST_ERROR,user_cancelled,dropoff,1
1636,UPI,Kotak Mahindra,10,3,0,0,BAD_REQUEST_ERROR,issuer_general_decline,decline,1
1131,Netbanking,IDFC First,10,0,0,0,BAD_REQUEST_ERROR,otp_timeout,dropoff,0
3974,Card,Axis Bank,21,5,0,0,BAD_REQUEST_ERROR,user_cancelled,dropoff,0
7435,Card,IDFC First,20,5,0,1,BAD_REQUEST_ERROR,invalid_expiry,invalid,0
1551,UPI,Yes Bank,0,1,0,0,GATEWAY_ERROR,internal_error,timeout,0
4968,UPI,Yes Bank,16,0,1,0,GATEWAY_ERROR,issuer_risk_block,risk,0
1471,Netbanking,ICICI Bank,2,3,2,0,BAD_REQUEST_ERROR,invalid_expiry,invalid,0
3462,UPI,Kotak Mahindra,20,3,0,1,BAD_REQUEST_ERROR,invalid_cvv,invalid,1
1650,UPI,ICICI Bank,17,0,0,0,GATEWAY_ERROR,internal_error,decline,1
1596,UPI,Yes Bank,7,0,0,1,GATEWAY_ERROR,issuer_unavailable,timeout,1
4813,UPI,Axis Bank,2,2,0,1,BAD_REQUEST_ERROR,insufficient_funds,dropoff,1
883,Card,Kotak Mahindra,14,4,0,0,GATEWAY_ERROR,internal_error,timeout,1
1730,Netbanking,ICICI Bank,7,3,0,0,BAD_REQUEST_ERROR,invalid_cvv,invalid,0
1215,Card,Kotak Mahindra,23,4,1,0,BAD_REQUEST_ERROR,user_cancelled,dropoff,0
605,Netbanking,IDFC First,16,6,0,0,GATEWAY_ERROR,issuer_risk_block,risk,0
1854,Netbanking,SBI,2,4,1,0,BAD_REQUEST_ERROR,invalid_cvv,invalid,1
2244,Netbanking,ICICI Bank,21,1,1,1,BAD_REQUEST_ERROR,issuer_general_decline,decline,1
3242,UPI,IDFC First,8,1,2,0,GATEWAY_ERROR,internal_error,timeout,1
2114,Netbanking,Axis Bank,15,0,0,1,GATEWAY_ERROR,issuer_unavailable,timeout,1
2747,Wallet,SBI,22,3,0,0,BAD_REQUEST_ERROR,user_cancelled,dropoff,1
2922,UPI,Yes Bank,23,6,2,0,BAD_REQUEST_ERROR,issuer_general_decline,decline,0
7037,UPI,HDFC Bank,12,5,2,1,BAD_REQUEST_ERROR,user_cancelled,dropoff,1
206,Netbanking,HDFC Bank,6,2,2,0,BAD_REQUEST_ERROR,user_cancelled,dropoff,0
4508,UPI,Axis Bank,7,4,0,0,GATEWAY_ERROR,internal_error,timeout,1
856,Card,ICICI Bank,10,2,0,0,BAD_REQUEST_ERROR,insufficient_funds,funds,0
3209,UPI,IDFC First,10,5,2,0,BAD_REQUEST_ERROR,invalid_cvv,invalid,1
1125,UPI,Yes Bank,3,3,1,0,GATEWAY_ERROR,internal_error,timeout,0
1410,Netbanking,ICICI Bank,12,4,2,0,BAD_REQUEST_ERROR,insufficient_funds,risk,0
1221,Card,Yes Bank,9,2,2,1,BAD_REQUEST_ERROR,issuer_general_decline,decline,0
1360,Card,Axis Bank,2,4,0,0,BAD_REQUEST_ERROR,issuer_general_decline,decline,0
1074,Card,Kotak Mahindra,19,4,0,0,BAD_REQUEST_ERROR,otp_timeout,dropoff,1
379,Card,Kotak Mahindra,12,4,0,0,BAD_REQUEST_ERROR,otp_timeout,dropoff,1
1170,Netbanking,Kotak Mahindra,23,0,1,1,BAD_REQUEST_ERROR,insufficient_funds,funds,0
1255,UPI,Axis Bank,12,5,1,0,BAD_REQUEST_ERROR,issuer_general_decline,decline,1
430,Netbanking,ICICI Bank,3,3,0,0,BAD_REQUEST_ERROR,issuer_general_decline,decline,0
2650,UPI,ICICI Bank,4,0,0,0,BAD_REQUEST_ERROR,user_cancelled,dropoff,1
1134,UPI,Axis Bank,23,1,1,0,BAD_REQUEST_ERROR,invalid_cvv,invalid,1
133,Card,Kotak Mahindra,7,5,1,0,BAD_REQUEST_ERROR,otp_timeout,dropoff,0
1039,Card,HDFC Bank,23,5,0,0,GATEWAY_ERROR,issuer_unavailable,timeout,0
2219,UPI,Axis Bank,6,6,1,0,BAD_REQUEST_ERROR,user_cancelled,dropoff,1
1619,UPI,Yes Bank,21,6,1,1,BAD_REQUEST_ERROR,invalid_expiry,invalid,1
1106,UPI,Kotak Mahindra,22,1,2,1,BAD_REQUEST_ERROR,insufficient_funds,funds,0
2131,Card,Yes Bank,1,5,0,1,GATEWAY_ERROR,issuer_risk_block,risk,0
7211,Wallet,Yes Bank,20,3,1,1,GATEWAY_ERROR,issuer_unavailable,timeout,1
1017,Card,ICICI Bank,17,2,0,1,BAD_REQUEST_ERROR,user_cancelled,dropoff,1
543,Card,Kotak Mahindra,2,6,1,0,BAD_REQUEST_ERROR,insufficient_funds,funds,0
1116,Netbanking,Yes Bank,8,1,0,0,BAD_REQUEST_ERROR,user_cancelled,dropoff,1
1017,UPI,Axis Bank,22,6,0,0,BAD_REQUEST_ERROR,insufficient_funds,funds,0
1031,Netbanking,SBI,21,4,1,0,GATEWAY_ERROR,internal_error,timeout,1
6727,UPI,SBI,22,4,0,0,BAD_REQUEST_ERROR,invalid_cvv,invalid,1
2022,UPI,SBI,14,0,2,0,BAD_REQUEST_ERROR,otp_timeout,dropoff,0
2793,UPI,HDFC Bank,1,1,0,0,GATEWAY_ERROR,issuer_risk_block,risk,0
1709,UPI,SBI,5,1,0,0,BAD_REQUEST_ERROR,invalid_cvv,invalid,0
1870,Card,Axis Bank,14,3,0,0,BAD_REQUEST_ERROR,invalid_expiry,invalid,1
6059,UPI,Yes Bank,3,2,0,0,GATEWAY_ERROR,issuer_unavailable,timeout,1
968,Card,Kotak Mahindra,6,1,1,0,BAD_REQUEST_ERROR,invalid_cvv,invalid,1
14776,Card,SBI,17,0,1,1,BAD_REQUEST_ERROR,insufficient_funds,funds,0
7008,Wallet,ICICI Bank,0,6,0,0,GATEWAY_ERROR,issuer_risk_block,risk,0
4564,Netbanking,Axis Bank,13,3,0,0,BAD_REQUEST_ERROR,issuer_general_decline,decline,0
8697,Card,SBI,22,1,0,1,BAD_REQUEST_ERROR,user_cancelled,dropoff,1
1190,Netbanking,HDFC Bank,23,3,0,0,GATEWAY_ERROR,internal_error,timeout,1
398,UPI,IDFC First,15,3,3,0,BAD_REQUEST_ERROR,invalid_cvv,invalid,0
1127,Card,SBI,17,5,1,0,BAD_REQUEST_ERROR,issuer_general_decline,decline,1
6232,Wallet,ICICI Bank,22,4,3,0,BAD_REQUEST_ERROR,issuer_general_decline,decline,0
875,Wallet,Axis Bank,13,1,0,1,GATEWAY_ERROR,issuer_unavailable,timeout,1
882,UPI,ICICI Bank,8,0,2,0,BAD_REQUEST_ERROR,user_cancelled,dropoff,0
4743,Card,IDFC First,8,4,1,0,GATEWAY_ERROR,issuer_risk_block,risk,0
6958,Netbanking,HDFC Bank,6,3,1,1,BAD_REQUEST_ERROR,invalid_expiry,invalid,0
571,Netbanking,ICICI Bank,1,6,0,1,BAD_REQUEST_ERROR,invalid_cvv,invalid,0
898,UPI,ICICI Bank,7,6,1,1,BAD_REQUEST_ERROR,user_cancelled,dropoff,1
831,Card,Yes Bank,18,6,0,0,GATEWAY_ERROR,internal_error,timeout,1
14530,Netbanking,IDFC First,15,1,0,0,BAD_REQUEST_ERROR,user_cancelled,dropoff,1
3966,Card,ICICI Bank,1,3,2,0,BAD_REQUEST_ERROR,insufficient_funds,funds,1
636,Card,Kotak Mahindra,17,0,0,0,GATEWAY_ERROR,issuer_unavailable,timeout,1
3425,UPI,ICICI Bank,18,0,1,0,BAD_REQUEST_ERROR,invalid_expiry,invalid,1
2411,UPI,HDFC Bank,15,2,0,0,BAD_REQUEST_ERROR,user_cancelled,dropoff,1
4149,Netbanking,Axis Bank,6,1,0,0,BAD_REQUEST_ERROR,otp_timeout,dropoff,1
7438,Card,HDFC Bank,20,5,3,1,BAD_REQUEST_ERROR,otp_timeout,dropoff,1
6132,UPI,Axis Bank,17,2,0,1,GATEWAY_ERROR,internal_error,timeout,1
100,UPI,SBI,18,3,0,1,BAD_REQUEST_ERROR,otp_timeout,dropoff,1
714,Card,ICICI Bank,3,1,0,1,BAD_REQUEST_ERROR,invalid_cvv,invalid,0
4305,UPI,Yes Bank,11,4,0,1,BAD_REQUEST_ERROR,invalid_expiry,invalid,1
9539,UPI,SBI,12,0,0,0,GATEWAY_ERROR,issuer_unavailable,invalid,1
3749,Card,Kotak Mahindra,6,4,0,0,BAD_REQUEST_ERROR,user_cancelled,dropoff,1
1721,Wallet,Axis Bank,2,0,0,0,GATEWAY_ERROR,issuer_risk_block,risk,0
2620,Card,ICICI Bank,9,0,1,1,BAD_REQUEST_ERROR,issuer_general_decline,decline,0
139,Card,IDFC First,0,4,0,0,GATEWAY_ERROR,issuer_risk_block,risk,0
5532,UPI,Kotak Mahindra,0,1,1,1,BAD_REQUEST_ERROR,user_cancelled,dropoff,1
181,UPI,Yes Bank,20,2,1,1,BAD_REQUEST_ERROR,issuer_general_decline,decline,1
1026,Card,Axis Bank,15,3,1,0,GATEWAY_ERROR,issuer_risk_block,risk,0
1762,UPI,Yes Bank,0,0,1,0,BAD_REQUEST_ERROR,invalid_cvv,invalid,1
1086,UPI,ICICI Bank,15,5,2,1,BAD_REQUEST_ERROR,insufficient_funds,funds,0
2907,Card,HDFC Bank,9,5,0,0,GATEWAY_ERROR,issuer_unavailable,timeout,1
1713,Wallet,Yes Bank,10,3,1,1,BAD_REQUEST_ERROR,user_cancelled,dropoff,1
2224,UPI,HDFC Bank,3,4,0,0,BAD_REQUEST_ERROR,invalid_cvv,invalid,0
15238,UPI,Yes Bank,8,6,2,0,BAD_REQUEST_ERROR,user_cancelled,dropoff,1
2594,UPI,Kotak Mahindra,15,6,0,1,BAD_REQUEST_ERROR,otp_timeout,dropoff,0
259,Wallet,ICICI Bank,15,4,0,0,BAD_REQUEST_ERROR,user_cancelled,dropoff,1
4405,UPI,HDFC Bank,13,1,0,0,GATEWAY_ERROR,internal_error,timeout,1
5985,Card,Kotak Mahindra,23,2,0,0,BAD_REQUEST_ERROR,otp_timeout,dropoff,1
434,UPI,IDFC First,13,6,0,1,GATEWAY_ERROR,internal_error,timeout,1
7931,UPI,Yes Bank,9,1,0,0,BAD_REQUEST_ERROR,invalid_cvv,invalid,1
1413,Card,Axis Bank,14,3,1,1,BAD_REQUEST_ERROR,user_cancelled,dropoff,0
9444,Netbanking,Axis Bank,16,5,1,0,BAD_REQUEST_ERROR,insufficient_funds,funds,0
4100,UPI,Yes Bank,6,2,1,0,GATEWAY_ERROR,issuer_unavailable,timeout,1
8675,Card,ICICI Bank,19,0,0,0,BAD_REQUEST_ERROR,insufficient_funds,funds,0
807,Card,SBI,0,4,0,1,BAD_REQUEST_ERROR,invalid_expiry,invalid,0
3133,Card,ICICI Bank,14,6,0,1,BAD_REQUEST_ERROR,invalid_cvv,invalid,1
1370,Netbanking,Yes Bank,20,2,0,0,GATEWAY_ERROR,internal_error,timeout,0
838,UPI,HDFC Bank,16,1,0,0,BAD_REQUEST_ERROR,invalid_cvv,decline,1
854,UPI,Kotak Mahindra,0,1,0,0,BAD_REQUEST_ERROR,user_cancelled,dropoff,1
3732,UPI,SBI,4,2,0,0,BAD_REQUEST_ERROR,invalid_cvv,invalid,1
7649,Card,Axis Bank,3,2,1,1,BAD_REQUEST_ERROR,user_cancelled,dropoff,0
4262,Card,HDFC Bank,6,1,0,0,BAD_REQUEST_ERROR,insufficient_funds,funds,0
170,Card,Axis Bank,23,6,0,1,BAD_REQUEST_ERROR,otp_timeout,dropoff,1
2119,Card,SBI,20,3,1,0,BAD_REQUEST_ERROR,invalid_cvv,invalid,0
5427,UPI,Yes Bank,21,3,0,1,GATEWAY_ERROR,internal_error,risk,0
4660,UPI,Kotak Mahindra,4,4,0,1,BAD_REQUEST_ERROR,user_cancelled,dropoff,1
857,Card,HDFC Bank,4,4,0,0,BAD_REQUEST_ERROR,invalid_cvv,invalid,1
4727,UPI,HDFC Bank,13,2,0,1,BAD_REQUEST_ERROR,invalid_expiry,risk,0
1370,UPI,ICICI Bank,1,6,1,0,GATEWAY_ERROR,internal_error,timeout,0
11025,Card,IDFC First,10,6,0,0,BAD_REQUEST_ERROR,insufficient_funds,funds,1
993,UPI,SBI,19,1,1,0,BAD_REQUEST_ERROR,insufficient_funds,funds,0
1052,Card,Axis Bank,23,0,0,0,BAD_REQUEST_ERROR,issuer_general_decline,decline,1
3705,Netbanking,Axis Bank,6,3,0,1,BAD_REQUEST_ERROR,issuer_general_decline,decline,0
1386,UPI,IDFC First,12,0,0,0,GATEWAY_ERROR,internal_error,timeout,1
4152,UPI,SBI,14,5,0,0,GATEWAY_ERROR,issuer_risk_block,risk,0
1207,Netbanking,SBI,19,6,0,1,BAD_REQUEST_ERROR,user_cancelled,invalid,1
2076,UPI,Yes Bank,0,4,1,1,BAD_REQUEST_ERROR,insufficient_funds,funds,1
1010,Card,HDFC Bank,19,5,0,0,BAD_REQUEST_ERROR,otp_timeout,timeout,1
2022,UPI,IDFC First,14,2,1,0,BAD_REQUEST_ERROR,otp_timeout,timeout,1
4691,Netbanking,Yes Bank,22,4,0,0,GATEWAY_ERROR,issuer_risk_block,risk,0
2000,Card,Yes Bank,5,5,2,1,BAD_REQUEST_ERROR,insufficient_funds,funds,0
2922,UPI,IDFC First,1,1,0,0,BAD_REQUEST_ERROR,issuer_general_decline,decline,0
1340,Card,Kotak Mahindra,20,5,0,0,BAD_REQUEST_ERROR,user_cancelled,dropoff,1
1286,Netbanking,Yes Bank,8,1,0,0,BAD_REQUEST_ERROR,issuer_general_decline,decline,1
5336,UPI,Yes Bank,10,1,1,0,BAD_REQUEST_ERROR,user_cancelled,decline,1
3134,UPI,HDFC Bank,3,2,1,1,GATEWAY_ERROR,issuer_unavailable,timeout,1
6023,UPI,Kotak Mahindra,15,0,0,0,GATEWAY_ERROR,issuer_unavailable,timeout,1
2539,UPI,HDFC Bank,22,4,1,1,GATEWAY_ERROR,issuer_unavailable,timeout,1
2287,Card,Kotak Mahindra,2,1,0,0,GATEWAY_ERROR,issuer_risk_block,risk,0
1731,Netbanking,SBI,17,6,1,1,BAD_REQUEST_ERROR,issuer_general_decline,decline,0
3461,UPI,Axis Bank,23,4,1,0,GATEWAY_ERROR,issuer_risk_block,risk,0
5412,UPI,IDFC First,6,0,0,0,GATEWAY_ERROR,issuer_unavailable,timeout,1
117,Wallet,ICICI Bank,11,5,0,1,BAD_REQUEST_ERROR,insufficient_funds,funds,1
4028,Card,Yes Bank,5,0,1,0,BAD_REQUEST_ERROR,otp_timeout,dropoff,0
3094,Wallet,Yes Bank,1,3,2,1,GATEWAY_ERROR,internal_error,timeout,1
432,UPI,HDFC Bank,23,0,2,1,GATEWAY_ERROR,issuer_risk_block,risk,0
1464,UPI,HDFC Bank,16,5,2,0,GATEWAY_ERROR,issuer_risk_block,risk,0
1868,Card,Yes Bank,21,0,1,0,BAD_REQUEST_ERROR,invalid_expiry,invalid,0
5971,Card,IDFC First,11,3,2,0,BAD_REQUEST_ERROR,invalid_expiry,invalid,0
15107,Card,IDFC First,17,6,0,0,GATEWAY_ERROR,issuer_unavailable,timeout,1
4167,Wallet,SBI,19,5,0,0,BAD_REQUEST_ERROR,invalid_expiry,invalid,0
7857,UPI,SBI,7,2,0,0,BAD_REQUEST_ERROR,insufficient_funds,funds,1
23710,Netbanking,ICICI Bank,11,1,1,0,GATEWAY_ERROR,internal_error,timeout,0
1031,Card,SBI,10,0,0,0,BAD_REQUEST_ERROR,invalid_expiry,invalid,1
2163,Netbanking,IDFC First,9,4,0,0,BAD_REQUEST_ERROR,issuer_general_decline,decline,0
511,Card,Axis Bank,20,5,1,1,GATEWAY_ERROR,issuer_risk_block,risk,0
818,UPI,IDFC First,5,5,3,0,BAD_REQUEST_ERROR,invalid_cvv,invalid,0
1193,UPI,Axis Bank,6,4,1,1,BAD_REQUEST_ERROR,insufficient_funds,funds,0
773,UPI,Axis Bank,16,1,0,0,BAD_REQUEST_ERROR,invalid_cvv,invalid,0
2036,Card,Axis Bank,6,2,0,0,BAD_REQUEST_ERROR,invalid_expiry,invalid,1
1112,UPI,SBI,2,0,0,0,GATEWAY_ERROR,issuer_risk_block,risk,0
2384,Card,Axis Bank,15,0,0,1,BAD_REQUEST_ERROR,otp_timeout,dropoff,1
1802,UPI,ICICI Bank,11,2,0,0,BAD_REQUEST_ERROR,issuer_general_decline,decline,0
3627,UPI,ICICI Bank,4,3,1,1,BAD_REQUEST_ERROR,user_cancelled,dropoff,1
1893,Card,Yes Bank,10,4,3,0,BAD_REQUEST_ERROR,otp_timeout,dropoff,1
1424,Card,Axis Bank,14,4,1,0,BAD_REQUEST_ERROR,user_cancelled,funds,1
4169,Card,HDFC Bank,20,2,2,0,BAD_REQUEST_ERROR,insufficient_funds,funds,0
3147,UPI,Kotak Mahindra,21,5,1,0,BAD_REQUEST_ERROR,user_cancelled,dropoff,0
370,UPI,IDFC First,3,1,1,1,GATEWAY_ERROR,issuer_risk_block,risk,0
1021,UPI,Kotak Mahindra,8,1,0,1,GATEWAY_ERROR,internal_error,timeout,1
1810,Wallet,Yes Bank,16,0,0,0,BAD_REQUEST_ERROR,invalid_expiry,invalid,0
222,Card,Yes Bank,20,2,0,1,BAD_REQUEST_ERROR,issuer_general_decline,dropoff,1
2343,Card,ICICI Bank,16,2,3,0,BAD_REQUEST_ERROR,invalid_cvv,invalid,0
1381,UPI,IDFC First,20,1,0,0,BAD_REQUEST_ERROR,issuer_general_decline,decline,0
2721,Card,Yes Bank,2,0,0,0,BAD_REQUEST_ERROR,user_cancelled,dropoff,1
4477,Card,SBI,14,3,0,0,GATEWAY_ERROR,issuer_risk_block,risk,0
3119,UPI,SBI,21,3,0,0,BAD_REQUEST_ERROR,issuer_general_decline,decline,0
1167,UPI,IDFC First,4,1,1,1,BAD_REQUEST_ERROR,insufficient_funds,funds,0
15124,UPI,IDFC First,0,4,0,0,BAD_REQUEST_ERROR,invalid_cvv,invalid,1
1966,Wallet,Axis Bank,4,5,1,1,GATEWAY_ERROR,issuer_risk_block,risk,0
6188,UPI,ICICI Bank,13,4,2,0,BAD_REQUEST_ERROR,invalid_expiry,invalid,1
1570,Wallet,SBI,11,5,3,0,GATEWAY_ERROR,issuer_risk_block,risk,0
2187,Wallet,ICICI Bank,19,5,3,1,BAD_REQUEST_ERROR,issuer_general_decline,decline,0
264,UPI,Kotak Mahindra,22,0,0,0,BAD_REQUEST_ERROR,otp_timeout,decline,0
1628,Card,HDFC Bank,23,2,0,0,BAD_REQUEST_ERROR,invalid_expiry,invalid,1
6310,UPI,ICICI Bank,9,6,0,1,GATEWAY_ERROR,internal_error,timeout,1
4563,UPI,SBI,6,0,1,0,GATEWAY_ERROR,internal_error,timeout,1
1107,UPI,HDFC Bank,20,0,0,0,BAD_REQUEST_ERROR,user_cancelled,dropoff,1
1585,Card,ICICI Bank,17,4,0,0,BAD_REQUEST_ERROR,user_cancelled,dropoff,0
2791,UPI,IDFC First,23,0,1,0,GATEWAY_ERROR,internal_error,timeout,1
3807,Netbanking,ICICI Bank,6,3,0,0,BAD_REQUEST_ERROR,invalid_cvv,invalid,1
226,Netbanking,Yes Bank,7,0,1,1,BAD_REQUEST_ERROR,otp_timeout,dropoff,1
1796,Card,Kotak Mahindra,23,3,2,0,BAD_REQUEST_ERROR,issuer_general_decline,decline,0
16000,UPI,Kotak Mahindra,9,3,0,1,BAD_REQUEST_ERROR,issuer_general_decline,decline,1
3288,UPI,Axis Bank,14,0,1,0,GATEWAY_ERROR,internal_error,timeout,0
4742,Card,ICICI Bank,13,3,2,0,BAD_REQUEST_ERROR,issuer_general_decline,decline,1
554,UPI,HDFC Bank,12,4,0,0,BAD_REQUEST_ERROR,issuer_general_decline,decline,0
2685,UPI,Kotak Mahindra,14,1,0,0,BAD_REQUEST_ERROR,user_cancelled,dropoff,1
2843,UPI,Kotak Mahindra,11,6,0,1,GATEWAY_ERROR,issuer_risk_block,risk,0
14236,Wallet,IDFC First,12,4,1,0,BAD_REQUEST_ERROR,user_cancelled,dropoff,0
2059,UPI,HDFC Bank,5,1,0,0,BAD_REQUEST_ERROR,invalid_cvv,invalid,0
1740,UPI,SBI,17,0,2,0,GATEWAY_ERROR,internal_error,timeout,1
23372,Card,Kotak Mahindra,9,1,1,0,BAD_REQUEST_ERROR,user_cancelled,dropoff,0
4766,UPI,Kotak Mahindra,4,4,0,0,BAD_REQUEST_ERROR,otp_timeout,dropoff,0
3037,UPI,IDFC First,9,6,0,0,BAD_REQUEST_ERROR,invalid_expiry,invalid,1
860,Card,IDFC First,16,5,0,0,GATEWAY_ERROR,issuer_risk_block,risk,0
874,UPI,HDFC Bank,1,2,1,0,GATEWAY_ERROR,issuer_risk_block,risk,0
8698,UPI,Axis Bank,7,1,0,1,BAD_REQUEST_ERROR,invalid_cvv,invalid,1
1060,Netbanking,Kotak Mahindra,13,2,0,1,BAD_REQUEST_ERROR,invalid_cvv,invalid,1
2602,UPI,ICICI Bank,1,0,1,1,BAD_REQUEST_ERROR,issuer_general_decline,decline,0
1136,Netbanking,IDFC First,11,1,0,0,BAD_REQUEST_ERROR,otp_timeout,dropoff,1
1246,Card,ICICI Bank,19,0,1,0,BAD_REQUEST_ERROR,insufficient_funds,funds,0
3273,Card,HDFC Bank,20,1,0,0,BAD_REQUEST_ERROR,invalid_cvv,invalid,1
2926,Wallet,ICICI Bank,17,2,0,1,GATEWAY_ERROR,issuer_unavailable,timeout,1
1497,Card,Kotak Mahindra,12,4,0,1,BAD_REQUEST_ERROR,user_cancelled,dropoff,1
1336,UPI,SBI,1,1,1,1,GATEWAY_ERROR,issuer_unavailable,timeout,1
872,Wallet,SBI,13,5,1,0,GATEWAY_ERROR,issuer_risk_block,risk,0
329,UPI,SBI,22,5,0,0,BAD_REQUEST_ERROR,invalid_expiry,invalid,1
790,UPI,SBI,10,5,1,1,GATEWAY_ERROR,issuer_unavailable,timeout,1
2383,UPI,IDFC First,4,2,1,0,BAD_REQUEST_ERROR,invalid_expiry,dropoff,1
4792,Wallet,ICICI Bank,15,4,0,0,GATEWAY_ERROR,internal_error,timeout,1
2023,UPI,IDFC First,14,3,1,1,BAD_REQUEST_ERROR,otp_timeout,dropoff,1
2230,Card,IDFC First,19,0,1,0,BAD_REQUEST_ERROR,issuer_general_decline,decline,1
1324,UPI,Axis Bank,11,0,0,0,GATEWAY_ERROR,issuer_risk_block,risk,0
3532,UPI,Kotak Mahindra,3,3,0,1,BAD_REQUEST_ERROR,invalid_expiry,invalid,0
3897,Netbanking,SBI,4,0,1,1,BAD_REQUEST_ERROR,otp_timeout,dropoff,1
552,UPI,HDFC Bank,1,0,1,0,BAD_REQUEST_ERROR,insufficient_funds,funds,1
1193,Wallet,Axis Bank,19,5,2,1,BAD_REQUEST_ERROR,issuer_general_decline,decline,0
3454,UPI,Axis Bank,16,4,2,0,BAD_REQUEST_ERROR,otp_timeout,dropoff,1
2777,Wallet,SBI,18,5,1,0,BAD_REQUEST_ERROR,invalid_expiry,invalid,0
8782,UPI,Kotak Mahindra,6,6,0,0,BAD_REQUEST_ERROR,issuer_general_decline,decline,1
2179,UPI,IDFC First,17,3,0,0,BAD_REQUEST_ERROR,invalid_cvv,invalid,0
1714,UPI,Kotak Mahindra,9,3,0,1,BAD_REQUEST_ERROR,invalid_expiry,timeout,1
707,Card,HDFC Bank,11,4,0,0,BAD_REQUEST_ERROR,invalid_expiry,invalid,1
17484,Wallet,IDFC First,1,6,0,0,GATEWAY_ERROR,issuer_unavailable,timeout,1
1287,UPI,Axis Bank,19,2,0,1,BAD_REQUEST_ERROR,insufficient_funds,funds,0
955,UPI,Yes Bank,2,1,0,1,BAD_REQUEST_ERROR,issuer_general_decline,decline,0
1981,Card,IDFC First,14,2,1,0,BAD_REQUEST_ERROR,user_cancelled,risk,0
2053,UPI,Axis Bank,6,3,0,0,GATEWAY_ERROR,issuer_risk_block,risk,0
616,UPI,ICICI Bank,5,2,2,0,GATEWAY_ERROR,internal_error,timeout,1
4468,UPI,Kotak Mahindra,2,3,0,0,BAD_REQUEST_ERROR,insufficient_funds,risk,0
2380,Netbanking,HDFC Bank,19,0,0,1,BAD_REQUEST_ERROR,invalid_cvv,invalid,1
8731,UPI,ICICI Bank,6,0,1,0,BAD_REQUEST_ERROR,issuer_general_decline,decline,1
6423,UPI,IDFC First,20,3,1,0,BAD_REQUEST_ERROR,otp_timeout,dropoff,0
1813,Card,Axis Bank,1,5,0,0,GATEWAY_ERROR,internal_error,timeout,1
1750,UPI,Axis Bank,15,4,0,1,BAD_REQUEST_ERROR,otp_timeout,dropoff,0
1922,Netbanking,Kotak Mahindra,0,0,0,0,BAD_REQUEST_ERROR,user_cancelled,dropoff,0
11285,UPI,Yes Bank,0,2,0,0,GATEWAY_ERROR,internal_error,timeout,1
